{
"type": "FeatureCollection",
"name": "Provincias",
"crs": { "type": "name", "properties": { "name": "urn:ogc:def:crs:OGC:1.3:CRS84" } },
"features": [
{ "type": "Feature", "properties": { "id": 22, "Nombre": "Moesia Superior" }, "geometry": { "type": "MultiPolygon", "coordinates": [ [ [ [ 28.884542320953379, 45.366738565750182 ], [ 29.138695773948701, 45.315304339924232 ], [ 29.670697735826703, 45.28252600298876 ], [ 29.747809887918738, 45.291802054140852 ], [ 29.749305541470502, 45.284772482447551 ], [ 29.731939315795898, 45.226238250732422 ], [ 29.708606719970703, 45.213325500488281 ], [ 29.668188095092773, 45.210128784179688 ], [ 29.664331436157227, 45.211803436279297 ], [ 29.627365112304688, 45.214366912841797 ], [ 29.641105651855469, 45.173881530761719 ], [ 29.660274505615234, 45.112762451171875 ], [ 29.641380310058594, 44.98193359375 ], [ 29.608325958251953, 44.845409393310547 ], [ 29.5494384765625, 44.820266723632812 ], [ 29.450828552246094, 44.808883666992188 ], [ 29.389995574951172, 44.802215576171875 ], [ 29.34417724609375, 44.799720764160156 ], [ 29.250831604003906, 44.795829772949219 ], [ 29.214160919189453, 44.793052673339844 ], [ 29.067493438720703, 44.822761535644531 ], [ 29.049716949462891, 44.847347259521484 ], [ 29.042909622192383, 44.924152374267578 ], [ 29.067497253417969, 44.947479248046875 ], [ 29.103397369384766, 44.963287353515625 ], [ 29.044437408447266, 45.003189086914062 ], [ 28.983810424804688, 45.005756378173828 ], [ 28.899997711181641, 44.966659545898438 ], [ 28.869194030761719, 44.940509796142578 ], [ 28.864645004272461, 44.878807067871094 ], [ 28.893743515014648, 44.863189697265625 ], [ 28.947355270385742, 44.826656341552734 ], [ 28.92694091796875, 44.778327941894531 ], [ 28.901662826538086, 44.755409240722656 ], [ 28.865964889526367, 44.749019622802734 ], [ 28.795827865600586, 44.716381072998047 ], [ 28.782079696655273, 44.6956787109375 ], [ 28.780828475952148, 44.660961151123047 ], [ 28.789928436279297, 44.642387390136719 ], [ 28.799715042114258, 44.64019775390625 ], [ 28.849302291870117, 44.648319244384766 ], [ 28.906591415405273, 44.686305999755859 ], [ 28.910400390625, 44.692337036132812 ], [ 28.90186882019043, 44.706512451171875 ], [ 28.930027008056641, 44.701225280761719 ], [ 28.956661224365234, 44.698459625244141 ], [ 28.990861892700195, 44.685646057128906 ], [ 28.970964431762695, 44.644016265869141 ], [ 28.94849967956543, 44.630851745605469 ], [ 28.975444793701172, 44.672176361083984 ], [ 28.957355499267578, 44.689846038818359 ], [ 28.819671630859375, 44.616950988769531 ], [ 28.796518325805664, 44.630844116210938 ], [ 28.763050079345703, 44.625583648681641 ], [ 28.757499694824219, 44.519721984863281 ], [ 28.808134078979492, 44.531436920166016 ], [ 28.927772521972656, 44.61749267578125 ], [ 28.913051605224609, 44.588050842285156 ], [ 28.876804351806641, 44.535686492919922 ], [ 28.84527587890625, 44.497207641601562 ], [ 28.828329086303711, 44.479579925537109 ], [ 28.801162719726562, 44.461452484130859 ], [ 28.751800537109375, 44.426109313964844 ], [ 28.644298553466797, 44.32769775390625 ], [ 28.629579544067383, 44.296520233154297 ], [ 28.628883361816406, 44.271934509277344 ], [ 28.632770538330078, 44.157493591308594 ], [ 28.660274505615234, 43.975547790527344 ], [ 28.647220611572266, 43.954429626464844 ], [ 28.613605499267578, 43.88165283203125 ], [ 28.594993591308594, 43.831657409667969 ], [ 28.585277557373047, 43.800819396972656 ], [ 28.579437255859375, 43.761375427246094 ], [ 28.583244323730469, 43.747764587402344 ], [ 28.576381683349609, 43.733047485351562 ], [ 28.569999694824219, 43.689712524414062 ], [ 28.577564239501953, 43.591655731201172 ], [ 28.600412368774414, 43.561866760253906 ], [ 28.605134963989258, 43.533950805664062 ], [ 28.592494964599609, 43.503322601318359 ], [ 28.557632446289062, 43.453319549560547 ], [ 28.541660308837891, 43.437774658203125 ], [ 28.525554656982422, 43.425819396972656 ], [ 28.479442596435547, 43.393325805664062 ], [ 28.453330993652344, 43.385276794433594 ], [ 28.431388854980469, 43.389434814453125 ], [ 28.408466339111328, 43.398464202880859 ], [ 28.382495880126953, 43.412765502929688 ], [ 28.335966110229492, 43.421653747558594 ], [ 28.299720764160156, 43.421653747558594 ], [ 28.150411605834961, 43.404441833496094 ], [ 28.127220153808594, 43.394985198974609 ], [ 28.084854125976562, 43.357070922851562 ], [ 28.071662902832031, 43.322776794433594 ], [ 28.05333137512207, 43.28082275390625 ], [ 28.015830993652344, 43.225822448730469 ], [ 27.944999694824219, 43.167213439941406 ], [ 27.887355804443359, 43.036937713623047 ], [ 27.886386871337891, 43.014152526855469 ], [ 27.896381378173828, 42.92498779296875 ], [ 27.90388298034668, 42.891109466552734 ], [ 27.901664733886719, 42.855552673339844 ], [ 27.879165649414062, 42.841102600097656 ], [ 27.898120880126953, 42.784019470214844 ], [ 27.894094467163086, 42.703052520751953 ], [ 27.805549621582031, 42.708053588867188 ], [ 27.771940231323242, 42.713607788085938 ], [ 27.732912063598633, 42.711105346679688 ], [ 27.632499694824219, 42.63165283203125 ], [ 27.564072963387524, 42.587030755752146 ], [ 27.539307619020853, 42.654809592966181 ], [ 27.501983022246677, 42.720127637320992 ], [ 27.466213617004755, 42.813439129256437 ], [ 27.424223445633803, 42.940187239135419 ], [ 27.358905401278992, 42.952628771393478 ], [ 27.299808123053207, 42.979067027441857 ], [ 27.256262760150001, 42.979067027441857 ], [ 26.907511059041269, 42.947963196796707 ], [ 26.640018115492989, 42.924635323812844 ], [ 26.582476028799466, 42.918414557683818 ], [ 25.884972626581998, 42.916859366151556 ], [ 25.757446920936889, 42.926190515345105 ], [ 25.692128876582075, 42.933966473006393 ], [ 25.564603170936966, 42.933966473006393 ], [ 25.535054531824073, 42.888865918570922 ], [ 25.307607770231424, 42.856206896393516 ], [ 25.158309383134711, 42.823547874216111 ], [ 25.013676570634768, 42.809551150425797 ], [ 24.698750285352638, 42.929300898409622 ], [ 24.526124025272061, 42.951073579861223 ], [ 24.395487936562436, 43.00550528349023 ], [ 24.33172508373988, 43.035053922603126 ], [ 24.000080489485981, 43.092596009296649 ], [ 23.796350398760257, 43.18435230969984 ], [ 23.617892170433706, 43.188240288530473 ], [ 23.440600335756358, 43.211568161514336 ], [ 23.285081182530615, 43.259779099014317 ], [ 23.174662583740336, 43.272220631272376 ], [ 23.260975713780631, 43.380306442764258 ], [ 23.335624907328988, 43.635357854054483 ], [ 23.422715633135404, 43.762883559699588 ], [ 23.438267548457979, 43.803318539538282 ], [ 23.449542687066845, 43.835977561715687 ], [ 23.787408047449766, 43.802540943772165 ], [ 23.921154519223911, 43.754330006272191 ], [ 24.039349075675478, 43.732557324820583 ], [ 24.151322865998011, 43.704563877239949 ], [ 24.319283551481817, 43.713895026433498 ], [ 24.462361172449501, 43.760550772401217 ], [ 24.602328410352669, 43.769881921594767 ], [ 24.720522966804236, 43.729446941756073 ], [ 24.857379821642891, 43.732557324820583 ], [ 25.071996253094419, 43.726336558691557 ], [ 25.348820345836241, 43.679680812723831 ], [ 25.488787583739413, 43.645466599014171 ], [ 25.606982140190979, 43.645466599014171 ], [ 25.837150486965079, 43.785433836917342 ], [ 25.918020446642466, 43.884966094981813 ], [ 26.051766918416604, 43.984498353046291 ], [ 26.258607392206844, 44.042818035505945 ], [ 26.50432765430352, 44.086363398409155 ], [ 26.743827150271166, 44.123687995183332 ], [ 26.964664347851723, 44.126798378247848 ], [ 27.126404267206496, 44.151681442763966 ], [ 27.219715759141941, 44.136129527441391 ], [ 27.322358400270932, 44.126798378247848 ], [ 27.425001041399923, 44.170343741151058 ], [ 27.512091767206343, 44.21388910405426 ], [ 27.652059005109511, 44.22322025324781 ], [ 27.770253561561077, 44.22322025324781 ], [ 27.801357392206224, 44.22322025324781 ], [ 27.901667246036826, 44.307200595989713 ], [ 28.029192951681935, 44.344525192763889 ], [ 28.08829022990772, 44.444057450828367 ], [ 28.08829022990772, 44.540479325828329 ], [ 28.019861802488393, 44.680446563731493 ], [ 27.948322992004549, 44.733323075828245 ], [ 27.914108778294885, 44.767537289537913 ], [ 27.932771076681973, 44.926166825828169 ], [ 27.948322992004549, 45.047471765344248 ], [ 27.963874907327124, 45.122120958892609 ], [ 28.02686016438355, 45.301745580868335 ], [ 28.107730124060936, 45.382615540545721 ], [ 28.191710466802839, 45.410608988126356 ], [ 28.431209962770485, 45.370174008287663 ], [ 28.652047160351042, 45.298635197803819 ], [ 28.726696353899399, 45.276862516352217 ], [ 28.823118228899361, 45.332849411513486 ], [ 28.884542320953379, 45.366738565750182 ] ] ] ] } },
{ "type": "Feature", "properties": { "id": 24, "Nombre": "Thracia" }, "geometry": { "type": "MultiPolygon", "coordinates": [ [ [ [ 28.013053894042969, 41.982215881347656 ], [ 28.028331756591797, 41.937484741210938 ], [ 28.032493591308594, 41.909156799316406 ], [ 27.987739562988281, 41.890506744384766 ], [ 27.965482711791992, 41.863609313964844 ], [ 27.967634201049805, 41.828468322753906 ], [ 28.076663970947266, 41.647773742675781 ], [ 28.090549468994141, 41.631385803222656 ], [ 28.132217407226562, 41.594161987304688 ], [ 28.197219848632812, 41.537906646728516 ], [ 28.216941833496094, 41.523597717285156 ], [ 28.242774963378906, 41.508880615234375 ], [ 28.260786056518555, 41.5020751953125 ], [ 28.292911529541016, 41.485824584960938 ], [ 28.331943511962891, 41.469436645507812 ], [ 28.458053588867188, 41.41943359375 ], [ 28.792499542236328, 41.297210693359375 ], [ 28.834995269775391, 41.282218933105469 ], [ 28.93804931640625, 41.256103515625 ], [ 29.028884887695312, 41.243877410888672 ], [ 29.048467636108398, 41.255550384521484 ], [ 29.088882446289062, 41.246242523193359 ], [ 29.107391357421875, 41.221553802490234 ], [ 29.071012496948242, 41.174362182617188 ], [ 29.039215087890625, 41.154533386230469 ], [ 29.068393707275391, 41.12310791015625 ], [ 29.055549621582031, 41.082496643066406 ], [ 29.036247253417969, 41.054576873779297 ], [ 28.902492523193359, 40.977775573730469 ], [ 28.827182769775391, 40.955974578857422 ], [ 28.627773284912109, 40.960540771484375 ], [ 28.599163055419922, 40.978267669677734 ], [ 28.598329544067383, 41.006942749023438 ], [ 28.58277702331543, 41.044719696044922 ], [ 28.562217712402344, 41.071727752685547 ], [ 28.527078628540039, 41.079715728759766 ], [ 28.553258895874023, 41.058876037597656 ], [ 28.567775726318359, 41.021240234375 ], [ 28.54188346862793, 40.990894317626953 ], [ 28.51930046081543, 40.990264892578125 ], [ 28.468053817749023, 41.020130157470703 ], [ 28.448053359985352, 41.033744812011719 ], [ 28.423469543457031, 41.043605804443359 ], [ 28.376106262207031, 41.054435729980469 ], [ 28.242774963378906, 41.07916259765625 ], [ 28.213054656982422, 41.080268859863281 ], [ 28.15791130065918, 41.077491760253906 ], [ 28.131942749023438, 41.071662902832031 ], [ 28.117227554321289, 41.065269470214844 ], [ 28.076526641845703, 41.059711456298828 ], [ 27.996942520141602, 41.02777099609375 ], [ 27.979511260986328, 41.001174926757812 ], [ 27.94207763671875, 40.968742370605469 ], [ 27.888053894042969, 40.968040466308594 ], [ 27.855274200439453, 40.976936340332031 ], [ 27.828052520751953, 40.993888854980469 ], [ 27.776523590087891, 41.009990692138672 ], [ 27.731941223144531, 41.012493133544922 ], [ 27.686107635498047, 41.007209777832031 ], [ 27.505342483520508, 40.981307983398438 ], [ 27.485136032104492, 40.964164733886719 ], [ 27.460548400878906, 40.913604736328125 ], [ 27.452495574951172, 40.892486572265625 ], [ 27.445552825927734, 40.85235595703125 ], [ 27.291526794433594, 40.700267791748047 ], [ 27.176662445068359, 40.63165283203125 ], [ 27.137382507324219, 40.617942810058594 ], [ 27.020280838012695, 40.592216491699219 ], [ 26.970550537109375, 40.554710388183594 ], [ 26.878326416015625, 40.53277587890625 ], [ 26.725410461425781, 40.478050231933594 ], [ 26.679925918579102, 40.448257446289062 ], [ 26.684926986694336, 40.427276611328125 ], [ 26.614997863769531, 40.356109619140625 ], [ 26.581661224365234, 40.326381683349609 ], [ 26.550830841064453, 40.306388854980469 ], [ 26.440273284912109, 40.23748779296875 ], [ 26.347499847412109, 40.138328552246094 ], [ 26.321937561035156, 40.108596801757812 ], [ 26.217912673950195, 40.052906036376953 ], [ 26.164405822753906, 40.051971435546875 ], [ 26.243330001831055, 40.171798706054688 ], [ 26.259857177734375, 40.196937561035156 ], [ 26.267637252807617, 40.218467712402344 ], [ 26.267009735107422, 40.259017944335938 ], [ 26.231666564941406, 40.301658630371094 ], [ 26.211593627929688, 40.322147369384766 ], [ 26.241939544677734, 40.34027099609375 ], [ 26.418052673339844, 40.426383972167969 ], [ 26.543155670166016, 40.482986450195312 ], [ 26.604719161987305, 40.507633209228516 ], [ 26.624992370605469, 40.510276794433594 ], [ 26.646663665771484, 40.508323669433594 ], [ 26.682914733886719, 40.509853363037109 ], [ 26.7772216796875, 40.555831909179688 ], [ 26.797496795654297, 40.567771911621094 ], [ 26.825828552246094, 40.591587066650391 ], [ 26.792913436889648, 40.650688171386719 ], [ 26.773744583129883, 40.659992218017578 ], [ 26.763891220092773, 40.659988403320312 ], [ 26.69194221496582, 40.63916015625 ], [ 26.671104431152344, 40.636932373046875 ], [ 26.636943817138672, 40.636100769042969 ], [ 26.580272674560547, 40.63165283203125 ], [ 26.43804931640625, 40.616653442382812 ], [ 26.352773666381836, 40.607498168945312 ], [ 26.314857482910156, 40.594158172607422 ], [ 26.288883209228516, 40.592208862304688 ], [ 26.148605346679688, 40.592208862304688 ], [ 26.118608474731445, 40.595127105712891 ], [ 26.076105117797852, 40.613670349121094 ], [ 26.057357788085938, 40.653598785400391 ], [ 26.044719696044922, 40.735824584960938 ], [ 26.036663055419922, 40.750270843505859 ], [ 26.028331756591797, 40.792213439941406 ], [ 26.041942596435547, 40.807212829589844 ], [ 26.022777557373047, 40.829719543457031 ], [ 25.911659240722656, 40.847770690917969 ], [ 25.805549621582031, 40.852485656738281 ], [ 25.771110534667969, 40.85137939453125 ], [ 25.748607635498047, 40.848052978515625 ], [ 25.719993591308594, 40.845832824707031 ], [ 25.682216644287109, 40.852218627929688 ], [ 25.580554962158203, 40.869430541992188 ], [ 25.501388549804688, 40.88665771484375 ], [ 25.419437408447266, 40.905265808105469 ], [ 25.35194206237793, 40.938877105712891 ], [ 25.306318283081055, 40.945613861083984 ], [ 25.235553741455078, 40.938331604003906 ], [ 25.176387786865234, 40.941932678222656 ], [ 25.133953094482422, 40.968215942382812 ], [ 25.163608551025391, 40.991657257080078 ], [ 25.141803741455078, 41.010337829589844 ], [ 25.074508666992188, 41.007621765136719 ], [ 25.037700653076172, 41.004558563232422 ], [ 24.887496948242188, 40.915550231933594 ], [ 24.858608245849609, 40.894996643066406 ], [ 24.80134391784668, 40.851966857910156 ], [ 24.780277252197266, 40.851943969726562 ], [ 24.626457214355469, 40.861175537109375 ], [ 24.599163055419922, 40.898330688476562 ], [ 24.564580917358398, 40.95062255859375 ], [ 24.511580830143455, 40.954701267921109 ], [ 24.271753010277184, 41.280409076333648 ], [ 24.119344240115957, 41.40793478197876 ], [ 23.907838191728946, 41.513687806172264 ], [ 23.767870953825774, 41.588336999720624 ], [ 23.596799885277456, 41.650544661010919 ], [ 23.416397667535591, 41.709641939236704 ], [ 23.239105832858243, 41.740745769881855 ], [ 23.055593232051866, 41.750076919075397 ], [ 22.884522163503547, 41.771849600526998 ], [ 22.688568030439111, 41.821615729559241 ], [ 22.526828111084338, 41.86827147552696 ], [ 22.258557571769931, 41.973246903954326 ], [ 22.213457017334466, 42.007461117663993 ], [ 22.118687533337539, 42.077833534498652 ], [ 22.246213238982648, 42.211580006272797 ], [ 22.348855880111643, 42.320443413530818 ], [ 22.392401243014849, 42.37331992562757 ], [ 22.629567951684109, 42.63381450728069 ], [ 22.781976721845339, 42.755119446796769 ], [ 22.931275108942053, 42.876424386312848 ], [ 23.074352729909737, 43.184352309699825 ], [ 23.260975713780631, 43.380306442764258 ], [ 23.174662583740336, 43.272220631272376 ], [ 23.285081182530615, 43.259779099014317 ], [ 23.440600335756358, 43.211568161514336 ], [ 23.617892170433706, 43.188240288530473 ], [ 23.796350398760257, 43.18435230969984 ], [ 24.000080489485981, 43.092596009296649 ], [ 24.33172508373988, 43.035053922603126 ], [ 24.395487936562436, 43.00550528349023 ], [ 24.526124025272061, 42.951073579861223 ], [ 24.698750285352638, 42.929300898409622 ], [ 25.013676570634768, 42.809551150425797 ], [ 25.158309383134711, 42.823547874216111 ], [ 25.307607770231424, 42.856206896393516 ], [ 25.535054531824073, 42.888865918570922 ], [ 25.564603170936966, 42.933966473006393 ], [ 25.692128876582075, 42.933966473006393 ], [ 25.757446920936889, 42.926190515345105 ], [ 25.884972626581998, 42.916859366151556 ], [ 26.582476028799466, 42.918414557683818 ], [ 26.640018115492989, 42.924635323812844 ], [ 26.907511059041269, 42.947963196796707 ], [ 27.256262760150001, 42.979067027441857 ], [ 27.299808123053207, 42.979067027441857 ], [ 27.358905401278992, 42.952628771393478 ], [ 27.424223445633803, 42.940187239135419 ], [ 27.466213617004755, 42.813439129256437 ], [ 27.501983022246677, 42.720127637320992 ], [ 27.539307619020853, 42.654809592966181 ], [ 27.564072963387524, 42.587030755752146 ], [ 27.510690689086914, 42.552219390869141 ], [ 27.495830535888672, 42.53582763671875 ], [ 27.449579238891602, 42.472980499267578 ], [ 27.464992523193359, 42.449432373046875 ], [ 27.515203475952148, 42.435134887695312 ], [ 27.553882598876953, 42.448875427246094 ], [ 27.616664886474609, 42.447219848632812 ], [ 27.679164886474609, 42.418319702148438 ], [ 27.700342178344727, 42.395271301269531 ], [ 27.703887939453125, 42.368888854980469 ], [ 27.755413055419922, 42.254299163818359 ], [ 27.780551910400391, 42.227218627929688 ], [ 27.857219696044922, 42.164161682128906 ], [ 27.899162292480469, 42.13360595703125 ], [ 27.938888549804688, 42.103042602539062 ], [ 27.968608856201172, 42.072494506835938 ], [ 28.000553131103516, 42.037075042724609 ], [ 28.021800994873047, 41.994163513183594 ], [ 28.013053894042969, 41.982215881347656 ] ] ] ] } },
{ "type": "Feature", "properties": { "id": 25, "Nombre": "Achaia" }, "geometry": { "type": "MultiPolygon", "coordinates": [ [ [ [ 22.956943511962891, 36.377494812011719 ], [ 22.969997406005859, 36.354164123535156 ], [ 22.988887786865234, 36.3236083984375 ], [ 23.007637023925781, 36.306663513183594 ], [ 23.020275115966797, 36.303886413574219 ], [ 23.085552215576172, 36.259437561035156 ], [ 23.104303359985352, 36.246246337890625 ], [ 23.108329772949219, 36.2369384765625 ], [ 23.057220458984375, 36.144996643066406 ], [ 23.044094085693359, 36.136245727539062 ], [ 22.997219085693359, 36.141937255859375 ], [ 22.988052368164062, 36.146110534667969 ], [ 22.929996490478516, 36.178054809570312 ], [ 22.922775268554688, 36.185829162597656 ], [ 22.911664962768555, 36.201107025146484 ], [ 22.906387329101562, 36.225830078125 ], [ 22.895553588867188, 36.322078704833984 ], [ 22.927776336669922, 36.378467559814453 ], [ 22.957010269165039, 36.381317138671875 ], [ 22.956943511962891, 36.377494812011719 ] ] ], [ [ [ 26.466659545898438, 36.576377868652344 ], [ 26.405826568603516, 36.565269470214844 ], [ 26.355409622192383, 36.511795043945312 ], [ 26.342216491699219, 36.506385803222656 ], [ 26.315271377563477, 36.504852294921875 ], [ 26.30082893371582, 36.509433746337891 ], [ 26.287775039672852, 36.519577026367188 ], [ 26.270553588867188, 36.556106567382812 ], [ 26.263326644897461, 36.589572906494141 ], [ 26.382913589477539, 36.640407562255859 ], [ 26.40777587890625, 36.633045196533203 ], [ 26.459438323974609, 36.599437713623047 ], [ 26.471103668212891, 36.578330993652344 ], [ 26.466659545898438, 36.576377868652344 ] ] ], [ [ [ 24.330829620361328, 36.649993896484375 ], [ 24.325830459594727, 36.651939392089844 ], [ 24.322916030883789, 36.663608551025391 ], [ 24.342220306396484, 36.736942291259766 ], [ 24.350969314575195, 36.746940612792969 ], [ 24.513332366943359, 36.767494201660156 ], [ 24.531387329101562, 36.766105651855469 ], [ 24.548748016357422, 36.757911682128906 ], [ 24.549442291259766, 36.696109771728516 ], [ 24.53944206237793, 36.677562713623047 ], [ 24.476943969726562, 36.662773132324219 ], [ 24.413608551025391, 36.660270690917969 ], [ 24.330829620361328, 36.649993896484375 ] ] ], [ [ [ 25.191383361816406, 36.973884582519531 ], [ 25.16583251953125, 36.979438781738281 ], [ 25.152492523193359, 36.98388671875 ], [ 25.121803283691406, 36.995414733886719 ], [ 25.105270385742188, 37.01165771484375 ], [ 25.098814010620117, 37.028533935546875 ], [ 25.109996795654297, 37.057212829589844 ], [ 25.132770538330078, 37.09332275390625 ], [ 25.151382446289062, 37.111930847167969 ], [ 25.163326263427734, 37.121665954589844 ], [ 25.223609924316406, 37.140830993652344 ], [ 25.268604278564453, 37.13861083984375 ], [ 25.284442901611328, 37.128318786621094 ], [ 25.268329620361328, 37.052772521972656 ], [ 25.264163970947266, 37.039161682128906 ], [ 25.250274658203125, 37.008323669433594 ], [ 25.191383361816406, 36.973884582519531 ] ] ], [ [ [ 25.357776641845703, 36.644996643066406 ], [ 25.34124755859375, 36.652912139892578 ], [ 25.258609771728516, 36.7288818359375 ], [ 25.263053894042969, 36.764579772949219 ], [ 25.277494430541992, 36.782356262207031 ], [ 25.305551528930664, 36.788742065429688 ], [ 25.32611083984375, 36.775825500488281 ], [ 25.40777587890625, 36.716518402099609 ], [ 25.388189315795898, 36.654300689697266 ], [ 25.357776641845703, 36.644996643066406 ] ] ], [ [ [ 25.452770233154297, 36.918319702148438 ], [ 25.435134887695312, 36.921100616455078 ], [ 25.341939926147461, 37.073467254638672 ], [ 25.348188400268555, 37.087497711181641 ], [ 25.503259658813477, 37.189647674560547 ], [ 25.541872024536133, 37.1976318359375 ], [ 25.5655517578125, 37.180831909179688 ], [ 25.576663970947266, 37.168052673339844 ], [ 25.583053588867188, 37.159988403320312 ], [ 25.595832824707031, 37.135818481445312 ], [ 25.600551605224609, 37.117080688476562 ], [ 25.599441528320312, 37.10693359375 ], [ 25.590274810791016, 37.057212829589844 ], [ 25.587215423583984, 37.044166564941406 ], [ 25.580272674560547, 37.015548706054688 ], [ 25.553258895874023, 36.954570770263672 ], [ 25.486381530761719, 36.927772521972656 ], [ 25.461387634277344, 36.91943359375 ], [ 25.452770233154297, 36.918319702148438 ] ] ], [ [ [ 24.440830230712891, 37.470832824707031 ], [ 24.431941986083984, 37.440967559814453 ], [ 24.445274353027344, 37.431388854980469 ], [ 24.46763801574707, 37.427219390869141 ], [ 24.482913970947266, 37.407356262207031 ], [ 24.482498168945312, 37.395965576171875 ], [ 24.446109771728516, 37.351387023925781 ], [ 24.416385650634766, 37.325553894042969 ], [ 24.401664733886719, 37.314163208007812 ], [ 24.377012252807617, 37.306385040283203 ], [ 24.367080688476562, 37.311244964599609 ], [ 24.369998931884766, 37.429508209228516 ], [ 24.398609161376953, 37.459159851074219 ], [ 24.410274505615234, 37.468330383300781 ], [ 24.441595077514648, 37.478260040283203 ], [ 24.440830230712891, 37.470832824707031 ] ] ], [ [ [ 25.053882598876953, 37.675819396972656 ], [ 25.07874870300293, 37.650821685791016 ], [ 25.137214660644531, 37.644721984863281 ], [ 25.187774658203125, 37.641517639160156 ], [ 25.214164733886719, 37.632209777832031 ], [ 25.238887786865234, 37.621940612792969 ], [ 25.248886108398438, 37.613185882568359 ], [ 25.255273818969727, 37.586795806884766 ], [ 25.229999542236328, 37.535408020019531 ], [ 25.205829620361328, 37.5272216796875 ], [ 25.195827484130859, 37.527488708496094 ], [ 25.168327331542969, 37.53277587890625 ], [ 25.113887786865234, 37.551101684570312 ], [ 24.994998931884766, 37.639999389648438 ], [ 24.978885650634766, 37.662498474121094 ], [ 24.976387023925781, 37.674026489257812 ], [ 25.010551452636719, 37.677497863769531 ], [ 25.042217254638672, 37.676658630371094 ], [ 25.053882598876953, 37.675819396972656 ] ] ], [ [ [ 24.285274505615234, 37.52471923828125 ], [ 24.276803970336914, 37.528953552246094 ], [ 24.269443511962891, 37.590965270996094 ], [ 24.274858474731445, 37.612773895263672 ], [ 24.283748626708984, 37.631248474121094 ], [ 24.299581527709961, 37.656387329101562 ], [ 24.330831527709961, 37.679302215576172 ], [ 24.350830078125, 37.682220458984375 ], [ 24.368749618530273, 37.682220458984375 ], [ 24.3941650390625, 37.673332214355469 ], [ 24.411388397216797, 37.653190612792969 ], [ 24.395137786865234, 37.615829467773438 ], [ 24.381385803222656, 37.596939086914062 ], [ 24.368610382080078, 37.583049774169922 ], [ 24.311803817749023, 37.533885955810547 ], [ 24.298610687255859, 37.526382446289062 ], [ 24.285274505615234, 37.52471923828125 ] ] ], [ [ [ 20.836109161376953, 37.646385192871094 ], [ 20.831108093261719, 37.646385192871094 ], [ 20.810415267944336, 37.652637481689453 ], [ 20.713607788085938, 37.722770690917969 ], [ 20.703330993652344, 37.732772827148438 ], [ 20.628608703613281, 37.813190460205078 ], [ 20.619998931884766, 37.847496032714844 ], [ 20.621944427490234, 37.860832214355469 ], [ 20.628608703613281, 37.87554931640625 ], [ 20.643329620361328, 37.898330688476562 ], [ 20.678333282470703, 37.920555114746094 ], [ 20.70124626159668, 37.929164886474609 ], [ 20.794166564941406, 37.848884582519531 ], [ 20.863330841064453, 37.82916259765625 ], [ 20.886386871337891, 37.814437866210938 ], [ 20.898052215576172, 37.805274963378906 ], [ 20.992496490478516, 37.725273132324219 ], [ 20.998607635498047, 37.713882446289062 ], [ 20.994441986083984, 37.6986083984375 ], [ 20.943332672119141, 37.719718933105469 ], [ 20.919719696044922, 37.730136871337891 ], [ 20.895832061767578, 37.731109619140625 ], [ 20.870622634887695, 37.725688934326172 ], [ 20.840415954589844, 37.685272216796875 ], [ 20.836109161376953, 37.646385192871094 ] ] ], [ [ [ 23.724441528320312, 39.071388244628906 ], [ 23.709442138671875, 39.073883056640625 ], [ 23.660276412963867, 39.089439392089844 ], [ 23.594858169555664, 39.204925537109375 ], [ 23.610832214355469, 39.204994201660156 ], [ 23.787359237670898, 39.118259429931641 ], [ 23.772775650024414, 39.096523284912109 ], [ 23.753887176513672, 39.083610534667969 ], [ 23.736663818359375, 39.074714660644531 ], [ 23.724441528320312, 39.071388244628906 ] ] ], [ [ [ 24.568885803222656, 38.760826110839844 ], [ 24.553333282470703, 38.768325805664062 ], [ 24.534721374511719, 38.783607482910156 ], [ 24.4566650390625, 38.880828857421875 ], [ 24.450275421142578, 38.896942138671875 ], [ 24.45152473449707, 38.951316833496094 ], [ 24.45958137512207, 38.964164733886719 ], [ 24.483192443847656, 38.97735595703125 ], [ 24.504302978515625, 38.9718017578125 ], [ 24.577499389648438, 38.926109313964844 ], [ 24.665554046630859, 38.824165344238281 ], [ 24.681663513183594, 38.802078247070312 ], [ 24.682220458984375, 38.778327941894531 ], [ 24.659164428710938, 38.767494201660156 ], [ 24.646942138671875, 38.76416015625 ], [ 24.623470306396484, 38.765830993652344 ], [ 24.614721298217773, 38.770965576171875 ], [ 24.597082138061523, 38.788742065429688 ], [ 24.567985534667969, 38.773536682128906 ], [ 24.568885803222656, 38.760826110839844 ] ] ], [ [ [ 19.854999542236328, 39.818328857421875 ], [ 19.864997863769531, 39.816940307617188 ], [ 19.926109313964844, 39.794441223144531 ], [ 19.948747634887695, 39.779022216796875 ], [ 19.950553894042969, 39.762214660644531 ], [ 19.942775726318359, 39.744163513183594 ], [ 19.927776336669922, 39.7298583984375 ], [ 19.914165496826172, 39.722076416015625 ], [ 19.875553131103516, 39.716110229492188 ], [ 19.842496871948242, 39.701107025146484 ], [ 19.839443206787109, 39.676383972167969 ], [ 19.846664428710938, 39.649162292480469 ], [ 19.924953460693359, 39.622444152832031 ], [ 19.929859161376953, 39.474441528320312 ], [ 20.018054962158203, 39.434440612792969 ], [ 20.030275344848633, 39.432079315185547 ], [ 20.048053741455078, 39.436943054199219 ], [ 20.060415267944336, 39.444717407226562 ], [ 20.072149276733398, 39.452495574951172 ], [ 20.119789123535156, 39.371803283691406 ], [ 20.111663818359375, 39.363052368164062 ], [ 20.079719543457031, 39.368331909179688 ], [ 19.878746032714844, 39.448535919189453 ], [ 19.852357864379883, 39.489650726318359 ], [ 19.846942901611328, 39.519721984863281 ], [ 19.848470687866211, 39.539299011230469 ], [ 19.844165802001953, 39.55194091796875 ], [ 19.820831298828125, 39.578746795654297 ], [ 19.806388854980469, 39.590553283691406 ], [ 19.740276336669922, 39.624717712402344 ], [ 19.674581527709961, 39.675968170166016 ], [ 19.641387939453125, 39.744438171386719 ], [ 19.639999389648438, 39.756660461425781 ], [ 19.650833129882812, 39.772499084472656 ], [ 19.673053741455078, 39.793052673339844 ], [ 19.694580078125, 39.794719696044922 ], [ 19.794164657592773, 39.790412902832031 ], [ 19.803886413574219, 39.79388427734375 ], [ 19.854999542236328, 39.818328857421875 ] ] ], [ [ [ 20.571109771728516, 38.468048095703125 ], [ 20.612499237060547, 38.3941650390625 ], [ 20.680553436279297, 38.277496337890625 ], [ 20.812637329101562, 38.114925384521484 ], [ 20.79347038269043, 38.063259124755859 ], [ 20.734996795654297, 38.060829162597656 ], [ 20.557777404785156, 38.090553283691406 ], [ 20.514997482299805, 38.103187561035156 ], [ 20.377777099609375, 38.156661987304688 ], [ 20.342567443847656, 38.177909851074219 ], [ 20.341526031494141, 38.198883056640625 ], [ 20.356109619140625, 38.231941223144531 ], [ 20.398609161376953, 38.325553894042969 ], [ 20.441802978515625, 38.326522827148438 ], [ 20.480762481689453, 38.308815002441406 ], [ 20.503887176513672, 38.319160461425781 ], [ 20.516387939453125, 38.327774047851562 ], [ 20.536388397216797, 38.344718933105469 ], [ 20.545900344848633, 38.360202789306641 ], [ 20.549163818359375, 38.390968322753906 ], [ 20.539718627929688, 38.409439086914062 ], [ 20.534164428710938, 38.434719085693359 ], [ 20.541872024536133, 38.470550537109375 ], [ 20.562221527099609, 38.471107482910156 ], [ 20.571109771728516, 38.468048095703125 ] ] ], [ [ [ 24.960277557373047, 37.685554504394531 ], [ 24.947498321533203, 37.69305419921875 ], [ 24.915554046630859, 37.716800689697266 ], [ 24.873054504394531, 37.766387939453125 ], [ 24.830554962158203, 37.814437866210938 ], [ 24.767080307006836, 37.872356414794922 ], [ 24.752777099609375, 37.878326416015625 ], [ 24.736942291259766, 37.881103515625 ], [ 24.715137481689453, 37.873050689697266 ], [ 24.693607330322266, 37.92694091796875 ], [ 24.690414428710938, 37.953468322753906 ], [ 24.694580078125, 37.962635040283203 ], [ 24.703330993652344, 37.969718933105469 ], [ 24.743888854980469, 37.990554809570312 ], [ 24.778053283691406, 37.996940612792969 ], [ 24.791664123535156, 37.998329162597656 ], [ 24.962776184082031, 37.87249755859375 ], [ 24.997982025146484, 37.762912750244141 ], [ 24.985832214355469, 37.733604431152344 ], [ 24.960277557373047, 37.685554504394531 ] ] ], [ [ [ 23.501110076904297, 37.999160766601562 ], [ 23.506107330322266, 37.998054504394531 ], [ 23.521942138671875, 37.994300842285156 ], [ 23.53972053527832, 37.984302520751953 ], [ 23.546665191650391, 37.930828094482422 ], [ 23.538747787475586, 37.919303894042969 ], [ 23.462150573730469, 37.879093170166016 ], [ 23.448055267333984, 37.879440307617188 ], [ 23.407358169555664, 37.894298553466797 ], [ 23.403610229492188, 37.906944274902344 ], [ 23.410274505615234, 37.929161071777344 ], [ 23.437496185302734, 37.985832214355469 ], [ 23.489303588867188, 38.000137329101562 ], [ 23.501110076904297, 37.999160766601562 ] ] ], [ [ [ 20.719718933105469, 38.305274963378906 ], [ 20.710971832275391, 38.308193206787109 ], [ 20.699443817138672, 38.317497253417969 ], [ 20.670829772949219, 38.353050231933594 ], [ 20.644721984863281, 38.398048400878906 ], [ 20.614303588867188, 38.469718933105469 ], [ 20.652776718139648, 38.500690460205078 ], [ 20.671108245849609, 38.493331909179688 ], [ 20.707220077514648, 38.443328857421875 ], [ 20.743331909179688, 38.37249755859375 ], [ 20.760692596435547, 38.323467254638672 ], [ 20.735553741455078, 38.30999755859375 ], [ 20.719718933105469, 38.305274963378906 ] ] ], [ [ [ 20.701385498046875, 38.834716796875 ], [ 20.712776184082031, 38.829998016357422 ], [ 20.729721069335938, 38.805690765380859 ], [ 20.722080230712891, 38.627147674560547 ], [ 20.643608093261719, 38.581108093261719 ], [ 20.543191909790039, 38.566104888916016 ], [ 20.542221069335938, 38.588333129882812 ], [ 20.5584716796875, 38.685966491699219 ], [ 20.601665496826172, 38.778884887695312 ], [ 20.645692825317383, 38.829582214355469 ], [ 20.655551910400391, 38.835548400878906 ], [ 20.701385498046875, 38.834716796875 ] ] ], [ [ [ 24.049999237060547, 38.365829467773438 ], [ 24.05534553527832, 38.381557464599609 ], [ 23.997360229492188, 38.401802062988281 ], [ 23.97430419921875, 38.390968322753906 ], [ 23.938331604003906, 38.386665344238281 ], [ 23.905277252197266, 38.384994506835938 ], [ 23.805831909179688, 38.38916015625 ], [ 23.773330688476562, 38.392219543457031 ], [ 23.673332214355469, 38.409996032714844 ], [ 23.642219543457031, 38.41888427734375 ], [ 23.620693206787109, 38.468399047851562 ], [ 23.635831832885742, 38.509647369384766 ], [ 23.624719619750977, 38.543052673339844 ], [ 23.597082138061523, 38.571247100830078 ], [ 23.492221832275391, 38.632217407226562 ], [ 23.331386566162109, 38.74249267578125 ], [ 23.198053359985352, 38.831798553466797 ], [ 23.150066375732422, 38.849369049072266 ], [ 23.126386642456055, 38.84881591796875 ], [ 23.098052978515625, 38.839439392089844 ], [ 22.832843780517578, 38.829124450683594 ], [ 22.846942901611328, 38.862079620361328 ], [ 22.929996490478516, 38.89166259765625 ], [ 23.096664428710938, 38.983604431152344 ], [ 23.129718780517578, 39.003326416015625 ], [ 23.279441833496094, 39.036659240722656 ], [ 23.304443359375, 39.037284851074219 ], [ 23.373504638671875, 38.999130249023438 ], [ 23.446388244628906, 38.87249755859375 ], [ 23.466663360595703, 38.847915649414062 ], [ 23.516109466552734, 38.811386108398438 ], [ 23.591941833496094, 38.764717102050781 ], [ 23.765274047851562, 38.7066650390625 ], [ 23.846664428710938, 38.682220458984375 ], [ 23.948886871337891, 38.663051605224609 ], [ 24.007499694824219, 38.673049926757812 ], [ 24.153888702392578, 38.646659851074219 ], [ 24.153610229492188, 38.573326110839844 ], [ 24.187221527099609, 38.392494201660156 ], [ 24.258260726928711, 38.21728515625 ], [ 24.299163818359375, 38.189994812011719 ], [ 24.336803436279297, 38.159439086914062 ], [ 24.427776336669922, 38.1441650390625 ], [ 24.465690612792969, 38.138538360595703 ], [ 24.561246871948242, 38.144302368164062 ], [ 24.590692520141602, 38.062217712402344 ], [ 24.587776184082031, 38.036663055419922 ], [ 24.575832366943359, 38.004165649414062 ], [ 24.564163208007812, 37.987220764160156 ], [ 24.512914657592773, 37.954925537109375 ], [ 24.480554580688477, 37.956245422363281 ], [ 24.387218475341797, 37.993606567382812 ], [ 24.32611083984375, 38.044715881347656 ], [ 24.208610534667969, 38.156661987304688 ], [ 24.148609161376953, 38.21527099609375 ], [ 24.110832214355469, 38.288330078125 ], [ 24.049999237060547, 38.365829467773438 ] ] ], [ [ [ 22.85687255859375, 39.781387329101562 ], [ 22.860553741455078, 39.751106262207031 ], [ 22.866247177124023, 39.726524353027344 ], [ 22.913055419921875, 39.618888854980469 ], [ 22.926942825317383, 39.589023590087891 ], [ 22.942081451416016, 39.575412750244141 ], [ 23.023054122924805, 39.528327941894531 ], [ 23.118053436279297, 39.456939697265625 ], [ 23.138053894042969, 39.439994812011719 ], [ 23.263193130493164, 39.326385498046875 ], [ 23.276386260986328, 39.30999755859375 ], [ 23.327497482299805, 39.225414276123047 ], [ 23.343677520751953, 39.181800842285156 ], [ 23.320552825927734, 39.1512451171875 ], [ 23.206108093261719, 39.105270385742188 ], [ 23.161109924316406, 39.093605041503906 ], [ 23.12249755859375, 39.087776184082031 ], [ 23.084165573120117, 39.085758209228516 ], [ 23.054859161376953, 39.097911834716797 ], [ 23.077150344848633, 39.142494201660156 ], [ 23.114095687866211, 39.142215728759766 ], [ 23.104095458984375, 39.107112884521484 ], [ 23.174442291259766, 39.130271911621094 ], [ 23.212081909179688, 39.1522216796875 ], [ 23.221525192260742, 39.182289123535156 ], [ 23.178607940673828, 39.25555419921875 ], [ 23.162080764770508, 39.272357940673828 ], [ 23.121248245239258, 39.305274963378906 ], [ 22.995277404785156, 39.352775573730469 ], [ 22.940830230712891, 39.359367370605469 ], [ 22.823886871337891, 39.266105651855469 ], [ 22.817499160766602, 39.242355346679688 ], [ 22.8236083984375, 39.21221923828125 ], [ 22.833885192871094, 39.18804931640625 ], [ 22.855484008789062, 39.157077789306641 ], [ 22.876386642456055, 39.175132751464844 ], [ 22.913330078125, 39.156387329101562 ], [ 22.969581604003906, 39.113052368164062 ], [ 22.995277404785156, 39.06805419921875 ], [ 22.994998931884766, 39.042770385742188 ], [ 23.034164428710938, 39.036109924316406 ], [ 23.072776794433594, 39.036941528320312 ], [ 23.051387786865234, 39.016387939453125 ], [ 23.009719848632812, 38.977775573730469 ], [ 22.937774658203125, 38.928604125976562 ], [ 22.833053588867188, 38.891105651855469 ], [ 22.750205993652344, 38.870689392089844 ], [ 22.680580139160156, 38.879245758056641 ], [ 22.649822235107422, 38.897598266601562 ], [ 22.614442825317383, 38.909023284912109 ], [ 22.52385139465332, 38.866069793701172 ], [ 22.555830001831055, 38.833328247070312 ], [ 22.581943511962891, 38.825412750244141 ], [ 22.612983703613281, 38.825759887695312 ], [ 22.668554306030273, 38.830440521240234 ], [ 22.713333129882812, 38.823051452636719 ], [ 22.764303207397461, 38.783748626708984 ], [ 22.953609466552734, 38.751663208007812 ], [ 23.066247940063477, 38.687911987304688 ], [ 23.092220306396484, 38.648330688476562 ], [ 23.111385345458984, 38.629024505615234 ], [ 23.133609771728516, 38.632774353027344 ], [ 23.188468933105469, 38.655620574951172 ], [ 23.284164428710938, 38.653743743896484 ], [ 23.317497253417969, 38.644023895263672 ], [ 23.336732864379883, 38.6083984375 ], [ 23.305553436279297, 38.567497253417969 ], [ 23.336942672729492, 38.537082672119141 ], [ 23.399440765380859, 38.507774353027344 ], [ 23.465831756591797, 38.498886108398438 ], [ 23.534721374511719, 38.499443054199219 ], [ 23.592914581298828, 38.454719543457031 ], [ 23.601943969726562, 38.431106567382812 ], [ 23.657079696655273, 38.360271453857422 ], [ 23.675552368164062, 38.348609924316406 ], [ 23.799163818359375, 38.323883056640625 ], [ 23.851108551025391, 38.31304931640625 ], [ 23.926666259765625, 38.294998168945312 ], [ 23.960552215576172, 38.281661987304688 ], [ 24.074026107788086, 38.194995880126953 ], [ 24.064720153808594, 38.151107788085938 ], [ 24.00555419921875, 38.067771911621094 ], [ 24.010829925537109, 37.971382141113281 ], [ 24.030551910400391, 37.87249755859375 ], [ 24.056663513183594, 37.84527587890625 ], [ 24.086524963378906, 37.798191070556641 ], [ 24.089998245239258, 37.776664733886719 ], [ 24.065832138061523, 37.683189392089844 ], [ 24.033956527709961, 37.652843475341797 ], [ 23.947637557983398, 37.671939849853516 ], [ 23.924442291259766, 37.72027587890625 ], [ 23.90777587890625, 37.7611083984375 ], [ 23.887496948242188, 37.78277587890625 ], [ 23.854442596435547, 37.808189392089844 ], [ 23.819440841674805, 37.8236083984375 ], [ 23.774440765380859, 37.834442138671875 ], [ 23.562845230102539, 37.980514526367188 ], [ 23.590276718139648, 38.003604888916016 ], [ 23.594789505004883, 38.028469085693359 ], [ 23.575136184692383, 38.042911529541016 ], [ 23.511663436889648, 38.039302825927734 ], [ 23.458610534667969, 38.020553588867188 ], [ 23.427082061767578, 38.002494812011719 ], [ 23.415554046630859, 37.985969543457031 ], [ 23.3316650390625, 37.978050231933594 ], [ 23.236804962158203, 37.975410461425781 ], [ 23.176668167114258, 37.951942443847656 ], [ 23.149026870727539, 37.929443359375 ], [ 23.130275726318359, 37.919441223144531 ], [ 23.109165191650391, 37.915275573730469 ], [ 23.063888549804688, 37.912773132324219 ], [ 23.018886566162109, 37.919715881347656 ], [ 22.991804122924805, 37.882358551025391 ], [ 23.010257720947266, 37.846782684326172 ], [ 23.063053131103516, 37.839439392089844 ], [ 23.083610534667969, 37.838607788085938 ], [ 23.103610992431641, 37.841659545898438 ], [ 23.148609161376953, 37.758049011230469 ], [ 23.165901184082031, 37.614994049072266 ], [ 23.195831298828125, 37.59527587890625 ], [ 23.277496337890625, 37.553329467773438 ], [ 23.331178665161133, 37.532840728759766 ], [ 23.362565994262695, 37.551525115966797 ], [ 23.346664428710938, 37.586387634277344 ], [ 23.327913284301758, 37.605552673339844 ], [ 23.405830383300781, 37.588333129882812 ], [ 23.42180061340332, 37.527229309082031 ], [ 23.445552825927734, 37.504714965820312 ], [ 23.498332977294922, 37.476943969726562 ], [ 23.521387100219727, 37.459995269775391 ], [ 23.517082214355469, 37.432704925537109 ], [ 23.499164581298828, 37.423332214355469 ], [ 23.417638778686523, 37.409717559814453 ], [ 23.386663436889648, 37.412220001220703 ], [ 23.354442596435547, 37.416107177734375 ], [ 23.270553588867188, 37.400833129882812 ], [ 23.230693817138672, 37.378887176513672 ], [ 23.200761795043945, 37.302913665771484 ], [ 23.179719924926758, 37.290412902832031 ], [ 23.151803970336914, 37.296798706054688 ], [ 23.068330764770508, 37.355827331542969 ], [ 23.071802139282227, 37.394718170166016 ], [ 23.096385955810547, 37.391242980957031 ], [ 23.136526107788086, 37.427635192871094 ], [ 23.128887176513672, 37.448051452636719 ], [ 22.979164123535156, 37.515830993652344 ], [ 22.929719924926758, 37.534996032714844 ], [ 22.777359008789062, 37.590133666992188 ], [ 22.752914428710938, 37.585411071777344 ], [ 22.725551605224609, 37.563400268554688 ], [ 22.728054046630859, 37.485553741455078 ], [ 22.758609771728516, 37.408050537109375 ], [ 22.809165954589844, 37.345550537109375 ], [ 22.904407501220703, 37.178047180175781 ], [ 22.895692825317383, 37.136245727539062 ], [ 22.907426834106445, 37.113605499267578 ], [ 22.919998168945312, 37.110832214355469 ], [ 22.936662673950195, 37.119510650634766 ], [ 22.957221984863281, 37.116104125976562 ], [ 23.006385803222656, 37.02471923828125 ], [ 23.009162902832031, 36.990554809570312 ], [ 23.014581680297852, 36.936107635498047 ], [ 23.052776336669922, 36.868606567382812 ], [ 23.090831756591797, 36.822494506835938 ], [ 23.11381721496582, 36.770549774169922 ], [ 23.086940765380859, 36.748329162597656 ], [ 23.058679580688477, 36.740550994873047 ], [ 23.028955459594727, 36.723674774169922 ], [ 23.028610229492188, 36.656661987304688 ], [ 23.035135269165039, 36.629993438720703 ], [ 23.078887939453125, 36.57666015625 ], [ 23.109996795654297, 36.562492370605469 ], [ 23.201454162597656, 36.440200805664062 ], [ 23.137775421142578, 36.426246643066406 ], [ 23.089996337890625, 36.439994812011719 ], [ 22.969371795654297, 36.521800994873047 ], [ 22.954719543457031, 36.548049926757812 ], [ 22.888053894042969, 36.647216796875 ], [ 22.782081604003906, 36.799301147460938 ], [ 22.730552673339844, 36.805831909179688 ], [ 22.632497787475586, 36.803607940673828 ], [ 22.592496871948242, 36.790691375732422 ], [ 22.572776794433594, 36.773887634277344 ], [ 22.512775421142578, 36.667770385742188 ], [ 22.48097038269043, 36.599441528320312 ], [ 22.485553741455078, 36.520412445068359 ], [ 22.503643035888672, 36.489215850830078 ], [ 22.507776260375977, 36.453884124755859 ], [ 22.488887786865234, 36.3861083984375 ], [ 22.476665496826172, 36.40277099609375 ], [ 22.397499084472656, 36.473884582519531 ], [ 22.377498626708984, 36.535552978515625 ], [ 22.356109619140625, 36.699440002441406 ], [ 22.296943664550781, 36.814994812011719 ], [ 22.243610382080078, 36.873329162597656 ], [ 22.185554504394531, 36.892776489257812 ], [ 22.146385192871094, 36.950828552246094 ], [ 22.152463912963867, 37.018535614013672 ], [ 22.120830535888672, 37.026664733886719 ], [ 22.059026718139648, 37.029994964599609 ], [ 22.029163360595703, 37.02471923828125 ], [ 21.979442596435547, 37.007217407226562 ], [ 21.945552825927734, 36.992637634277344 ], [ 21.929719924926758, 36.974021911621094 ], [ 21.924232482910156, 36.856662750244141 ], [ 21.937982559204102, 36.813327789306641 ], [ 21.961666107177734, 36.798049926757812 ], [ 21.938053131103516, 36.762214660644531 ], [ 21.87513542175293, 36.723537445068359 ], [ 21.846385955810547, 36.759437561035156 ], [ 21.824024200439453, 36.797077178955078 ], [ 21.767009735107422, 36.797218322753906 ], [ 21.764163970947266, 36.790550231933594 ], [ 21.703607559204102, 36.816665649414062 ], [ 21.691387176513672, 36.843330383300781 ], [ 21.687288284301758, 36.883815765380859 ], [ 21.707080841064453, 36.922492980957031 ], [ 21.710273742675781, 36.944648742675781 ], [ 21.637496948242188, 37.009437561035156 ], [ 21.612220764160156, 37.026939392089844 ], [ 21.581110000610352, 37.063884735107422 ], [ 21.565343856811523, 37.155063629150391 ], [ 21.583053588867188, 37.202705383300781 ], [ 21.604999542236328, 37.224159240722656 ], [ 21.630275726318359, 37.234443664550781 ], [ 21.672359466552734, 37.270965576171875 ], [ 21.695831298828125, 37.316661834716797 ], [ 21.681388854980469, 37.376388549804688 ], [ 21.659721374511719, 37.423881530761719 ], [ 21.64971923828125, 37.441940307617188 ], [ 21.604721069335938, 37.504714965820312 ], [ 21.576387405395508, 37.534442901611328 ], [ 21.557777404785156, 37.549720764160156 ], [ 21.532497406005859, 37.566940307617188 ], [ 21.401107788085938, 37.651664733886719 ], [ 21.285276412963867, 37.783885955810547 ], [ 21.217914581298828, 37.815410614013672 ], [ 21.174163818359375, 37.82611083984375 ], [ 21.146942138671875, 37.829719543457031 ], [ 21.110761642456055, 37.844093322753906 ], [ 21.110971450805664, 37.885688781738281 ], [ 21.131038665771484, 37.937080383300781 ], [ 21.152011871337891, 37.931453704833984 ], [ 21.184164047241211, 37.929023742675781 ], [ 21.21180534362793, 37.942775726318359 ], [ 21.283607482910156, 37.994163513183594 ], [ 21.315830230712891, 38.028884887695312 ], [ 21.367221832275391, 38.114166259765625 ], [ 21.373331069946289, 38.154300689697266 ], [ 21.384441375732422, 38.211387634277344 ], [ 21.444999694824219, 38.200828552246094 ], [ 21.478193283081055, 38.1865234375 ], [ 21.534719467163086, 38.160549163818359 ], [ 21.603887557983398, 38.150554656982422 ], [ 21.641666412353516, 38.158882141113281 ], [ 21.673469543457031, 38.172149658203125 ], [ 21.719026565551758, 38.221660614013672 ], [ 21.732498168945312, 38.248886108398438 ], [ 21.741525650024414, 38.275135040283203 ], [ 21.776803970336914, 38.30596923828125 ], [ 21.853609085083008, 38.339580535888672 ], [ 21.958610534667969, 38.329437255859375 ], [ 22.025205612182617, 38.297977447509766 ], [ 22.042221069335938, 38.273887634277344 ], [ 22.173192977905273, 38.202632904052734 ], [ 22.219997406005859, 38.183605194091797 ], [ 22.378330230712891, 38.146385192871094 ], [ 22.455554962158203, 38.133331298828125 ], [ 22.536941528320312, 38.113327026367188 ], [ 22.6522216796875, 38.07611083984375 ], [ 22.721456527709961, 38.042842864990234 ], [ 22.7611083984375, 38.006385803222656 ], [ 22.799442291259766, 37.971382141113281 ], [ 22.862775802612305, 37.939579010009766 ], [ 22.908054351806641, 37.93804931640625 ], [ 22.955623626708984, 37.949020385742188 ], [ 22.976385116577148, 37.979927062988281 ], [ 22.949165344238281, 38.001663208007812 ], [ 22.899164199829102, 38.026107788085938 ], [ 22.86003303527832, 38.033084869384766 ], [ 22.881385803222656, 38.049995422363281 ], [ 22.955484390258789, 38.080478668212891 ], [ 23.002359390258789, 38.069858551025391 ], [ 23.021387100219727, 38.060550689697266 ], [ 23.052360534667969, 38.057910919189453 ], [ 23.100135803222656, 38.058746337890625 ], [ 23.114133834838867, 38.060771942138672 ], [ 23.124721527099609, 38.062492370605469 ], [ 23.168888092041016, 38.074440002441406 ], [ 23.215761184692383, 38.100341796875 ], [ 23.224649429321289, 38.153396606445312 ], [ 23.118330001831055, 38.210411071777344 ], [ 23.025276184082031, 38.217498779296875 ], [ 22.966941833496094, 38.213607788085938 ], [ 22.94305419921875, 38.208053588867188 ], [ 22.944442749023438, 38.186943054199219 ], [ 22.923332214355469, 38.194999694824219 ], [ 22.835277557373047, 38.226387023925781 ], [ 22.773469924926758, 38.238883972167969 ], [ 22.689720153808594, 38.3236083984375 ], [ 22.587776184082031, 38.330551147460938 ], [ 22.533885955810547, 38.344993591308594 ], [ 22.510276794433594, 38.375274658203125 ], [ 22.462358474731445, 38.425968170166016 ], [ 22.408609390258789, 38.446037292480469 ], [ 22.377706527709961, 38.387355804443359 ], [ 22.393747329711914, 38.351871490478516 ], [ 22.374303817749023, 38.334575653076172 ], [ 22.193885803222656, 38.33721923828125 ], [ 22.168331146240234, 38.346939086914062 ], [ 22.125553131103516, 38.371383666992188 ], [ 22.042774200439453, 38.398048400878906 ], [ 21.975555419921875, 38.406661987304688 ], [ 21.947776794433594, 38.409439086914062 ], [ 21.713054656982422, 38.353050231933594 ], [ 21.660274505615234, 38.354721069335938 ], [ 21.636665344238281, 38.354164123535156 ], [ 21.595832824707031, 38.343605041503906 ], [ 21.539999008178711, 38.315967559814453 ], [ 21.463886260986328, 38.366661071777344 ], [ 21.358055114746094, 38.432914733886719 ], [ 21.337221145629883, 38.391803741455078 ], [ 21.266941070556641, 38.339164733886719 ], [ 21.238330841064453, 38.321662902832031 ], [ 21.164165496826172, 38.300064086914062 ], [ 21.108747482299805, 38.355552673339844 ], [ 21.118747711181641, 38.374717712402344 ], [ 21.138540267944336, 38.393398284912109 ], [ 21.109859466552734, 38.431144714355469 ], [ 21.102775573730469, 38.429443359375 ], [ 21.110517501831055, 38.442840576171875 ], [ 21.086387634277344, 38.5030517578125 ], [ 20.987913131713867, 38.671108245849609 ], [ 20.901107788085938, 38.731941223144531 ], [ 20.809719085693359, 38.759437561035156 ], [ 20.768817901611328, 38.759925842285156 ], [ 20.73277473449707, 38.804439544677734 ], [ 20.749721527099609, 38.909721374511719 ], [ 20.781108856201172, 38.931663513183594 ], [ 20.97027587890625, 38.941940307617188 ], [ 21.031108856201172, 38.921314239501953 ], [ 21.026155471801758, 38.899574279785156 ], [ 21.047636032104492, 38.882076263427734 ], [ 21.085136413574219, 38.864025115966797 ], [ 21.140830993652344, 38.931938171386719 ], [ 21.164510726928711, 38.982078552246094 ], [ 21.144304275512695, 39.008743286132812 ], [ 21.102012634277344, 39.050827026367188 ], [ 21.083049774169922, 39.056663513183594 ], [ 21.045276641845703, 39.013328552246094 ], [ 20.933052062988281, 39.058052062988281 ], [ 20.820831298828125, 39.113605499267578 ], [ 20.77471923828125, 39.085273742675781 ], [ 20.757499694824219, 39.020553588867188 ], [ 20.787498474121094, 38.997772216796875 ], [ 20.82763671875, 38.964855194091797 ], [ 20.733331680297852, 38.953395843505859 ], [ 20.705066680908203, 38.991382598876953 ], [ 20.713815689086914, 39.012077331542969 ], [ 20.699304580688477, 39.054023742675781 ], [ 20.682220458984375, 39.074996948242188 ], [ 20.534442901611328, 39.185829162597656 ], [ 20.473608016967773, 39.27471923828125 ], [ 20.385555267333984, 39.284439086914062 ], [ 20.345970153808594, 39.288051605224609 ], [ 20.295831680297852, 39.321800231933594 ], [ 20.214719772338867, 39.438884735107422 ], [ 20.245277404785156, 39.441383361816406 ], [ 20.227775573730469, 39.519439697265625 ], [ 20.173816680908203, 39.628746032714844 ], [ 20.057775497436523, 39.681800842285156 ], [ 20.010028839111328, 39.691200256347656 ], [ 19.985414505004883, 39.694751739501953 ], [ 19.983608245849609, 39.765274047851562 ], [ 19.987777709960938, 39.867218017578125 ], [ 19.937496185302734, 39.937492370605469 ], [ 19.857290267944336, 40.043468475341797 ], [ 19.841110229492188, 40.051383972167969 ], [ 19.825553894042969, 40.054718017578125 ], [ 19.754997253417969, 40.082977294921875 ], [ 19.730552673339844, 40.103050231933594 ], [ 19.616664886474609, 40.149162292480469 ], [ 19.503053665161133, 40.197494506835938 ], [ 19.451387405395508, 40.226730346679688 ], [ 19.401107788085938, 40.279998779296875 ], [ 19.289789199829102, 40.421451568603516 ], [ 19.318885803222656, 40.438888549804688 ], [ 19.341804504394531, 40.431385040283203 ], [ 19.391664505004883, 40.387912750244141 ], [ 19.402915954589844, 40.3699951171875 ], [ 19.406803131103516, 40.350135803222656 ], [ 19.432870864868164, 40.327194213867188 ], [ 19.463973999023438, 40.337306976318359 ], [ 19.466649972777624, 40.340343266144011 ], [ 19.504313368142004, 40.309969560204991 ], [ 19.703377884270957, 40.300638411011448 ], [ 19.877559335883792, 40.272644963430814 ], [ 20.067292702819199, 40.272644963430814 ], [ 20.319233731044903, 40.281976112624356 ], [ 20.524519013302886, 40.322411092463049 ], [ 20.62405127136736, 40.337963007785625 ], [ 20.732914678625384, 40.319300709398533 ], [ 20.950641493141426, 40.23532036665663 ], [ 21.031511452818812, 40.138898491656676 ], [ 21.322332269350955, 39.914950911011601 ], [ 21.515176019350879, 39.89628861262451 ], [ 21.708019769350802, 39.868295165043875 ], [ 22.037720374189377, 39.877626314237425 ], [ 22.277219870157023, 39.883847080366451 ], [ 22.603810091931088, 39.84963286665679 ], [ 22.840199204834217, 39.796756354560038 ], [ 22.843462232814179, 39.796756354560038 ], [ 22.85687255859375, 39.781387329101562 ] ] ] ] } },
{ "type": "Feature", "properties": { "id": 29, "Nombre": "Creta et Cyrenaica" }, "geometry": { "type": "MultiPolygon", "coordinates": [ [ [ [ 23.681941986083984, 35.224441528320312 ], [ 23.594234466552734, 35.232219696044922 ], [ 23.520553588867188, 35.294998168945312 ], [ 23.569164276123047, 35.526664733886719 ], [ 23.58319091796875, 35.57110595703125 ], [ 23.593887329101562, 35.592216491699219 ], [ 23.608539581298828, 35.608745574951172 ], [ 23.609996795654297, 35.567497253417969 ], [ 23.615413665771484, 35.523052215576172 ], [ 23.655485153198242, 35.497982025146484 ], [ 23.718955993652344, 35.508884429931641 ], [ 23.731941223144531, 35.546104431152344 ], [ 23.728609085083008, 35.568935394287109 ], [ 23.711387634277344, 35.604164123535156 ], [ 23.710762023925781, 35.652496337890625 ], [ 23.741872787475586, 35.686317443847656 ], [ 23.771768569946289, 35.661209106445312 ], [ 23.772220611572266, 35.613327026367188 ], [ 23.781944274902344, 35.564437866210938 ], [ 23.791040420532227, 35.546592712402344 ], [ 23.848539352416992, 35.522983551025391 ], [ 23.971385955810547, 35.514717102050781 ], [ 23.995552062988281, 35.515548706054688 ], [ 24.040775299072266, 35.529632568359375 ], [ 24.070568084716797, 35.549301147460938 ], [ 24.080484390258789, 35.576557159423828 ], [ 24.124372482299805, 35.600482940673828 ], [ 24.176387786865234, 35.588886260986328 ], [ 24.204929351806641, 35.53985595703125 ], [ 24.185554504394531, 35.509162902832031 ], [ 24.165691375732422, 35.50152587890625 ], [ 24.134664535522461, 35.500354766845703 ], [ 24.107065200805664, 35.492214202880859 ], [ 24.179025650024414, 35.452358245849609 ], [ 24.272289276123047, 35.363883972167969 ], [ 24.327081680297852, 35.351383209228516 ], [ 24.357080459594727, 35.35235595703125 ], [ 24.4647216796875, 35.3619384765625 ], [ 24.490415573120117, 35.365688323974609 ], [ 24.596456527709961, 35.382980346679688 ], [ 24.623748779296875, 35.395969390869141 ], [ 24.788887023925781, 35.408882141113281 ], [ 24.963333129882812, 35.404441833496094 ], [ 25.045692443847656, 35.379230499267578 ], [ 25.054372787475586, 35.350273132324219 ], [ 25.201385498046875, 35.334442138671875 ], [ 25.280551910400391, 35.333885192871094 ], [ 25.302497863769531, 35.335548400878906 ], [ 25.379510879516602, 35.333881378173828 ], [ 25.40083122253418, 35.311527252197266 ], [ 25.429996490478516, 35.294441223144531 ], [ 25.454303741455078, 35.292079925537109 ], [ 25.491107940673828, 35.298606872558594 ], [ 25.564441680908203, 35.318603515625 ], [ 25.618053436279297, 35.333328247070312 ], [ 25.660415649414062, 35.342498779296875 ], [ 25.765726089477539, 35.329959869384766 ], [ 25.734304428100586, 35.2999267578125 ], [ 25.728643417358398, 35.261627197265625 ], [ 25.750303268432617, 35.270221710205078 ], [ 25.739307403564453, 35.231868743896484 ], [ 25.717775344848633, 35.216941833496094 ], [ 25.710554122924805, 35.172771453857422 ], [ 25.717498779296875, 35.159164428710938 ], [ 25.728054046630859, 35.141937255859375 ], [ 25.756664276123047, 35.126388549804688 ], [ 25.784027099609375, 35.113887786865234 ], [ 25.812356948852539, 35.111522674560547 ], [ 25.866943359375, 35.1522216796875 ], [ 25.896110534667969, 35.17694091796875 ], [ 26.030969619750977, 35.224925994873047 ], [ 26.093051910400391, 35.216659545898438 ], [ 26.111942291259766, 35.205276489257812 ], [ 26.217777252197266, 35.240554809570312 ], [ 26.301109313964844, 35.283050537109375 ], [ 26.290554046630859, 35.131103515625 ], [ 26.274997711181641, 35.087493896484375 ], [ 26.239721298217773, 35.036663055419922 ], [ 26.205554962158203, 35.021659851074219 ], [ 26.135831832885742, 34.997287750244141 ], [ 26.100414276123047, 35.003780364990234 ], [ 25.987499237060547, 35.033050537109375 ], [ 25.591386795043945, 35.007774353027344 ], [ 25.557846069335938, 34.994022369384766 ], [ 25.508888244628906, 34.981662750244141 ], [ 25.335277557373047, 34.984992980957031 ], [ 25.188053131103516, 34.952217102050781 ], [ 25.016941070556641, 34.930831909179688 ], [ 24.928054809570312, 34.930549621582031 ], [ 24.821109771728516, 34.937492370605469 ], [ 24.754304885864258, 34.946243286132812 ], [ 24.762775421142578, 35.015830993652344 ], [ 24.757635116577148, 35.03985595703125 ], [ 24.742080688476562, 35.073745727539062 ], [ 24.723052978515625, 35.090553283691406 ], [ 24.688747406005859, 35.095687866210938 ], [ 24.63861083984375, 35.09527587890625 ], [ 24.588607788085938, 35.096939086914062 ], [ 24.563192367553711, 35.100692749023438 ], [ 24.547775268554688, 35.119438171386719 ], [ 24.531108856201172, 35.13916015625 ], [ 24.392498016357422, 35.188884735107422 ], [ 24.194440841674805, 35.200271606445312 ], [ 24.139720916748047, 35.199714660644531 ], [ 24.100830078125, 35.197776794433594 ], [ 24.061943054199219, 35.190410614013672 ], [ 24.035690307617188, 35.192840576171875 ], [ 23.946662902832031, 35.221107482910156 ], [ 23.890274047851562, 35.23388671875 ], [ 23.821804046630859, 35.246524810791016 ], [ 23.698331832885742, 35.232357025146484 ], [ 23.681941986083984, 35.224441528320312 ] ] ], [ [ [ 22.539825285269735, 28.915532423613893 ], [ 21.066589083146049, 29.277451240105538 ], [ 18.652118640776678, 28.986053089029692 ], [ 18.399652778027068, 29.012019813028687 ], [ 18.179271884797231, 30.781882862781728 ], [ 18.220623016357422, 30.758886337280273 ], [ 18.247358322143555, 30.728610992431641 ], [ 18.298885345458984, 30.674163818359375 ], [ 18.35888671875, 30.627498626708984 ], [ 18.385555267333984, 30.60888671875 ], [ 18.597499847412109, 30.463886260986328 ], [ 18.713054656982422, 30.396942138671875 ], [ 18.788887023925781, 30.366664886474609 ], [ 18.801525115966797, 30.353609085083008 ], [ 18.905277252197266, 30.298885345458984 ], [ 18.926387786865234, 30.288887023925781 ], [ 18.957498550415039, 30.276386260986328 ], [ 19.001388549804688, 30.266941070556641 ], [ 19.025276184082031, 30.264999389648438 ], [ 19.163055419921875, 30.263885498046875 ], [ 19.218330383300781, 30.266941070556641 ], [ 19.316108703613281, 30.286388397216797 ], [ 19.344997406005859, 30.294166564941406 ], [ 19.617774963378906, 30.417221069335938 ], [ 19.746109008789062, 30.503883361816406 ], [ 19.764997482299805, 30.518882751464844 ], [ 19.871387481689453, 30.631660461425781 ], [ 20.027359008789062, 30.809719085693359 ], [ 20.057638168334961, 30.850830078125 ], [ 20.10888671875, 30.943332672119141 ], [ 20.12249755859375, 30.971109390258789 ], [ 20.134998321533203, 31.007774353027344 ], [ 20.148887634277344, 31.054996490478516 ], [ 20.153470993041992, 31.076805114746094 ], [ 20.155551910400391, 31.149997711181641 ], [ 20.148300170898438, 31.186874389648438 ], [ 20.143329620361328, 31.210277557373047 ], [ 20.105552673339844, 31.297496795654297 ], [ 20.092220306396484, 31.319442749023438 ], [ 20.071247100830078, 31.342636108398438 ], [ 20.049026489257812, 31.35395622253418 ], [ 20.030551910400391, 31.377777099609375 ], [ 20.019721984863281, 31.401386260986328 ], [ 19.982776641845703, 31.482490539550781 ], [ 19.965553283691406, 31.523601531982422 ], [ 19.953052520751953, 31.568044662475586 ], [ 19.924442291259766, 31.704994201660156 ], [ 19.920829772949219, 31.727214813232422 ], [ 19.919580459594727, 31.748189926147461 ], [ 19.924163818359375, 31.823326110839844 ], [ 19.941944122314453, 31.957775115966797 ], [ 19.949026107788086, 31.977081298828125 ], [ 20.009162902832031, 32.07916259765625 ], [ 20.059371948242188, 32.1552734375 ], [ 20.084442138671875, 32.184715270996094 ], [ 20.33721923828125, 32.409164428710938 ], [ 20.553333282470703, 32.553329467773438 ], [ 20.567626953125, 32.5609130859375 ], [ 20.704166412353516, 32.611381530761719 ], [ 20.871109008789062, 32.684715270996094 ], [ 20.889163970947266, 32.697494506835938 ], [ 20.908607482910156, 32.708053588867188 ], [ 20.941387176513672, 32.724582672119141 ], [ 20.969444274902344, 32.737495422363281 ], [ 21.069995880126953, 32.774509429931641 ], [ 21.123607635498047, 32.777496337890625 ], [ 21.179443359375, 32.772773742675781 ], [ 21.233055114746094, 32.771110534667969 ], [ 21.285274505615234, 32.770271301269531 ], [ 21.326663970947266, 32.773330688476562 ], [ 21.37249755859375, 32.778327941894531 ], [ 21.389163970947266, 32.783332824707031 ], [ 21.427776336669922, 32.796661376953125 ], [ 21.471664428710938, 32.816246032714844 ], [ 21.497219085693359, 32.831939697265625 ], [ 21.51374626159668, 32.849300384521484 ], [ 21.534719467163086, 32.8699951171875 ], [ 21.627775192260742, 32.934719085693359 ], [ 21.713886260986328, 32.944442749023438 ], [ 21.739656448364258, 32.931064605712891 ], [ 21.783330917358398, 32.916660308837891 ], [ 21.854721069335938, 32.902496337890625 ], [ 21.884162902832031, 32.9022216796875 ], [ 21.947498321533203, 32.904998779296875 ], [ 21.980831146240234, 32.908607482910156 ], [ 22.003978729248047, 32.914276123046875 ], [ 22.06805419921875, 32.91082763671875 ], [ 22.196941375732422, 32.884437561035156 ], [ 22.317775726318359, 32.881103515625 ], [ 22.348331451416016, 32.8780517578125 ], [ 22.375137329101562, 32.868049621582031 ], [ 22.424163818359375, 32.835830688476562 ], [ 22.513332366943359, 32.785552978515625 ], [ 22.536109924316406, 32.782566070556641 ], [ 22.572498321533203, 32.783885955810547 ], [ 22.804996490478516, 32.725555419921875 ], [ 22.819169931366964, 32.718496683816056 ], [ 22.696362481719088, 28.94830797962619 ], [ 22.539825285269735, 28.915532423613893 ] ] ] ] } },
{ "type": "Feature", "properties": { "id": 30, "Nombre": "Egipto" }, "geometry": { "type": "MultiPolygon", "coordinates": [ [ [ [ 35.788825586712846, 23.946690899487017 ], [ 35.668393192757875, 23.925825986701817 ], [ 35.612499237060547, 23.933191299438477 ], [ 35.552841186523438, 23.962080001831055 ], [ 35.543048858642578, 23.984304428100586 ], [ 35.521106719970703, 23.980276107788086 ], [ 35.504440307617188, 23.968053817749023 ], [ 35.485832214355469, 23.942914962768555 ], [ 35.482061830871267, 23.893544077431077 ], [ 35.149294862474164, 23.83589219868492 ], [ 34.494523217085863, 23.625039236006195 ], [ 33.604443011636135, 23.061574769878533 ], [ 33.169845068405174, 22.917331460707626 ], [ 32.674452859064118, 23.053564318276415 ], [ 32.214116165515918, 23.227745769889246 ], [ 32.089700842935322, 23.501459479566556 ], [ 31.840870197774134, 23.837380850534164 ], [ 31.004177153419633, 24.223068350534007 ], [ 30.568723524387547, 24.384808269888783 ], [ 30.444308201806955, 24.546548189243556 ], [ 30.441568073309195, 24.582169859714444 ], [ 30.484046889082503, 24.635986442229846 ], [ 30.402200433408964, 25.325785208047972 ], [ 30.136199452469967, 26.182739160633375 ], [ 29.819044436735005, 26.743069451100546 ], [ 29.998083558520879, 28.717444009409462 ], [ 29.271696264418225, 29.246506932952556 ], [ 28.197461533703041, 29.520905931464331 ], [ 26.887918242926435, 29.733845260115732 ], [ 25.854606740048016, 29.609577083310821 ], [ 22.696362481719088, 28.94830797962619 ], [ 22.819169931366964, 32.718496683816056 ], [ 22.837358474731445, 32.709438323974609 ], [ 22.868888854980469, 32.693328857421875 ], [ 22.904441833496094, 32.67999267578125 ], [ 22.93388557434082, 32.671798706054688 ], [ 22.961109161376953, 32.669166564941406 ], [ 22.995136260986328, 32.673534393310547 ], [ 23.119163513183594, 32.6197509765625 ], [ 23.10333251953125, 32.584022521972656 ], [ 23.085100173950195, 32.332111358642578 ], [ 23.130832672119141, 32.310272216796875 ], [ 23.16874885559082, 32.301246643066406 ], [ 23.212566375732422, 32.270343780517578 ], [ 23.247196197509766, 32.216224670410156 ], [ 23.279998779296875, 32.207221984863281 ], [ 23.450275421142578, 32.186660766601562 ], [ 23.490554809570312, 32.182220458984375 ], [ 23.564441680908203, 32.181663513183594 ], [ 23.638469696044922, 32.183326721191406 ], [ 23.720067977905273, 32.175132751464844 ], [ 23.799999237060547, 32.1552734375 ], [ 23.952081680297852, 32.112632751464844 ], [ 23.989719390869141, 32.092216491699219 ], [ 23.969720840454102, 32.069301605224609 ], [ 23.990415573120117, 32.048606872558594 ], [ 24.063888549804688, 32.011665344238281 ], [ 24.087636947631836, 32.002635955810547 ], [ 24.117496490478516, 32.0 ], [ 24.543052673339844, 31.985275268554688 ], [ 24.56805419921875, 31.989166259765625 ], [ 24.612360000610352, 31.999719619750977 ], [ 24.653400421142578, 32.023815155029297 ], [ 24.734580993652344, 32.025409698486328 ], [ 24.782497406005859, 32.004581451416016 ], [ 24.842220306396484, 31.992496490478516 ], [ 24.913608551025391, 31.979999542236328 ], [ 24.982637405395508, 31.966526031494141 ], [ 25.008609771728516, 31.949165344238281 ], [ 25.032983779907227, 31.926942825317383 ], [ 25.029165267944336, 31.89527702331543 ], [ 25.023332595825195, 31.855136871337891 ], [ 25.068885803222656, 31.790554046630859 ], [ 25.089443206787109, 31.766666412353516 ], [ 25.120414733886719, 31.728887557983398 ], [ 25.150691986083984, 31.669651031494141 ], [ 25.151664733886719, 31.646942138671875 ], [ 25.152219772338867, 31.635137557983398 ], [ 25.173887252807617, 31.540760040283203 ], [ 25.314441680908203, 31.501455307006836 ], [ 25.400276184082031, 31.501665115356445 ], [ 25.481109619140625, 31.518608093261719 ], [ 25.567220687866211, 31.541385650634766 ], [ 25.684444427490234, 31.577499389648438 ], [ 25.811107635498047, 31.610832214355469 ], [ 25.848052978515625, 31.617221832275391 ], [ 25.881107330322266, 31.619998931884766 ], [ 25.947219848632812, 31.617774963378906 ], [ 25.985553741455078, 31.614166259765625 ], [ 26.008609771728516, 31.610553741455078 ], [ 26.093051910400391, 31.591388702392578 ], [ 26.173332214355469, 31.563053131103516 ], [ 26.309165954589844, 31.527496337890625 ], [ 26.351108551025391, 31.517776489257812 ], [ 26.373054504394531, 31.51361083984375 ], [ 26.504444122314453, 31.498607635498047 ], [ 26.644721984863281, 31.484165191650391 ], [ 26.774440765380859, 31.460552215576172 ], [ 26.893054962158203, 31.433887481689453 ], [ 27.062774658203125, 31.399166107177734 ], [ 27.165136337280273, 31.379302978515625 ], [ 27.248332977294922, 31.375274658203125 ], [ 27.27985954284668, 31.377914428710938 ], [ 27.323192596435547, 31.376108169555664 ], [ 27.345415115356445, 31.368886947631836 ], [ 27.359165191650391, 31.328887939453125 ], [ 27.368192672729492, 31.295692443847656 ], [ 27.377496719360352, 31.271526336669922 ], [ 27.395275115966797, 31.249721527099609 ], [ 27.412220001220703, 31.236110687255859 ], [ 27.438888549804688, 31.222774505615234 ], [ 27.458885192871094, 31.217220306396484 ], [ 27.571109771728516, 31.188610076904297 ], [ 27.655067443847656, 31.172914505004883 ], [ 27.800762176513672, 31.213191986083984 ], [ 27.84416389465332, 31.243749618530273 ], [ 27.864580154418945, 31.229997634887695 ], [ 27.883609771728516, 31.181388854980469 ], [ 27.893329620361328, 31.139720916748047 ], [ 27.90263557434082, 31.109720230102539 ], [ 27.92138671875, 31.098052978515625 ], [ 28.187774658203125, 31.072776794433594 ], [ 28.273052215576172, 31.068885803222656 ], [ 28.356666564941406, 31.0736083984375 ], [ 28.403470993041992, 31.083887100219727 ], [ 28.429721832275391, 31.078887939453125 ], [ 28.55999755859375, 31.032218933105469 ], [ 28.718330383300781, 30.988052368164062 ], [ 28.755275726318359, 30.974998474121094 ], [ 28.815067291259766, 30.94770622253418 ], [ 28.827081680297852, 30.920831680297852 ], [ 28.895343780517578, 30.873540878295898 ], [ 28.981388092041016, 30.839164733886719 ], [ 29.034999847412109, 30.824165344238281 ], [ 29.069442749023438, 30.821662902832031 ], [ 29.121387481689453, 30.821388244628906 ], [ 29.147777557373047, 30.823886871337891 ], [ 29.179996490478516, 30.830276489257812 ], [ 29.224998474121094, 30.842220306396484 ], [ 29.252498626708984, 30.850276947021484 ], [ 29.337221145629883, 30.876941680908203 ], [ 29.483329772949219, 30.937774658203125 ], [ 29.524997711181641, 30.961387634277344 ], [ 29.575275421142578, 30.993610382080078 ], [ 29.598052978515625, 31.008609771728516 ], [ 29.600555419921875, 31.0111083984375 ], [ 29.634719848632812, 31.034442901611328 ], [ 29.688331604003906, 31.06805419921875 ], [ 29.745277404785156, 31.103610992431641 ], [ 29.803886413574219, 31.135555267333984 ], [ 29.999443054199219, 31.273609161376953 ], [ 30.045829772949219, 31.307220458984375 ], [ 30.064441680908203, 31.320274353027344 ], [ 30.09600830078125, 31.278377532958984 ], [ 30.143192291259766, 31.221942901611328 ], [ 30.213052749633789, 31.212915420532227 ], [ 30.289718627929688, 31.237358093261719 ], [ 30.300277709960938, 31.268886566162109 ], [ 30.30194091796875, 31.335277557373047 ], [ 30.354442596435547, 31.448329925537109 ], [ 30.389432907104492, 31.441888809204102 ], [ 30.37541389465332, 31.455554962158203 ], [ 30.355449676513672, 31.502843856811523 ], [ 30.391942977905273, 31.493608474731445 ], [ 30.411664962768555, 31.474998474121094 ], [ 30.445274353027344, 31.461109161376953 ], [ 30.479303359985352, 31.452220916748047 ], [ 30.499998092651367, 31.452358245849609 ], [ 30.574443817138672, 31.466941833496094 ], [ 30.597221374511719, 31.472221374511719 ], [ 30.691387176513672, 31.499164581298828 ], [ 30.725553512573242, 31.509580612182617 ], [ 30.770553588867188, 31.524997711181641 ], [ 30.807048797607422, 31.538558959960938 ], [ 30.845832824707031, 31.548885345458984 ], [ 30.956110000610352, 31.575693130493164 ], [ 30.703609466552734, 31.465831756591797 ], [ 30.567775726318359, 31.423572540283203 ], [ 30.544166564941406, 31.393192291259766 ], [ 30.59388542175293, 31.380275726318359 ], [ 30.743610382080078, 31.408607482910156 ], [ 30.902496337890625, 31.420276641845703 ], [ 30.964164733886719, 31.447776794433594 ], [ 31.007221221923828, 31.480274200439453 ], [ 31.099996566772461, 31.490276336669922 ], [ 31.126455307006836, 31.496664047241211 ], [ 31.107219696044922, 31.545135498046875 ], [ 31.0655517578125, 31.565277099609375 ], [ 31.033885955810547, 31.570831298828125 ], [ 30.97784423828125, 31.583539962768555 ], [ 31.01222038269043, 31.597011566162109 ], [ 31.098331451416016, 31.601665496826172 ], [ 31.133331298828125, 31.597774505615234 ], [ 31.188331604003906, 31.584999084472656 ], [ 31.225830078125, 31.574443817138672 ], [ 31.267915725708008, 31.560831069946289 ], [ 31.338607788085938, 31.534164428710938 ], [ 31.349639892578125, 31.529567718505859 ], [ 31.433609008789062, 31.484722137451172 ], [ 31.520969390869141, 31.4486083984375 ], [ 31.556941986083984, 31.442218780517578 ], [ 31.571098327636719, 31.441944122314453 ], [ 31.598470687866211, 31.443330764770508 ], [ 31.666942596435547, 31.455829620361328 ], [ 31.75555419921875, 31.479164123535156 ], [ 31.809165954589844, 31.503608703613281 ], [ 31.840274810791016, 31.520553588867188 ], [ 31.8717041015625, 31.534917831420898 ], [ 31.893516540527344, 31.539112091064453 ], [ 31.921480178833008, 31.529884338378906 ], [ 31.95054817199707, 31.505161285400391 ], [ 31.963191986083984, 31.475692749023438 ], [ 31.984996795654297, 31.445831298828125 ], [ 32.009162902832031, 31.416385650634766 ], [ 32.0413818359375, 31.382221221923828 ], [ 32.061801910400391, 31.370275497436523 ], [ 32.086624145507812, 31.360755920410156 ], [ 32.103466033935547, 31.354026794433594 ], [ 32.202491760253906, 31.290933609008789 ], [ 32.167221069335938, 31.300554275512695 ], [ 32.112636566162109, 31.327499389648438 ], [ 32.089996337890625, 31.343608856201172 ], [ 32.078041076660156, 31.356388092041016 ], [ 32.064231872558594, 31.356317520141602 ], [ 32.017219543457031, 31.38055419921875 ], [ 31.992359161376953, 31.402637481689453 ], [ 31.977914810180664, 31.433193206787109 ], [ 31.933332443237305, 31.513469696044922 ], [ 31.909650802612305, 31.527566909790039 ], [ 31.860553741455078, 31.514511108398438 ], [ 31.777462005615234, 31.277393341064453 ], [ 31.798225402832031, 31.284694671630859 ], [ 31.836940765380859, 31.246109008789062 ], [ 31.927288055419922, 31.182010650634766 ], [ 31.955205917358398, 31.201803207397461 ], [ 32.006103515625, 31.217498779296875 ], [ 32.027915954589844, 31.215692520141602 ], [ 32.043052673339844, 31.193607330322266 ], [ 32.035678863525391, 31.17486572265625 ], [ 32.036079406738281, 31.14320182800293 ], [ 32.05194091796875, 31.128879547119141 ], [ 32.078048706054688, 31.082496643066406 ], [ 32.14306640625, 31.074165344238281 ], [ 32.146244049072266, 31.078609466552734 ], [ 32.141555786132812, 31.087322235107422 ], [ 32.137496948242188, 31.093330383300781 ], [ 32.192008972167969, 31.124858856201172 ], [ 32.23004150390625, 31.103263854980469 ], [ 32.253013610839844, 31.107479095458984 ], [ 32.279788970947266, 31.124303817749023 ], [ 32.288108825683594, 31.168972015380859 ], [ 32.291107177734375, 31.169441223144531 ], [ 32.298606872558594, 31.209163665771484 ], [ 32.274372100830078, 31.266735076904297 ], [ 32.256423950195312, 31.269721984863281 ], [ 32.24749755859375, 31.271110534667969 ], [ 32.214752197265625, 31.282426834106445 ], [ 32.256278991699219, 31.281715393066406 ], [ 32.276107788085938, 31.278610229492188 ], [ 32.329578399658203, 31.269302368164062 ], [ 32.4022216796875, 31.2147216796875 ], [ 32.462493896484375, 31.160552978515625 ], [ 32.481109619140625, 31.142498016357422 ], [ 32.499786376953125, 31.115970611572266 ], [ 32.552215576171875, 31.071455001831055 ], [ 32.599342346191406, 31.060146331787109 ], [ 32.669715881347656, 31.051666259765625 ], [ 32.711799621582031, 31.033538818359375 ], [ 32.781108856201172, 31.046110153198242 ], [ 33.028610229492188, 31.153888702392578 ], [ 33.115619659423828, 31.192497253417969 ], [ 33.14971923828125, 31.101665496826172 ], [ 33.143608093261719, 31.058330535888672 ], [ 33.206108093261719, 31.06805419921875 ], [ 33.251388549804688, 31.089443206787109 ], [ 33.31036376953125, 31.114376068115234 ], [ 33.412498474121094, 31.15485954284668 ], [ 33.454372406005859, 31.141733169555664 ], [ 33.484443664550781, 31.127498626708984 ], [ 33.529579162597656, 31.117498397827148 ], [ 33.584159851074219, 31.11444091796875 ], [ 33.604164123535156, 31.113609313964844 ], [ 33.636665344238281, 31.115554809570312 ], [ 33.673049926757812, 31.119998931884766 ], [ 33.743888854980469, 31.133331298828125 ], [ 33.806663513183594, 31.148887634277344 ], [ 33.871383666992188, 31.165275573730469 ], [ 33.931938171386719, 31.182220458984375 ], [ 33.985275268554688, 31.201385498046875 ], [ 34.046939849853516, 31.225692749023438 ], [ 34.072289415999201, 31.236926874211274 ], [ 34.092787536482909, 31.199657564240891 ], [ 33.831515359063658, 30.801528531982985 ], [ 33.620009310676643, 30.552697886821793 ], [ 33.19699721390262, 30.241659580370307 ], [ 32.773985117128596, 29.905738209402699 ], [ 32.66056647787768, 29.774870548728565 ], [ 32.649024963378906, 29.788356781005859 ], [ 32.607913970947266, 29.823610305786133 ], [ 32.57666015625, 29.919998168945312 ], [ 32.577774047851562, 29.951385498046875 ], [ 32.575618743896484, 30.002706527709961 ], [ 32.563251495361328, 29.956840515136719 ], [ 32.477634429931641, 29.936801910400391 ], [ 32.459026336669922, 29.897497177124023 ], [ 32.481941223144531, 29.869302749633789 ], [ 32.446937561035156, 29.795276641845703 ], [ 32.409164428710938, 29.75555419921875 ], [ 32.360832214355469, 29.683053970336914 ], [ 32.340827941894531, 29.594860076904297 ], [ 32.368255615234375, 29.544511795043945 ], [ 32.401107788085938, 29.511943817138672 ], [ 32.437816619873047, 29.492164611816406 ], [ 32.567218780517578, 29.382497787475586 ], [ 32.596382141113281, 29.340553283691406 ], [ 32.630828857421875, 29.236526489257812 ], [ 32.646942138671875, 29.173610687255859 ], [ 32.6575927734375, 29.119461059570312 ], [ 32.662216186523438, 29.113887786865234 ], [ 32.662635803222656, 29.093677520751953 ], [ 32.634231567382812, 29.061246871948242 ], [ 32.618747711181641, 28.984025955200195 ], [ 32.688606262207031, 28.867774963378906 ], [ 32.7369384765625, 28.816108703613281 ], [ 32.757518768310547, 28.801311492919922 ], [ 32.788608551025391, 28.791803359985352 ], [ 32.804164886474609, 28.776943206787109 ], [ 32.819999694824219, 28.748054504394531 ], [ 32.829437255859375, 28.724441528320312 ], [ 32.83721923828125, 28.701663970947266 ], [ 32.860832214355469, 28.626388549804688 ], [ 32.935276031494141, 28.545137405395508 ], [ 32.999160766601562, 28.484443664550781 ], [ 33.015830993652344, 28.459720611572266 ], [ 33.07666015625, 28.367774963378906 ], [ 33.126106262207031, 28.283609390258789 ], [ 33.179161071777344, 28.228885650634766 ], [ 33.224998474121094, 28.182220458984375 ], [ 33.334442138671875, 28.074996948242188 ], [ 33.41082763671875, 28.029165267944336 ], [ 33.4324951171875, 28.018608093261719 ], [ 33.469444274902344, 27.996387481689453 ], [ 33.485137939453125, 27.98388671875 ], [ 33.51666259765625, 27.944442749023438 ], [ 33.558883666992188, 27.883052825927734 ], [ 33.57110595703125, 27.854721069335938 ], [ 33.5816650390625, 27.816387176513672 ], [ 33.579715728759766, 27.790552139282227 ], [ 33.550827026367188, 27.812221527099609 ], [ 33.515274047851562, 27.830970764160156 ], [ 33.494720458984375, 27.837358474731445 ], [ 33.474720001220703, 27.827497482299805 ], [ 33.494720458984375, 27.643886566162109 ], [ 33.561103820800781, 27.568332672119141 ], [ 33.633049011230469, 27.489997863769531 ], [ 33.668052673339844, 27.424234390258789 ], [ 33.684162139892578, 27.372568130493164 ], [ 33.688884735107422, 27.340553283691406 ], [ 33.70416259765625, 27.319999694824219 ], [ 33.719993591308594, 27.306110382080078 ], [ 33.738052368164062, 27.293888092041016 ], [ 33.770828247070312, 27.282497406005859 ], [ 33.828746795654297, 27.255413055419922 ], [ 33.837356567382812, 27.236663818359375 ], [ 33.838329315185547, 27.199443817138672 ], [ 33.829994201660156, 27.161109924316406 ], [ 33.835689544677734, 27.117635726928711 ], [ 33.943470001220703, 26.935693740844727 ], [ 33.947776794433594, 26.818885803222656 ], [ 33.932357788085938, 26.684164047241211 ], [ 33.938327789306641, 26.655275344848633 ], [ 33.953746795654297, 26.641109466552734 ], [ 33.990554809570312, 26.630970001220703 ], [ 34.009994506835938, 26.613887786865234 ], [ 34.074440002441406, 26.511665344238281 ], [ 34.143051147460938, 26.372219085693359 ], [ 34.181938171386719, 26.299720764160156 ], [ 34.20111083984375, 26.250553131103516 ], [ 34.214164733886719, 26.221664428710938 ], [ 34.222770690917969, 26.202774047851562 ], [ 34.324165344238281, 26.026107788085938 ], [ 34.43804931640625, 25.84527587890625 ], [ 34.490413665771484, 25.777776718139648 ], [ 34.509162902832031, 25.760555267333984 ], [ 34.531246185302734, 25.745414733886719 ], [ 34.550483703613281, 25.72471809387207 ], [ 34.625274658203125, 25.581108093261719 ], [ 34.634437561035156, 25.562774658203125 ], [ 34.669166564941406, 25.487220764160156 ], [ 34.770828247070312, 25.284442901611328 ], [ 34.819442749023438, 25.194442749023438 ], [ 34.849441528320312, 25.140830993652344 ], [ 34.880271911621094, 25.096107482910156 ], [ 34.914161682128906, 25.045555114746094 ], [ 34.936386108398438, 25.0111083984375 ], [ 34.986381530761719, 24.923885345458984 ], [ 35.088329315185547, 24.718193054199219 ], [ 35.141937255859375, 24.541385650634766 ], [ 35.13861083984375, 24.517498016357422 ], [ 35.221382141113281, 24.422222137451172 ], [ 35.234992980957031, 24.407218933105469 ], [ 35.289997100830078, 24.366804122924805 ], [ 35.336936950683594, 24.332496643066406 ], [ 35.383049011230469, 24.290554046630859 ], [ 35.419441223144531, 24.242774963378906 ], [ 35.430274963378906, 24.225276947021484 ], [ 35.448051452636719, 24.181943893432617 ], [ 35.483604431152344, 24.149997711181641 ], [ 35.599159240722656, 24.076663970947266 ], [ 35.703052520751953, 24.014997482299805 ], [ 35.726818084716797, 24.004581451416016 ], [ 35.759025573730469, 23.982498168945312 ], [ 35.783050537109375, 23.956943511962891 ], [ 35.788825586712846, 23.946690899487017 ] ] ] ] } },
{ "type": "Feature", "properties": { "id": 31, "Nombre": "Arabia" }, "geometry": { "type": "MultiPolygon", "coordinates": [ [ [ [ 35.415888135065302, 27.744021979564845 ], [ 35.393051147460938, 27.775833129882812 ], [ 35.332912445068359, 27.858749389648438 ], [ 35.316665649414062, 27.878887176513672 ], [ 35.294998168945312, 27.901386260986328 ], [ 35.232498168945312, 27.964164733886719 ], [ 35.217216491699219, 27.976665496826172 ], [ 35.187774658203125, 27.996944427490234 ], [ 35.160552978515625, 28.056663513183594 ], [ 35.056106567382812, 28.112777709960938 ], [ 34.997077941894531, 28.110832214355469 ], [ 34.972770690917969, 28.099441528320312 ], [ 34.933883666992188, 28.083332061767578 ], [ 34.911106109619141, 28.077915191650391 ], [ 34.846523284912109, 28.071388244628906 ], [ 34.706241607666016, 28.138277053833008 ], [ 34.678745269775391, 28.12944221496582 ], [ 34.648887634277344, 28.093608856201172 ], [ 34.646987915039062, 28.064369201660156 ], [ 34.644161224365234, 28.038192749023438 ], [ 34.624786376953125, 28.025760650634766 ], [ 34.572147369384766, 28.09589958190918 ], [ 34.588607788085938, 28.129444122314453 ], [ 34.632144927978516, 28.174718856811523 ], [ 34.692497253417969, 28.287220001220703 ], [ 34.736381530761719, 28.388885498046875 ], [ 34.7449951171875, 28.417774200439453 ], [ 34.772773742675781, 28.478193283081055 ], [ 34.787216186523438, 28.493400573730469 ], [ 34.806804656982422, 28.539094924926758 ], [ 34.798332214355469, 28.627220153808594 ], [ 34.7913818359375, 28.657497406005859 ], [ 34.836387634277344, 28.857776641845703 ], [ 34.842536926269531, 28.884517669677734 ], [ 34.879440307617188, 29.114997863769531 ], [ 34.883331298828125, 29.135829925537109 ], [ 34.898048400878906, 29.191944122314453 ], [ 34.909439086914062, 29.228885650634766 ], [ 34.950828552246094, 29.348468780517578 ], [ 34.961387634277344, 29.360832214355469 ], [ 34.960414886474609, 29.37742805480957 ], [ 34.966941833496094, 29.448886871337891 ], [ 34.978469848632812, 29.477497100830078 ], [ 35.003677368164062, 29.528192520141602 ], [ 34.97998046875, 29.545753479003906 ], [ 34.965827941894531, 29.549163818359375 ], [ 34.962562561035156, 29.551460266113281 ], [ 34.93804931640625, 29.523330688476562 ], [ 34.903800964355469, 29.486705780029297 ], [ 34.882911682128906, 29.484512329101562 ], [ 34.858745574951172, 29.472219467163086 ], [ 34.761383056640625, 29.334720611572266 ], [ 34.744163513183594, 29.291385650634766 ], [ 34.689994812011719, 29.135555267333984 ], [ 34.665550231933594, 29.039165496826172 ], [ 34.622493743896484, 28.839303970336914 ], [ 34.62249755859375, 28.759441375732422 ], [ 34.627429962158203, 28.735414505004883 ], [ 34.605274200439453, 28.69166374206543 ], [ 34.585548400878906, 28.662220001220703 ], [ 34.548606872558594, 28.604999542236328 ], [ 34.52471923828125, 28.561943054199219 ], [ 34.4566650390625, 28.435276031494141 ], [ 34.409160614013672, 28.318748474121094 ], [ 34.414161682128906, 28.230415344238281 ], [ 34.430099487304688, 28.200899124145508 ], [ 34.45166015625, 28.174165725708008 ], [ 34.44610595703125, 28.021110534667969 ], [ 34.441940307617188, 27.996944427490234 ], [ 34.431106567382812, 27.974441528320312 ], [ 34.327217102050781, 27.868888854980469 ], [ 34.294166564941406, 27.854442596435547 ], [ 34.272216796875, 27.81805419921875 ], [ 34.258888244628906, 27.790275573730469 ], [ 34.255828857421875, 27.764720916748047 ], [ 34.254440307617188, 27.728610992431641 ], [ 34.216384887695312, 27.765274047851562 ], [ 34.187934875488281, 27.787141799926758 ], [ 34.134162902832031, 27.795829772949219 ], [ 33.973052978515625, 27.887775421142578 ], [ 33.825553894042969, 27.974998474121094 ], [ 33.805549621582031, 27.988887786865234 ], [ 33.763328552246094, 28.021942138671875 ], [ 33.712493896484375, 28.0816650390625 ], [ 33.626937866210938, 28.193332672119141 ], [ 33.599159240722656, 28.23944091796875 ], [ 33.563396453857422, 28.294721603393555 ], [ 33.520481109619141, 28.313261032104492 ], [ 33.433883666992188, 28.360832214355469 ], [ 33.411384582519531, 28.379997253417969 ], [ 33.306106567382812, 28.484996795654297 ], [ 33.286941528320312, 28.504997253417969 ], [ 33.242774963378906, 28.554443359375 ], [ 33.221107482910156, 28.608055114746094 ], [ 33.199581146240234, 28.662288665771484 ], [ 33.167770385742188, 28.861110687255859 ], [ 33.16583251953125, 28.953330993652344 ], [ 33.167217254638672, 28.97430419921875 ], [ 33.172561645507812, 28.995067596435547 ], [ 32.948745727539062, 29.206804275512695 ], [ 32.928886413574219, 29.209857940673828 ], [ 32.890830993652344, 29.233190536499023 ], [ 32.741386413574219, 29.454719543457031 ], [ 32.722221374511719, 29.510829925537109 ], [ 32.689720153808594, 29.616386413574219 ], [ 32.683120727539062, 29.669303894042969 ], [ 32.694366455078125, 29.723470687866211 ], [ 32.674720764160156, 29.758331298828125 ], [ 32.66056647787768, 29.774870548728565 ], [ 32.773985117128596, 29.905738209402699 ], [ 33.19699721390262, 30.241659580370307 ], [ 33.620009310676643, 30.552697886821793 ], [ 33.831515359063658, 30.801528531982985 ], [ 34.092787536482909, 31.199657564240891 ], [ 34.28718647801508, 31.344290376740826 ], [ 34.554679421563364, 31.250978884805377 ], [ 34.927925389305145, 31.114122029966722 ], [ 35.357158252208201, 31.002148239644189 ], [ 35.481573574788797, 31.039472836418366 ], [ 35.506456639304915, 31.126563562224781 ], [ 35.500235873175882, 31.275861949321499 ], [ 35.574885066724242, 31.275861949321499 ], [ 35.700855580837093, 31.568237957385897 ], [ 35.682193282450008, 32.743962755772522 ], [ 35.713297113095152, 32.924364973514386 ], [ 35.88747856470799, 32.936806505772445 ], [ 36.061660016320822, 32.961689570288563 ], [ 36.721061225997978, 33.148312554159453 ], [ 36.770827355030214, 33.092325658998185 ], [ 36.963671105030137, 32.986572634804681 ], [ 37.256047113094539, 32.787508118675731 ], [ 37.3120340082558, 32.644430497708044 ], [ 37.386683201804161, 32.420482917062976 ], [ 37.287150943739682, 32.215197634804994 ], [ 37.007216467933347, 31.985029288030891 ], [ 36.882801145352751, 31.866834731579324 ], [ 36.745944290514096, 31.773523239643879 ], [ 36.615308201804467, 31.607117745692328 ], [ 36.696178161481853, 31.258754842466661 ], [ 36.689957395352828, 30.910391939240995 ], [ 36.640191266320592, 30.723768955370101 ], [ 36.441126750191636, 30.586912100531446 ], [ 36.111426145353057, 30.406509882789582 ], [ 35.862595500191873, 29.747108673112429 ], [ 35.862595500191873, 29.510719560209296 ], [ 35.663530984062916, 29.125032060209453 ], [ 35.62620638728874, 28.590046173112892 ], [ 35.850153967933807, 28.129709479564688 ], [ 36.1611922743853, 27.831112705371261 ], [ 35.88747856470799, 27.744021979564845 ], [ 35.415888135065302, 27.744021979564845 ] ] ] ] } },
{ "type": "Feature", "properties": { "id": 32, "Nombre": "Iudea" }, "geometry": { "type": "MultiPolygon", "coordinates": [ [ [ [ 34.273957740135856, 31.372033979793084 ], [ 34.276107788085938, 31.373886108398438 ], [ 34.401107788085938, 31.489166259765625 ], [ 34.455825805664062, 31.549720764160156 ], [ 34.482635498046875, 31.583053588867188 ], [ 34.490547180175781, 31.596096038818359 ], [ 34.495277404785156, 31.60333251953125 ], [ 34.5111083984375, 31.626388549804688 ], [ 34.553886413574219, 31.683887481689453 ], [ 34.586105346679688, 31.726943969726562 ], [ 34.669998168945312, 31.874996185302734 ], [ 34.708328247070312, 31.947637557983398 ], [ 34.730831146240234, 32.003608703613281 ], [ 34.732772827148438, 32.014442443847656 ], [ 34.778884887695312, 32.12554931640625 ], [ 34.797775268554688, 32.178054809570312 ], [ 34.802803039550781, 32.192367553710938 ], [ 34.834159851074219, 32.29083251953125 ], [ 34.868331909179688, 32.407493591308594 ], [ 34.87249755859375, 32.419719696044922 ], [ 34.895553588867188, 32.510276794433594 ], [ 34.936177599476373, 32.699431455448881 ], [ 34.999464199788989, 32.726855648917685 ], [ 35.229632546563089, 32.876154036014398 ], [ 35.378930933659802, 32.991238209401452 ], [ 35.494015107046856, 33.068997786014322 ], [ 35.652644643337112, 33.075218552143355 ], [ 35.702410772369355, 33.053445870691746 ], [ 35.713297113095152, 32.924364973514386 ], [ 35.682193282450008, 32.743962755772522 ], [ 35.700855580837093, 31.568237957385897 ], [ 35.574885066724242, 31.275861949321499 ], [ 35.500235873175882, 31.275861949321499 ], [ 35.506456639304915, 31.126563562224781 ], [ 35.481573574788797, 31.039472836418366 ], [ 35.357158252208201, 31.002148239644189 ], [ 34.927925389305145, 31.114122029966722 ], [ 34.554679421563364, 31.250978884805377 ], [ 34.28718647801508, 31.344290376740826 ], [ 34.273957740135856, 31.372033979793084 ] ] ] ] } },
{ "type": "Feature", "properties": { "id": 33, "Nombre": "Syriae" }, "geometry": { "type": "MultiPolygon", "coordinates": [ [ [ [ 34.939163208007812, 32.713333129882812 ], [ 34.945549011230469, 32.767078399658203 ], [ 34.953189849853516, 32.823398590087891 ], [ 34.989021301269531, 32.834789276123047 ], [ 35.014995574951172, 32.815414428710938 ], [ 35.034160614013672, 32.823192596435547 ], [ 35.061664581298828, 32.849163055419922 ], [ 35.073192596435547, 32.872772216796875 ], [ 35.077674865722656, 32.892578125 ], [ 35.072078704833984, 32.954437255859375 ], [ 35.078887939453125, 32.9869384765625 ], [ 35.088050842285156, 33.018051147460938 ], [ 35.102428436279297, 33.075901031494141 ], [ 35.100830078125, 33.093605041503906 ], [ 35.14166259765625, 33.130828857421875 ], [ 35.188331604003906, 33.182777404785156 ], [ 35.204578399658203, 33.217079162597656 ], [ 35.209442138671875, 33.249443054199219 ], [ 35.22027587890625, 33.305274963378906 ], [ 35.263053894042969, 33.425552368164062 ], [ 35.273330688476562, 33.45416259765625 ], [ 35.300411224365234, 33.472011566162109 ], [ 35.329719543457031, 33.495826721191406 ], [ 35.356243133544922, 33.526802062988281 ], [ 35.382339477539062, 33.58782958984375 ], [ 35.394996643066406, 33.634437561035156 ], [ 35.416938781738281, 33.688331604003906 ], [ 35.441665649414062, 33.741661071777344 ], [ 35.467082977294922, 33.77874755859375 ], [ 35.478748321533203, 33.800968170166016 ], [ 35.483470916748047, 33.826244354248047 ], [ 35.483608245849609, 33.858188629150391 ], [ 35.482498168945312, 33.865287780761719 ], [ 35.475307464599609, 33.901798248291016 ], [ 35.523605346679688, 33.907218933105469 ], [ 35.548088073730469, 33.901664733886719 ], [ 35.574302673339844, 33.912082672119141 ], [ 35.634437561035156, 34.012771606445312 ], [ 35.647079467773438, 34.105693817138672 ], [ 35.634124755859375, 34.141490936279297 ], [ 35.629924774169922, 34.202217102050781 ], [ 35.646270751953125, 34.217185974121094 ], [ 35.648883819580078, 34.281105041503906 ], [ 35.669441223144531, 34.312492370605469 ], [ 35.819160461425781, 34.431388854980469 ], [ 35.900550842285156, 34.471939086914062 ], [ 35.983608245849609, 34.527496337890625 ], [ 35.991592407226562, 34.557010650634766 ], [ 35.987216949462891, 34.611801147460938 ], [ 35.972770690917969, 34.647499084472656 ], [ 35.949714660644531, 34.694442749023438 ], [ 35.931388854980469, 34.738609313964844 ], [ 35.883331298828125, 34.874443054199219 ], [ 35.874992370605469, 34.912078857421875 ], [ 35.877777099609375, 34.986381530761719 ], [ 35.882774353027344, 35.064994812011719 ], [ 35.8861083984375, 35.103469848632812 ], [ 35.923881530761719, 35.153610229492188 ], [ 35.957286834716797, 35.19610595703125 ], [ 35.950828552246094, 35.225830078125 ], [ 35.941665649414062, 35.244720458984375 ], [ 35.929145812988281, 35.262062072753906 ], [ 35.919025421142578, 35.422634124755859 ], [ 35.857078552246094, 35.478054046630859 ], [ 35.770713806152344, 35.499553680419922 ], [ 35.73388671875, 35.5816650390625 ], [ 35.782493591308594, 35.638053894042969 ], [ 35.826942443847656, 35.708610534667969 ], [ 35.843746185302734, 35.738327026367188 ], [ 35.879165649414062, 35.863883972167969 ], [ 35.922439575195312, 35.926994323730469 ], [ 35.978439331054688, 36.002609252929688 ], [ 35.954986572265625, 36.066375732421875 ], [ 35.941932678222656, 36.09527587890625 ], [ 35.850265502929688, 36.218879699707031 ], [ 35.78680419921875, 36.290271759033203 ], [ 35.785545349121094, 36.314846038818359 ], [ 35.818885803222656, 36.354995727539062 ], [ 35.924713134765625, 36.450828552246094 ], [ 36.041385650634766, 36.532489776611328 ], [ 36.162975311279297, 36.588390350341797 ], [ 36.190059661865234, 36.597286224365234 ], [ 36.217281341552734, 36.654781341552734 ], [ 36.206241607666016, 36.767349243164062 ], [ 36.202155075713456, 36.775131158959098 ], [ 36.746333088397144, 37.099276641859447 ], [ 37.614129963396792, 37.665366359601151 ], [ 37.887843673074102, 37.820885512826898 ], [ 38.068245890815966, 37.883093174117192 ], [ 38.67788097146088, 37.883093174117192 ], [ 38.802296294041476, 37.95152160153652 ], [ 38.957815447267222, 38.06971615798809 ], [ 39.088451535976844, 38.194131480568686 ], [ 39.250191455331624, 38.206573012826745 ], [ 39.393269076299305, 38.169248416052568 ], [ 39.586112826299228, 37.939080069278461 ], [ 39.673203552105647, 37.727574020891453 ], [ 40.276617866621528, 37.49118490798832 ], [ 40.618760003718165, 37.435198012827051 ], [ 40.612539237589139, 37.310782690246455 ], [ 40.276617866621528, 37.077503960407853 ], [ 39.803839640815269, 36.965530170085316 ], [ 39.751945488717162, 36.902103984187633 ], [ 39.703888823421096, 36.298233094263765 ], [ 39.871877156754366, 35.716273510930662 ], [ 40.627824656754058, 34.864332677597673 ], [ 40.831810490087307, 34.489358719264487 ], [ 40.420839031754142, 34.057388719264658 ], [ 39.445906740087864, 34.2973720525979 ], [ 39.151927156754653, 34.411364135931187 ], [ 38.834956938372827, 34.490760265460516 ], [ 38.566384386844362, 34.187158538604528 ], [ 38.054844038884752, 33.500604770959313 ], [ 38.11681821000893, 33.012544829161541 ], [ 37.984265548074063, 32.638987327345113 ], [ 37.859850225493467, 32.52079277089355 ], [ 37.386683201804161, 32.420482917062976 ], [ 37.3120340082558, 32.644430497708044 ], [ 37.256047113094539, 32.787508118675731 ], [ 36.963671105030137, 32.986572634804681 ], [ 36.770827355030214, 33.092325658998185 ], [ 36.721061225997978, 33.148312554159453 ], [ 36.061660016320822, 32.961689570288563 ], [ 35.88747856470799, 32.936806505772445 ], [ 35.713297113095152, 32.924364973514386 ], [ 35.702410772369355, 33.053445870691746 ], [ 35.652644643337112, 33.075218552143355 ], [ 35.494015107046856, 33.068997786014322 ], [ 35.378930933659802, 32.991238209401452 ], [ 35.229632546563089, 32.876154036014398 ], [ 34.999464199788989, 32.726855648917685 ], [ 34.936177599476373, 32.699431455448881 ], [ 34.939163208007812, 32.713333129882812 ] ] ] ] } },
{ "type": "Feature", "properties": { "id": 34, "Nombre": "Cappadocia" }, "geometry": { "type": "MultiPolygon", "coordinates": [ [ [ [ 37.507429143799634, 41.039270960071661 ], [ 37.539642333984375, 41.028877258300781 ], [ 37.581382751464844, 41.037490844726562 ], [ 37.610408782958984, 41.050544738769531 ], [ 37.629714965820312, 41.079429626464844 ], [ 37.656246185302734, 41.11749267578125 ], [ 37.682765960693359, 41.135200500488281 ], [ 37.753608703613281, 41.119163513183594 ], [ 37.785408020019531, 41.098739624023438 ], [ 37.7828369140625, 41.06561279296875 ], [ 37.793609619140625, 41.045547485351562 ], [ 37.814853668212891, 41.027217864990234 ], [ 37.895130157470703, 40.982353210449219 ], [ 37.934440612792969, 40.988319396972656 ], [ 37.988189697265625, 40.987632751464844 ], [ 38.097221374511719, 40.963600158691406 ], [ 38.1160888671875, 40.955474853515625 ], [ 38.159988403320312, 40.949432373046875 ], [ 38.327770233154297, 40.918464660644531 ], [ 38.355823516845703, 40.910270690917969 ], [ 38.3896484375, 40.920005798339844 ], [ 38.420547485351562, 40.912208557128906 ], [ 38.518600463867188, 40.920272827148438 ], [ 38.709991455078125, 40.949996948242188 ], [ 38.734443664550781, 40.963050842285156 ], [ 38.76416015625, 40.981521606445312 ], [ 38.783603668212891, 40.996944427490234 ], [ 38.816108703613281, 41.009994506835938 ], [ 38.929023742675781, 41.040966033935547 ], [ 39.005756378173828, 41.033744812011719 ], [ 39.054710388183594, 41.041099548339844 ], [ 39.09832763671875, 41.050819396972656 ], [ 39.123878479003906, 41.057212829589844 ], [ 39.147914886474609, 41.0655517578125 ], [ 39.154716491699219, 41.073402404785156 ], [ 39.165828704833984, 41.082496643066406 ], [ 39.210823059082031, 41.07415771484375 ], [ 39.233051300048828, 41.056381225585938 ], [ 39.262905120849609, 41.049301147460938 ], [ 39.284717559814453, 41.051521301269531 ], [ 39.326652526855469, 41.066108703613281 ], [ 39.353599548339844, 41.076377868652344 ], [ 39.385410308837891, 41.089157104492188 ], [ 39.414226531982422, 41.106731414794922 ], [ 39.487354278564453, 41.097564697265625 ], [ 39.551109313964844, 41.052215576171875 ], [ 39.6905517578125, 41.0030517578125 ], [ 39.721420288085938, 41.010028839111328 ], [ 39.912490844726562, 40.956657409667969 ], [ 40.081382751464844, 40.921653747558594 ], [ 40.106662750244141, 40.917076110839844 ], [ 40.128593444824219, 40.9163818359375 ], [ 40.149993896484375, 40.920272827148438 ], [ 40.269149780273438, 40.957206726074219 ], [ 40.345268249511719, 40.983592987060547 ], [ 40.358200073242188, 40.994102478027344 ], [ 40.36553955078125, 41.002342224121094 ], [ 40.393329620361328, 41.018642425537109 ], [ 40.461658477783203, 41.043186187744141 ], [ 40.481655120849609, 41.042495727539062 ], [ 40.580543518066406, 41.054702758789062 ], [ 40.637771606445312, 41.078605651855469 ], [ 40.729705810546875, 41.136932373046875 ], [ 40.772758483886719, 41.1663818359375 ], [ 40.848976135253906, 41.195571899414062 ], [ 40.882766723632812, 41.1885986328125 ], [ 40.921241760253906, 41.186721801757812 ], [ 41.043876647949219, 41.230262756347656 ], [ 41.17169189453125, 41.285301208496094 ], [ 41.208763122558594, 41.307601928710938 ], [ 41.2088623046875, 41.307674407958984 ], [ 41.234710693359375, 41.32470703125 ], [ 41.337902069091797, 41.370677947998047 ], [ 41.384952545166016, 41.373710632324219 ], [ 41.413040161132812, 41.394435882568359 ], [ 41.498741149902344, 41.481517791748047 ], [ 41.531558990478516, 41.523876190185547 ], [ 41.616096496582031, 41.634437561035156 ], [ 41.646377563476562, 41.64422607421875 ], [ 41.683868408203125, 41.671653747558594 ], [ 41.728736877441406, 41.723323822021484 ], [ 41.773876190185547, 41.815547943115234 ], [ 41.776092529296875, 41.841926574707031 ], [ 41.774726867675781, 41.885627746582031 ], [ 41.760818481445312, 41.961372375488281 ], [ 41.659149169921875, 42.125820159912109 ], [ 41.652900695800781, 42.147628784179688 ], [ 41.656093597412109, 42.175823211669922 ], [ 41.646659851074219, 42.220260620117188 ], [ 41.632766723632812, 42.271934509277344 ], [ 41.592903137207031, 42.35443115234375 ], [ 41.547622680664062, 42.405776977539062 ], [ 41.536384582519531, 42.452766418457031 ], [ 41.52886962890625, 42.486648559570312 ], [ 41.525547027587891, 42.521099090576172 ], [ 41.525054931640625, 42.550197601318359 ], [ 41.500541687011719, 42.624984741210938 ], [ 41.484432220458984, 42.668739318847656 ], [ 41.469985961914062, 42.69415283203125 ], [ 41.456100463867188, 42.71429443359375 ], [ 41.440822601318359, 42.729850769042969 ], [ 41.419567108154297, 42.741657257080078 ], [ 41.371368408203125, 42.757766723632812 ], [ 41.215610504150391, 42.799571990966797 ], [ 41.190753936767578, 42.796173095703125 ], [ 41.159084320068359, 42.789783477783203 ], [ 41.098182678222656, 42.846794128417969 ], [ 41.084983825683594, 42.890548706054688 ], [ 41.075405120849609, 42.923179626464844 ], [ 41.026100158691406, 42.978183746337891 ], [ 41.002628326416016, 42.987697601318359 ], [ 40.961654663085938, 42.974990844726562 ], [ 40.936443328857422, 42.973594665527344 ], [ 40.90887451171875, 43.001937866210938 ], [ 40.876937866210938, 43.044715881347656 ], [ 40.859992980957031, 43.059150695800781 ], [ 40.837070465087891, 43.069854736328125 ], [ 40.802074432373047, 43.078598022460938 ], [ 40.726650238037109, 43.089290618896484 ], [ 40.661376953125, 43.091926574707031 ], [ 40.360549926757812, 43.163314819335938 ], [ 40.271930694580078, 43.246795654296875 ], [ 40.254432678222656, 43.274436950683594 ], [ 40.218437194824219, 43.31640625 ], [ 40.109153747558594, 43.3538818359375 ], [ 40.051383972167969, 43.370269775390625 ], [ 40.002967834472656, 43.379264831542969 ], [ 39.945533752441406, 43.396934509277344 ], [ 39.916900634765625, 43.412937164306641 ], [ 39.892562866210938, 43.465267181396484 ], [ 39.87457275390625, 43.490959167480469 ], [ 39.845405578613281, 43.510410308837891 ], [ 39.696647644042969, 43.601661682128906 ], [ 39.589988708496094, 43.674705505371094 ], [ 39.471923828125, 43.757766723632812 ], [ 39.454299926757812, 43.770961761474609 ], [ 39.424943507900167, 43.801628038923312 ], [ 39.789842917024934, 43.761717166050289 ], [ 40.039372383069377, 43.678540677368808 ], [ 40.496202913350615, 43.516263345767932 ], [ 40.551160936927658, 43.496740917153865 ], [ 41.157765127641866, 43.249011429204025 ], [ 41.157765127641902, 43.24901142920401 ], [ 41.345034449282373, 43.158302851534401 ], [ 41.477063416936971, 43.052679677410723 ], [ 41.942550683377803, 42.196140746226177 ], [ 41.942550683377803, 42.126296512413091 ], [ 41.91734493315311, 41.833279666051062 ], [ 41.880020336378934, 41.35428067411577 ], [ 41.813565062170163, 41.280907342970444 ], [ 41.512856791091728, 41.023293427693623 ], [ 40.796700303948271, 40.576107267515226 ], [ 40.642382596750885, 40.46024050957957 ], [ 40.341935910976325, 40.405613839438736 ], [ 39.819391556137823, 40.125679363632401 ], [ 39.775846193234621, 39.795978758793822 ], [ 39.873557570190556, 39.510360887691846 ], [ 39.855466063702593, 39.391039977268129 ], [ 39.943711482699761, 39.26262742856278 ], [ 39.993573007750662, 38.769552347503911 ], [ 40.167754459363493, 38.638916258794289 ], [ 40.522338128718189, 38.582929363633021 ], [ 40.572104257750425, 38.402527145891156 ], [ 40.211299822266703, 38.32165718621377 ], [ 39.987352241621629, 38.309215653955711 ], [ 39.589223209363723, 38.166138032988023 ], [ 38.978032937186555, 38.385420039036326 ], [ 39.108669025896177, 38.292108547100881 ], [ 39.088451535976844, 38.194131480568686 ], [ 38.957815447267222, 38.06971615798809 ], [ 38.802296294041476, 37.95152160153652 ], [ 38.67788097146088, 37.883093174117192 ], [ 38.068245890815966, 37.883093174117192 ], [ 37.887843673074102, 37.820885512826898 ], [ 37.614129963396792, 37.665366359601151 ], [ 36.746333088397144, 37.099276641859447 ], [ 36.299993118639236, 37.363659202343186 ], [ 36.001396344445808, 37.407204565246396 ], [ 35.646812675091113, 37.494295291052808 ], [ 34.943866102510754, 37.432087629762513 ], [ 34.464867110575462, 37.407204565246396 ], [ 34.222257231543303, 37.419646097504454 ], [ 34.010751183156287, 37.537840653956017 ], [ 33.793024368640246, 37.687139041052731 ], [ 33.849011263801515, 37.935969686213923 ], [ 33.967205820253078, 38.240787226536384 ], [ 33.923660457349868, 38.390085613633097 ], [ 33.705933642833827, 38.632695492665256 ], [ 33.500648360575845, 38.981058395890926 ], [ 33.326466908963013, 39.422732791052034 ], [ 33.743258239608011, 39.727550331374495 ], [ 33.908108542027293, 39.912618123713138 ], [ 34.132056122672367, 40.509811672099993 ], [ 34.163159953317518, 40.88305763984178 ], [ 34.604834348478633, 41.107005220486847 ], [ 34.866106525897877, 41.256303607583561 ], [ 35.002963380736531, 41.467809655970576 ], [ 35.463300074284739, 41.337173567260947 ], [ 35.929857533961972, 41.162992115648116 ], [ 36.315545033961811, 41.007472962422376 ], [ 36.831868622671287, 40.939044535003049 ], [ 37.25488071944531, 40.820849978551479 ], [ 37.397958340412991, 40.914161470486924 ], [ 37.507429143799634, 41.039270960071661 ] ] ] ] } },
{ "type": "Feature", "properties": { "id": 35, "Nombre": "Galatia" }, "geometry": { "type": "MultiPolygon", "coordinates": [ [ [ [ 31.926794529931325, 40.122568980567877 ], [ 32.760377191221309, 40.610899121696718 ], [ 33.121181626705038, 40.853509000728877 ], [ 33.363791505737197, 41.040131984599775 ], [ 33.83034896541443, 41.189430371696488 ], [ 34.197374167027185, 41.332507992664169 ], [ 34.676373158962477, 41.432040250728647 ], [ 35.002963380736531, 41.467809655970576 ], [ 34.866106525897877, 41.256303607583561 ], [ 34.604834348478633, 41.107005220486847 ], [ 34.163159953317518, 40.88305763984178 ], [ 34.132056122672367, 40.509811672099993 ], [ 33.908108542027293, 39.912618123713138 ], [ 33.743258239608011, 39.727550331374495 ], [ 33.326466908963013, 39.422732791052034 ], [ 33.500648360575845, 38.981058395890926 ], [ 33.705933642833827, 38.632695492665256 ], [ 33.923660457349868, 38.390085613633097 ], [ 33.967205820253078, 38.240787226536384 ], [ 33.849011263801515, 37.935969686213923 ], [ 33.793024368640246, 37.687139041052731 ], [ 34.010751183156287, 37.537840653956017 ], [ 34.222257231543303, 37.419646097504454 ], [ 34.004530417027262, 37.366769585407695 ], [ 33.730816707349952, 37.354328053149636 ], [ 33.544193723479061, 37.391652649923813 ], [ 33.444661465414583, 37.341886520891578 ], [ 33.29536307831787, 37.261016561214191 ], [ 33.083857029930861, 37.173925835407772 ], [ 32.816364086382578, 37.173925835407772 ], [ 32.611078804124595, 37.124159706375536 ], [ 32.393351989608554, 36.99974438379494 ], [ 32.300040497673109, 37.142822004762621 ], [ 32.188066707350572, 37.310782690246427 ], [ 31.98278142509259, 37.491184907988291 ], [ 31.758833844447519, 37.696470190246274 ], [ 31.391808642834764, 37.914197004762315 ], [ 31.161640296060664, 38.013729262826793 ], [ 30.950134247673653, 38.075936924117087 ], [ 30.632875175093133, 38.019950028955819 ], [ 30.352940699286794, 38.032391561213878 ], [ 30.43381065896418, 38.163027649923507 ], [ 30.47735602186739, 38.231456077342834 ], [ 30.607992110577015, 38.368312932181489 ], [ 30.887926586383355, 38.461624424116934 ], [ 31.118094933157455, 38.362092166052456 ], [ 31.416691707350882, 38.23767684347186 ], [ 31.553548562189537, 38.219014545084775 ], [ 31.690405417028192, 38.337209101536338 ], [ 31.696626183157221, 38.679351238632975 ], [ 31.70906771541528, 39.040155674116704 ], [ 31.665522352512074, 39.220557891858562 ], [ 31.665522352512074, 39.475609303148786 ], [ 31.684184650899162, 39.643569988632585 ], [ 31.677963884770133, 39.811530674116391 ], [ 31.665522352512074, 40.023036722503406 ], [ 31.740171546060431, 40.110127448309818 ], [ 31.926794529931325, 40.122568980567877 ] ] ] ] } },
{ "type": "Feature", "properties": { "id": 36, "Nombre": "Bythinia" }, "geometry": { "type": "MultiPolygon", "coordinates": [ [ [ [ 28.848777821824466, 40.387536872590388 ], [ 28.883955001831055, 40.379428863525391 ], [ 28.916660308837891, 40.362495422363281 ], [ 28.937221527099609, 40.359443664550781 ], [ 28.982215881347656, 40.357074737548828 ], [ 29.055761337280273, 40.366798400878906 ], [ 29.141695022583008, 40.437908172607422 ], [ 29.079996109008789, 40.477630615234375 ], [ 29.026523590087891, 40.480060577392578 ], [ 28.975341796875, 40.462974548339844 ], [ 28.91485595703125, 40.468879699707031 ], [ 28.891937255859375, 40.476943969726562 ], [ 28.779641448089887, 40.525809620059555 ], [ 28.778215444790003, 40.528661626659321 ], [ 28.805830001831055, 40.558116912841797 ], [ 28.852493286132812, 40.575553894042969 ], [ 28.894161224365234, 40.588607788085938 ], [ 28.909839630126953, 40.593116760253906 ], [ 28.955272674560547, 40.624717712402344 ], [ 28.980411529541016, 40.639572143554688 ], [ 29.001388549804688, 40.643882751464844 ], [ 29.154716491699219, 40.657493591308594 ], [ 29.251659393310547, 40.662490844726562 ], [ 29.392288208007812, 40.70220947265625 ], [ 29.423995971679688, 40.685798645019531 ], [ 29.479442596435547, 40.72027587890625 ], [ 29.510688781738281, 40.731521606445312 ], [ 29.53582763671875, 40.706382751464844 ], [ 29.554023742675781, 40.686172485351562 ], [ 29.701492309570312, 40.705009460449219 ], [ 29.901527404785156, 40.712909698486328 ], [ 29.933954238891602, 40.722209930419922 ], [ 29.937496185302734, 40.752216339111328 ], [ 29.916942596435547, 40.76165771484375 ], [ 29.726108551025391, 40.772216796875 ], [ 29.591659545898438, 40.775550842285156 ], [ 29.562221527099609, 40.771110534667969 ], [ 29.518054962158203, 40.769157409667969 ], [ 29.412494659423828, 40.769721984863281 ], [ 29.336660385131836, 40.807075500488281 ], [ 29.290275573730469, 40.848052978515625 ], [ 29.254993438720703, 40.868331909179688 ], [ 29.149440765380859, 40.903045654296875 ], [ 29.129440307617188, 40.914443969726562 ], [ 29.043327331542969, 40.973052978515625 ], [ 29.025554656982422, 41.034431457519531 ], [ 29.041831970214844, 41.051284790039062 ], [ 29.088220596313477, 41.118621826171875 ], [ 29.088220596313477, 41.139568328857422 ], [ 29.074579238891602, 41.159431457519531 ], [ 29.087356567382812, 41.175270080566406 ], [ 29.133468627929688, 41.212764739990234 ], [ 29.159999847412109, 41.224575042724609 ], [ 29.21978759765625, 41.236869812011719 ], [ 29.290275573730469, 41.228042602539062 ], [ 29.471103668212891, 41.195541381835938 ], [ 29.579601287841797, 41.172996520996094 ], [ 29.621627807617188, 41.175754547119141 ], [ 29.754718780517578, 41.163047790527344 ], [ 29.862205505371094, 41.147224426269531 ], [ 29.874719619750977, 41.145408630371094 ], [ 29.984439849853516, 41.139572143554688 ], [ 30.158605575561523, 41.140689849853516 ], [ 30.194999694824219, 41.151374816894531 ], [ 30.261661529541016, 41.192214965820312 ], [ 30.284717559814453, 41.208053588867188 ], [ 30.326803207397461, 41.203048706054688 ], [ 30.355133056640625, 41.18603515625 ], [ 30.376941680908203, 41.17498779296875 ], [ 30.425048828125, 41.164962768554688 ], [ 30.493465423583984, 41.147220611572266 ], [ 30.516937255859375, 41.143325805664062 ], [ 30.606109619140625, 41.133880615234375 ], [ 30.757219314575195, 41.086452484130859 ], [ 30.879718780517578, 41.076934814453125 ], [ 30.933605194091797, 41.074714660644531 ], [ 30.954734802246094, 41.074569702148438 ], [ 30.980270385742188, 41.074996948242188 ], [ 31.073329925537109, 41.078330993652344 ], [ 31.233469009399414, 41.089298248291016 ], [ 31.298881530761719, 41.113883972167969 ], [ 31.33721923828125, 41.137214660644531 ], [ 31.340541839599609, 41.142631530761719 ], [ 31.37554931640625, 41.170547485351562 ], [ 31.409996032714844, 41.210060119628906 ], [ 31.421524047851562, 41.279022216796875 ], [ 31.552494049072266, 41.362766265869141 ], [ 31.614717483520508, 41.379440307617188 ], [ 31.747776031494141, 41.433048248291016 ], [ 31.797893524169922, 41.457782745361328 ], [ 31.992221832275391, 41.542495727539062 ], [ 32.160686492919922, 41.608882904052734 ], [ 32.179435729980469, 41.633323669433594 ], [ 32.277496337890625, 41.719436645507812 ], [ 32.530265808105469, 41.809165954589844 ], [ 32.602699279785156, 41.831798553466797 ], [ 32.684432983398438, 41.833755493164062 ], [ 32.692489624023438, 41.839431762695312 ], [ 32.72137451171875, 41.849151611328125 ], [ 32.772773742675781, 41.858047485351562 ], [ 32.798049926757812, 41.85888671875 ], [ 32.828048706054688, 41.859153747558594 ], [ 32.912208557128906, 41.874984741210938 ], [ 32.950828552246094, 41.884994506835938 ], [ 32.987010955810547, 41.906379699707031 ], [ 33.068328857421875, 41.938045501708984 ], [ 33.219718933105469, 41.97637939453125 ], [ 33.338600158691406, 42.019851684570312 ], [ 33.398597717285156, 42.016929626464844 ], [ 33.543605804443359, 42.004161834716797 ], [ 33.573192596435547, 41.995128631591797 ], [ 33.598884582519531, 41.989997863769531 ], [ 33.632209777832031, 41.986381530761719 ], [ 33.738044738769531, 41.979713439941406 ], [ 33.774154663085938, 41.977775573730469 ], [ 33.834716796875, 41.974990844726562 ], [ 33.923881530761719, 41.973052978515625 ], [ 33.993888854980469, 41.981109619140625 ], [ 34.101943969726562, 41.976104736328125 ], [ 34.209434509277344, 41.959434509277344 ], [ 34.255546569824219, 41.947628021240234 ], [ 34.315269470214844, 41.940818786621094 ], [ 34.36444091796875, 41.943328857421875 ], [ 34.554710388183594, 41.948043823242188 ], [ 34.614715576171875, 41.940269470214844 ], [ 34.641387939453125, 41.939712524414062 ], [ 34.715545654296875, 41.942489624023438 ], [ 34.744430541992188, 41.946662902832031 ], [ 34.792495727539062, 41.956520080566406 ], [ 34.832496643066406, 41.96832275390625 ], [ 34.850822448730469, 41.979438781738281 ], [ 34.88970947265625, 42.010276794433594 ], [ 34.917213439941406, 42.036651611328125 ], [ 34.948982238769531, 42.085926055908203 ], [ 34.9788818359375, 42.091941833496094 ], [ 35.006385803222656, 42.086097717285156 ], [ 35.027488708496094, 42.078048706054688 ], [ 35.047210693359375, 42.065269470214844 ], [ 35.157367706298828, 42.025318145751953 ], [ 35.114990234375, 42.000965118408203 ], [ 35.099296569824219, 41.967212677001953 ], [ 35.096378326416016, 41.918670654296875 ], [ 35.136932373046875, 41.858047485351562 ], [ 35.212493896484375, 41.770553588867188 ], [ 35.265266418457031, 41.725822448730469 ], [ 35.286651611328125, 41.713050842285156 ], [ 35.456382751464844, 41.653602600097656 ], [ 35.479438781738281, 41.646659851074219 ], [ 35.493171691894531, 41.643867492675781 ], [ 35.506385803222656, 41.638053894042969 ], [ 35.549430847167969, 41.630828857421875 ], [ 35.576652526855469, 41.627212524414062 ], [ 35.616943359375, 41.630962371826172 ], [ 35.643882751464844, 41.63665771484375 ], [ 35.77679443359375, 41.671520233154297 ], [ 35.876655578613281, 41.700828552246094 ], [ 35.911109924316406, 41.713050842285156 ], [ 35.931381225585938, 41.725547790527344 ], [ 35.953048706054688, 41.734573364257812 ], [ 35.973052978515625, 41.732215881347656 ], [ 36.056102752685547, 41.688743591308594 ], [ 36.074573516845703, 41.674846649169922 ], [ 36.113601684570312, 41.632072448730469 ], [ 36.131107330322266, 41.595127105712891 ], [ 36.133186340332031, 41.544300079345703 ], [ 36.117145538330078, 41.509296417236328 ], [ 36.123783111572266, 41.475734710693359 ], [ 36.172767639160156, 41.41943359375 ], [ 36.240272521972656, 41.356109619140625 ], [ 36.344993591308594, 41.283332824707031 ], [ 36.400131225585938, 41.254158020019531 ], [ 36.4315185546875, 41.242076873779297 ], [ 36.466934204101562, 41.241104125976562 ], [ 36.49249267578125, 41.247909545898438 ], [ 36.535133361816406, 41.269851684570312 ], [ 36.571102142333984, 41.295688629150391 ], [ 36.61248779296875, 41.347488403320312 ], [ 36.657768249511719, 41.360832214355469 ], [ 36.711654663085938, 41.364997863769531 ], [ 36.734443664550781, 41.363044738769531 ], [ 36.80999755859375, 41.355552673339844 ], [ 36.864017486572266, 41.345127105712891 ], [ 36.930831909179688, 41.315818786621094 ], [ 37.004299163818359, 41.279022216796875 ], [ 37.02880859375, 41.257488250732422 ], [ 37.029441833496094, 41.224159240722656 ], [ 37.032215118408203, 41.193603515625 ], [ 37.052349090576172, 41.170406341552734 ], [ 37.129299163818359, 41.146797180175781 ], [ 37.15228271484375, 41.144912719726562 ], [ 37.238044738769531, 41.141105651855469 ], [ 37.296653747558594, 41.136932373046875 ], [ 37.417762756347656, 41.080543518066406 ], [ 37.499160766601562, 41.041938781738281 ], [ 37.507429143799634, 41.039270960071661 ], [ 37.397958340412991, 40.914161470486924 ], [ 37.25488071944531, 40.820849978551479 ], [ 36.831868622671287, 40.939044535003049 ], [ 36.315545033961811, 41.007472962422376 ], [ 35.929857533961972, 41.162992115648116 ], [ 35.463300074284739, 41.337173567260947 ], [ 35.002963380736531, 41.467809655970576 ], [ 34.676373158962477, 41.432040250728647 ], [ 34.197374167027185, 41.332507992664169 ], [ 33.83034896541443, 41.189430371696488 ], [ 33.363791505737197, 41.040131984599775 ], [ 33.121181626705038, 40.853509000728877 ], [ 32.760377191221309, 40.610899121696718 ], [ 31.926794529931325, 40.122568980567877 ], [ 31.740171546060431, 40.110127448309818 ], [ 31.665522352512074, 40.023036722503406 ], [ 31.079215144851013, 40.075913234600144 ], [ 30.793059902915644, 40.051030170084026 ], [ 30.388710104528712, 40.019926339438875 ], [ 29.592452040012901, 40.075913234600144 ], [ 29.169439943238878, 40.237653153954916 ], [ 28.852180870658358, 40.380730774922604 ], [ 28.848777821824466, 40.387536872590388 ] ] ] ] } },
{ "type": "Feature", "properties": { "id": 36, "Nombre": "Asiae" }, "geometry": { "type": "MultiPolygon", "coordinates": [ [ [ [ 27.142219543457031, 35.39971923828125 ], [ 27.121665954589844, 35.428604125976562 ], [ 27.06694221496582, 35.594577789306641 ], [ 27.06694221496582, 35.606662750244141 ], [ 27.120277404785156, 35.666938781738281 ], [ 27.161735534667969, 35.725341796875 ], [ 27.158607482910156, 35.746940612792969 ], [ 27.158607482910156, 35.769439697265625 ], [ 27.159999847412109, 35.795829772949219 ], [ 27.215276718139648, 35.826248168945312 ], [ 27.229721069335938, 35.825412750244141 ], [ 27.230831146240234, 35.811103820800781 ], [ 27.214025497436523, 35.721382141113281 ], [ 27.177497863769531, 35.601104736328125 ], [ 27.202220916748047, 35.478050231933594 ], [ 27.159858703613281, 35.448471069335938 ], [ 27.142219543457031, 35.39971923828125 ] ] ], [ [ [ 28.207221984863281, 36.442489624023438 ], [ 28.214614868164062, 36.454154968261719 ], [ 28.23388671875, 36.441375732421875 ], [ 28.238048553466797, 36.431106567382812 ], [ 28.206943511962891, 36.343597412109375 ], [ 28.186939239501953, 36.29998779296875 ], [ 28.141387939453125, 36.210540771484375 ], [ 28.122772216796875, 36.185821533203125 ], [ 28.063606262207031, 36.111930847167969 ], [ 28.009162902832031, 36.068885803222656 ], [ 27.956661224365234, 36.044990539550781 ], [ 27.945827484130859, 36.034713745117188 ], [ 27.931663513183594, 36.018600463867188 ], [ 27.906108856201172, 35.988052368164062 ], [ 27.898887634277344, 35.975555419921875 ], [ 27.892776489257812, 35.960830688476562 ], [ 27.865554809570312, 35.932220458984375 ], [ 27.841110229492188, 35.912631988525391 ], [ 27.799720764160156, 35.893325805664062 ], [ 27.784025192260742, 35.890411376953125 ], [ 27.768608093261719, 35.893608093261719 ], [ 27.73124885559082, 35.913051605224609 ], [ 27.722221374511719, 35.929718017578125 ], [ 27.72027587890625, 35.945133209228516 ], [ 27.730831146240234, 35.9788818359375 ], [ 27.740829467773438, 36.104438781738281 ], [ 27.719718933105469, 36.166099548339844 ], [ 27.788883209228516, 36.251655578613281 ], [ 27.804443359375, 36.269439697265625 ], [ 27.876106262207031, 36.319709777832031 ], [ 27.895828247070312, 36.332221984863281 ], [ 27.909160614013672, 36.3397216796875 ], [ 28.068332672119141, 36.404998779296875 ], [ 28.107494354248047, 36.418609619140625 ], [ 28.207221984863281, 36.442489624023438 ] ] ], [ [ [ 28.700549617717872, 36.697695708928023 ], [ 28.656940460205078, 36.710273742675781 ], [ 28.619716644287109, 36.769996643066406 ], [ 28.608604431152344, 36.803321838378906 ], [ 28.456386566162109, 36.880828857421875 ], [ 28.394302368164062, 36.862766265869141 ], [ 28.385723114013672, 36.839744567871094 ], [ 28.420135498046875, 36.823951721191406 ], [ 28.387355804443359, 36.782806396484375 ], [ 28.310832977294922, 36.825828552246094 ], [ 28.284303665161133, 36.845966339111328 ], [ 28.261940002441406, 36.845127105712891 ], [ 28.24610710144043, 36.830272674560547 ], [ 28.235481262207031, 36.802837371826172 ], [ 28.24749755859375, 36.766105651855469 ], [ 28.272636413574219, 36.736934661865234 ], [ 28.230827331542969, 36.698600769042969 ], [ 28.066383361816406, 36.5897216796875 ], [ 27.98388671875, 36.552772521972656 ], [ 27.967216491699219, 36.573875427246094 ], [ 27.959648132324219, 36.597415924072266 ], [ 27.982494354248047, 36.602485656738281 ], [ 28.017358779907227, 36.596450805664062 ], [ 28.050830841064453, 36.597770690917969 ], [ 28.070552825927734, 36.618888854980469 ], [ 28.08561897277832, 36.639293670654297 ], [ 28.061107635498047, 36.673606872558594 ], [ 28.033536911010742, 36.67974853515625 ], [ 28.01361083984375, 36.668052673339844 ], [ 27.989162445068359, 36.671096801757812 ], [ 27.969924926757812, 36.684745788574219 ], [ 28.002773284912109, 36.69915771484375 ], [ 28.038608551025391, 36.707221984863281 ], [ 28.08784294128418, 36.703739166259766 ], [ 28.12291145324707, 36.720962524414062 ], [ 28.120136260986328, 36.797077178955078 ], [ 28.092357635498047, 36.800685882568359 ], [ 28.073604583740234, 36.786109924316406 ], [ 28.036941528320312, 36.769157409667969 ], [ 28.008052825927734, 36.758041381835938 ], [ 27.984161376953125, 36.752212524414062 ], [ 27.91558837890625, 36.745132446289062 ], [ 27.808748245239258, 36.757354736328125 ], [ 27.732357025146484, 36.756656646728516 ], [ 27.708400726318359, 36.743873596191406 ], [ 27.688331604003906, 36.715545654296875 ], [ 27.676105499267578, 36.691665649414062 ], [ 27.503746032714844, 36.670131683349609 ], [ 27.481109619140625, 36.654708862304688 ], [ 27.475276947021484, 36.649993896484375 ], [ 27.374719619750977, 36.684024810791016 ], [ 27.358951568603516, 36.704299926757812 ], [ 27.472637176513672, 36.749717712402344 ], [ 27.496105194091797, 36.745826721191406 ], [ 27.737495422363281, 36.77777099609375 ], [ 27.91888427734375, 36.794166564941406 ], [ 28.025829315185547, 36.822776794433594 ], [ 28.066383361816406, 36.93499755859375 ], [ 28.199996948242188, 36.975822448730469 ], [ 28.324787139892578, 37.038185119628906 ], [ 28.273048400878906, 37.043609619140625 ], [ 28.210277557373047, 37.039443969726562 ], [ 28.034442901611328, 37.024711608886719 ], [ 27.848609924316406, 37.017219543457031 ], [ 27.676387786865234, 37.001937866210938 ], [ 27.514995574951172, 36.992774963378906 ], [ 27.423887252807617, 37.027767181396484 ], [ 27.33610725402832, 37.004295349121094 ], [ 27.31694221496582, 36.976375579833984 ], [ 27.296245574951172, 36.9637451171875 ], [ 27.272220611572266, 36.955825805664062 ], [ 27.254999160766602, 36.964996337890625 ], [ 27.227081298828125, 37.043605804443359 ], [ 27.232913970947266, 37.070274353027344 ], [ 27.324302673339844, 37.153045654296875 ], [ 27.368331909179688, 37.150550842285156 ], [ 27.407218933105469, 37.127212524414062 ], [ 27.439716339111328, 37.104713439941406 ], [ 27.549995422363281, 37.13165283203125 ], [ 27.59527587890625, 37.232490539550781 ], [ 27.563888549804688, 37.273597717285156 ], [ 27.521381378173828, 37.26165771484375 ], [ 27.485828399658203, 37.267486572265625 ], [ 27.408742904663086, 37.305549621582031 ], [ 27.387287139892578, 37.336101531982422 ], [ 27.42108154296875, 37.407905578613281 ], [ 27.40888786315918, 37.410831451416016 ], [ 27.373744964599609, 37.400688171386719 ], [ 27.358747482299805, 37.373184204101562 ], [ 27.332496643066406, 37.353042602539062 ], [ 27.313606262207031, 37.342208862304688 ], [ 27.241384506225586, 37.336383819580078 ], [ 27.194925308227539, 37.352348327636719 ], [ 27.218326568603516, 37.411384582519531 ], [ 27.224159240722656, 37.47332763671875 ], [ 27.211521148681641, 37.587215423583984 ], [ 27.193885803222656, 37.604438781738281 ], [ 27.225276947021484, 37.712493896484375 ], [ 27.24791145324707, 37.740547180175781 ], [ 27.263053894042969, 37.803188323974609 ], [ 27.261661529541016, 37.884437561035156 ], [ 27.265968322753906, 37.890407562255859 ], [ 27.274024963378906, 37.925613403320312 ], [ 27.268329620361328, 37.953598022460938 ], [ 27.243747711181641, 37.977561950683594 ], [ 26.979299545288086, 38.066375732421875 ], [ 26.943332672119141, 38.064155578613281 ], [ 26.923053741455078, 38.062217712402344 ], [ 26.818050384521484, 38.155265808105469 ], [ 26.763261795043945, 38.212978363037109 ], [ 26.681106567382812, 38.201652526855469 ], [ 26.625827789306641, 38.148883819580078 ], [ 26.608747482299805, 38.102638244628906 ], [ 26.588468551635742, 38.101940155029297 ], [ 26.545555114746094, 38.116382598876953 ], [ 26.523605346679688, 38.138328552246094 ], [ 26.488887786865234, 38.172210693359375 ], [ 26.429582595825195, 38.214714050292969 ], [ 26.358608245849609, 38.224159240722656 ], [ 26.335273742675781, 38.224853515625 ], [ 26.316108703613281, 38.232772827148438 ], [ 26.275829315185547, 38.264434814453125 ], [ 26.274997711181641, 38.285552978515625 ], [ 26.284160614013672, 38.345832824707031 ], [ 26.289022445678711, 38.36749267578125 ], [ 26.316246032714844, 38.373878479003906 ], [ 26.322078704833984, 38.341167449951172 ], [ 26.351383209228516, 38.314994812011719 ], [ 26.369441986083984, 38.306106567382812 ], [ 26.374721527099609, 38.305549621582031 ], [ 26.45013427734375, 38.345405578613281 ], [ 26.469995498657227, 38.361797332763672 ], [ 26.499164581298828, 38.4002685546875 ], [ 26.509857177734375, 38.425479888916016 ], [ 26.478466033935547, 38.449024200439453 ], [ 26.420690536499023, 38.465061187744141 ], [ 26.388120651245117, 38.447006225585938 ], [ 26.358329772949219, 38.566375732421875 ], [ 26.34791374206543, 38.623882293701172 ], [ 26.35798454284668, 38.654788970947266 ], [ 26.398330688476562, 38.666938781738281 ], [ 26.428329467773438, 38.670829772949219 ], [ 26.481245040893555, 38.667354583740234 ], [ 26.523605346679688, 38.633041381835938 ], [ 26.563331604003906, 38.598320007324219 ], [ 26.612220764160156, 38.529708862304688 ], [ 26.629440307617188, 38.458053588867188 ], [ 26.595550537109375, 38.453048706054688 ], [ 26.647912979125977, 38.333328247070312 ], [ 26.691801071166992, 38.310855865478516 ], [ 26.793052673339844, 38.353599548339844 ], [ 26.834995269775391, 38.365554809570312 ], [ 26.904716491699219, 38.373878479003906 ], [ 27.094995498657227, 38.399986267089844 ], [ 27.119302749633789, 38.410545349121094 ], [ 27.156452178955078, 38.452804565429688 ], [ 27.043190002441406, 38.461097717285156 ], [ 26.994230270385742, 38.453117370605469 ], [ 26.947219848632812, 38.441665649414062 ], [ 26.880550384521484, 38.502494812011719 ], [ 26.753326416015625, 38.619987487792969 ], [ 26.733745574951172, 38.641937255859375 ], [ 26.727773666381836, 38.724502563476562 ], [ 26.825414657592773, 38.754299163818359 ], [ 26.900413513183594, 38.815265655517578 ], [ 27.022287368774414, 38.857833862304688 ], [ 27.062980651855469, 38.873184204101562 ], [ 27.052774429321289, 38.926658630371094 ], [ 26.956525802612305, 38.937210083007812 ], [ 26.920412063598633, 38.932769775390625 ], [ 26.887496948242188, 38.920547485351562 ], [ 26.861248016357422, 38.910057067871094 ], [ 26.801660537719727, 38.955825805664062 ], [ 26.794651031494141, 38.983112335205078 ], [ 26.797636032104492, 39.023883819580078 ], [ 26.881036758422852, 39.068458557128906 ], [ 26.869720458984375, 39.097908020019531 ], [ 26.846384048461914, 39.129856109619141 ], [ 26.813051223754883, 39.156658172607422 ], [ 26.759330749511719, 39.173263549804688 ], [ 26.728885650634766, 39.22137451171875 ], [ 26.644721984863281, 39.263053894042969 ], [ 26.664993286132812, 39.301101684570312 ], [ 26.811382293701172, 39.398887634277344 ], [ 26.894996643066406, 39.474151611328125 ], [ 26.937149047851562, 39.483322143554688 ], [ 26.951801300048828, 39.550827026367188 ], [ 26.93513298034668, 39.575550079345703 ], [ 26.881938934326172, 39.576446533203125 ], [ 26.817493438720703, 39.561660766601562 ], [ 26.761661529541016, 39.556106567382812 ], [ 26.694442749023438, 39.555274963378906 ], [ 26.669719696044922, 39.55499267578125 ], [ 26.659442901611328, 39.551658630371094 ], [ 26.581386566162109, 39.534713745117188 ], [ 26.538608551025391, 39.529708862304688 ], [ 26.205062866210938, 39.462696075439453 ], [ 26.13096809387207, 39.453048706054688 ], [ 26.109994888305664, 39.457630157470703 ], [ 26.07054328918457, 39.482662200927734 ], [ 26.104438781738281, 39.586380004882812 ], [ 26.133327484130859, 39.607772827148438 ], [ 26.154857635498047, 39.632633209228516 ], [ 26.160274505615234, 39.656097412109375 ], [ 26.163051605224609, 39.686378479003906 ], [ 26.158050537109375, 39.821380615234375 ], [ 26.150203704833984, 39.908672332763672 ], [ 26.157497406005859, 39.946659088134766 ], [ 26.174720764160156, 39.979438781738281 ], [ 26.197355270385742, 40.002838134765625 ], [ 26.225412368774414, 39.998256683349609 ], [ 26.248882293701172, 39.991096496582031 ], [ 26.289718627929688, 40.005271911621094 ], [ 26.333051681518555, 40.024642944335938 ], [ 26.384719848632812, 40.102485656738281 ], [ 26.398605346679688, 40.139991760253906 ], [ 26.438331604003906, 40.192356109619141 ], [ 26.51402473449707, 40.216243743896484 ], [ 26.609855651855469, 40.284442901611328 ], [ 26.684022903442383, 40.347763061523438 ], [ 26.704301834106445, 40.378879547119141 ], [ 26.80999755859375, 40.395820617675781 ], [ 26.886943817138672, 40.395553588867188 ], [ 26.962497711181641, 40.382907867431641 ], [ 27.026664733886719, 40.391105651855469 ], [ 27.057077407836914, 40.425895690917969 ], [ 27.086801528930664, 40.447628021240234 ], [ 27.118606567382812, 40.452766418457031 ], [ 27.264163970947266, 40.458610534667969 ], [ 27.298885345458984, 40.405548095703125 ], [ 27.306386947631836, 40.384990692138672 ], [ 27.394577026367188, 40.339710235595703 ], [ 27.429164886474609, 40.32415771484375 ], [ 27.472635269165039, 40.313331604003906 ], [ 27.511661529541016, 40.305553436279297 ], [ 27.55860710144043, 40.304721832275391 ], [ 27.575023651123047, 40.313270568847656 ], [ 27.678329467773438, 40.309440612792969 ], [ 27.741107940673828, 40.30999755859375 ], [ 27.780134201049805, 40.315132141113281 ], [ 27.877841949462891, 40.375858306884766 ], [ 27.831525802612305, 40.397216796875 ], [ 27.794612884521484, 40.392105102539062 ], [ 27.687078475952148, 40.492698669433594 ], [ 27.723329544067383, 40.522075653076172 ], [ 27.754858016967773, 40.529720306396484 ], [ 27.856937408447266, 40.522491455078125 ], [ 28.020133972167969, 40.487705230712891 ], [ 28.027633666992188, 40.463054656982422 ], [ 28.001106262207031, 40.442214965820312 ], [ 27.927772521972656, 40.411937713623047 ], [ 27.900760650634766, 40.388675689697266 ], [ 27.923746109008789, 40.364711761474609 ], [ 27.953193664550781, 40.35693359375 ], [ 28.03582763671875, 40.369163513183594 ], [ 28.075271606445312, 40.379714965820312 ], [ 28.109580993652344, 40.389579772949219 ], [ 28.153606414794922, 40.396377563476562 ], [ 28.185688018798828, 40.39776611328125 ], [ 28.203880310058594, 40.394065856933594 ], [ 28.246664047241211, 40.403465270996094 ], [ 28.483329772949219, 40.396377563476562 ], [ 28.509162902832031, 40.395263671875 ], [ 28.6744384765625, 40.363601684570312 ], [ 28.755134582519531, 40.391517639160156 ], [ 28.791385650634766, 40.394859313964844 ], [ 28.821375490256706, 40.39256732502767 ], [ 28.852180870658358, 40.380730774922604 ], [ 29.169439943238878, 40.237653153954916 ], [ 29.592452040012901, 40.075913234600144 ], [ 30.388710104528712, 40.019926339438875 ], [ 30.793059902915644, 40.051030170084026 ], [ 31.079215144851013, 40.075913234600144 ], [ 31.665522352512074, 40.023036722503406 ], [ 31.677963884770133, 39.811530674116391 ], [ 31.684184650899162, 39.643569988632585 ], [ 31.665522352512074, 39.475609303148786 ], [ 31.665522352512074, 39.220557891858562 ], [ 31.70906771541528, 39.040155674116704 ], [ 31.696626183157221, 38.679351238632975 ], [ 31.690405417028192, 38.337209101536338 ], [ 31.553548562189537, 38.219014545084775 ], [ 31.416691707350882, 38.23767684347186 ], [ 31.118094933157455, 38.362092166052456 ], [ 30.887926586383355, 38.461624424116934 ], [ 30.607992110577015, 38.368312932181489 ], [ 30.47735602186739, 38.231456077342834 ], [ 30.43381065896418, 38.163027649923507 ], [ 30.352940699286794, 38.032391561213878 ], [ 30.284512271867456, 37.921972962423581 ], [ 30.135213884770742, 37.747791510810742 ], [ 29.718422554125748, 37.579830825326944 ], [ 29.374725225496853, 37.357438436214132 ], [ 29.163219177109841, 37.152153153956149 ], [ 28.895726233561561, 36.903322508794957 ], [ 28.715324015819697, 36.722920291053093 ], [ 28.700549617717872, 36.697695708928023 ] ] ], [ [ [ 26.975551605224609, 36.924430847167969 ], [ 26.969718933105469, 36.924430847167969 ], [ 26.946384429931641, 36.928054809570312 ], [ 26.935554504394531, 36.932212829589844 ], [ 26.919166564941406, 36.946662902832031 ], [ 26.887565612792969, 37.073738098144531 ], [ 26.960548400878906, 37.056106567382812 ], [ 26.985828399658203, 37.044166564941406 ], [ 27.049161911010742, 36.992080688476562 ], [ 27.047773361206055, 36.945892333984375 ], [ 26.975551605224609, 36.924430847167969 ] ] ], [ [ [ 26.971385955810547, 36.672210693359375 ], [ 26.966659545898438, 36.672492980957031 ], [ 26.949718475341797, 36.677215576171875 ], [ 26.92027473449707, 36.711795806884766 ], [ 26.919857025146484, 36.758186340332031 ], [ 27.062496185302734, 36.838043212890625 ], [ 27.152492523193359, 36.881385803222656 ], [ 27.172775268554688, 36.888046264648438 ], [ 27.284442901611328, 36.900550842285156 ], [ 27.343605041503906, 36.883190155029297 ], [ 27.354717254638672, 36.863811492919922 ], [ 27.344165802001953, 36.849441528320312 ], [ 27.329437255859375, 36.842765808105469 ], [ 27.302497863769531, 36.837493896484375 ], [ 27.279441833496094, 36.834159851074219 ], [ 27.243331909179688, 36.826934814453125 ], [ 27.218326568603516, 36.819709777832031 ], [ 27.032079696655273, 36.764858245849609 ], [ 26.992221832275391, 36.751388549804688 ], [ 26.974300384521484, 36.741592407226562 ], [ 26.966388702392578, 36.703605651855469 ], [ 26.965831756591797, 36.681663513183594 ], [ 26.971385955810547, 36.672210693359375 ] ] ], [ [ [ 26.818050384521484, 37.63665771484375 ], [ 26.750133514404297, 37.692909240722656 ], [ 26.708471298217773, 37.708320617675781 ], [ 26.686939239501953, 37.704986572265625 ], [ 26.645410537719727, 37.697212219238281 ], [ 26.621940612792969, 37.686107635498047 ], [ 26.613330841064453, 37.680274963378906 ], [ 26.595413208007812, 37.67596435546875 ], [ 26.581108093261719, 37.687210083007812 ], [ 26.572219848632812, 37.732353210449219 ], [ 26.597358703613281, 37.758323669433594 ], [ 26.667634963989258, 37.791240692138672 ], [ 26.729717254638672, 37.80804443359375 ], [ 26.745969772338867, 37.811241149902344 ], [ 26.988887786865234, 37.781936645507812 ], [ 27.028606414794922, 37.771659851074219 ], [ 27.066940307617188, 37.727218627929688 ], [ 27.063676834106445, 37.707351684570312 ], [ 27.039718627929688, 37.702766418457031 ], [ 26.895553588867188, 37.665275573730469 ], [ 26.818050384521484, 37.63665771484375 ] ] ], [ [ [ 25.984161376953125, 37.506942749023438 ], [ 25.978885650634766, 37.511936187744141 ], [ 25.974924087524414, 37.527072906494141 ], [ 25.983049392700195, 37.545555114746094 ], [ 26.046943664550781, 37.616378784179688 ], [ 26.066246032714844, 37.630966186523438 ], [ 26.080829620361328, 37.635543823242188 ], [ 26.312492370605469, 37.67999267578125 ], [ 26.358676910400391, 37.683948516845703 ], [ 26.356937408447266, 37.672492980957031 ], [ 26.323329925537109, 37.634719848632812 ], [ 26.305414199829102, 37.616664886474609 ], [ 26.267494201660156, 37.591102600097656 ], [ 26.214992523193359, 37.558883666992188 ], [ 26.020828247070312, 37.514434814453125 ], [ 25.984161376953125, 37.506942749023438 ] ] ], [ [ [ 25.731666564941406, 40.093040466308594 ], [ 25.665828704833984, 40.123256683349609 ], [ 25.672220230102539, 40.152488708496094 ], [ 25.688888549804688, 40.164985656738281 ], [ 25.715274810791016, 40.181388854980469 ], [ 25.776664733886719, 40.212211608886719 ], [ 25.940549850463867, 40.239990234375 ], [ 26.012428283691406, 40.154022216796875 ], [ 25.989997863769531, 40.128875732421875 ], [ 25.958053588867188, 40.121101379394531 ], [ 25.824443817138672, 40.100265502929688 ], [ 25.731666564941406, 40.093040466308594 ] ] ], [ [ [ 27.601661682128906, 40.571937561035156 ], [ 27.553607940673828, 40.586936950683594 ], [ 27.529233932495117, 40.601799011230469 ], [ 27.526523590087891, 40.640129089355469 ], [ 27.532634735107422, 40.649440765380859 ], [ 27.545967102050781, 40.654991149902344 ], [ 27.59832763671875, 40.658332824707031 ], [ 27.614997863769531, 40.65887451171875 ], [ 27.651107788085938, 40.657218933105469 ], [ 27.663326263427734, 40.656097412109375 ], [ 27.706943511962891, 40.649993896484375 ], [ 27.733535766601562, 40.635406494140625 ], [ 27.733051300048828, 40.622207641601562 ], [ 27.719858169555664, 40.614021301269531 ], [ 27.627773284912109, 40.57916259765625 ], [ 27.60930061340332, 40.572769165039062 ], [ 27.601661682128906, 40.571937561035156 ] ] ], [ [ [ 25.657218933105469, 40.493049621582031 ], [ 25.694023132324219, 40.465614318847656 ], [ 25.693746566772461, 40.424507141113281 ], [ 25.659999847412109, 40.412490844726562 ], [ 25.603885650634766, 40.398319244384766 ], [ 25.561941146850586, 40.399574279785156 ], [ 25.515830993652344, 40.422492980957031 ], [ 25.490272521972656, 40.436935424804688 ], [ 25.462497711181641, 40.456375122070312 ], [ 25.443885803222656, 40.475822448730469 ], [ 25.494163513183594, 40.496383666992188 ], [ 25.525554656982422, 40.506942749023438 ], [ 25.542770385742188, 40.510543823242188 ], [ 25.555831909179688, 40.51165771484375 ], [ 25.575410842895508, 40.510684967041016 ], [ 25.657218933105469, 40.493049621582031 ] ] ], [ [ [ 25.441665649414062, 40.004714965820312 ], [ 25.391937255859375, 39.95220947265625 ], [ 25.354164123535156, 39.907356262207031 ], [ 25.337221145629883, 39.878044128417969 ], [ 25.339025497436523, 39.849296569824219 ], [ 25.352983474731445, 39.834091186523438 ], [ 25.365272521972656, 39.825553894042969 ], [ 25.373052597045898, 39.812629699707031 ], [ 25.355827331542969, 39.786384582519531 ], [ 25.338882446289062, 39.78887939453125 ], [ 25.313053131103516, 39.79541015625 ], [ 25.294719696044922, 39.805545806884766 ], [ 25.266937255859375, 39.868049621582031 ], [ 25.279022216796875, 39.893527984619141 ], [ 25.263051986694336, 39.912349700927734 ], [ 25.233051300048828, 39.911308288574219 ], [ 25.210689544677734, 39.893043518066406 ], [ 25.179441452026367, 39.84686279296875 ], [ 25.201663970947266, 39.827491760253906 ], [ 25.22471809387207, 39.804161071777344 ], [ 25.165410995483398, 39.800270080566406 ], [ 25.063886642456055, 39.84527587890625 ], [ 25.054439544677734, 39.860549926757812 ], [ 25.043052673339844, 39.963325500488281 ], [ 25.047636032104492, 39.986656188964844 ], [ 25.136384963989258, 40.005962371826172 ], [ 25.229299545288086, 40.002773284912109 ], [ 25.271938323974609, 39.988319396972656 ], [ 25.368606567382812, 40.005828857421875 ], [ 25.451591491699219, 40.032558441162109 ], [ 25.445552825927734, 40.009719848632812 ], [ 25.441665649414062, 40.004714965820312 ] ] ], [ [ [ 26.419994354248047, 39.325828552246094 ], [ 26.414718627929688, 39.322494506835938 ], [ 26.393745422363281, 39.304443359375 ], [ 26.379718780517578, 39.285270690917969 ], [ 26.37957763671875, 39.268600463867188 ], [ 26.404998779296875, 39.253875732421875 ], [ 26.474716186523438, 39.219436645507812 ], [ 26.528331756591797, 39.154159545898438 ], [ 26.606666564941406, 39.053321838378906 ], [ 26.612220764160156, 39.044166564941406 ], [ 26.618610382080078, 39.024021148681641 ], [ 26.615690231323242, 39.013881683349609 ], [ 26.521800994873047, 38.973320007324219 ], [ 26.450553894042969, 38.96832275390625 ], [ 26.390270233154297, 38.971099853515625 ], [ 26.323886871337891, 38.977775573730469 ], [ 26.187492370605469, 39.017219543457031 ], [ 26.136386871337891, 39.040275573730469 ], [ 26.088468551635742, 39.074371337890625 ], [ 26.111316680908203, 39.091033935546875 ], [ 26.167499542236328, 39.102775573730469 ], [ 26.276939392089844, 39.156379699707031 ], [ 26.286109924316406, 39.167762756347656 ], [ 26.291313171386719, 39.182632446289062 ], [ 26.257080078125, 39.203460693359375 ], [ 26.237913131713867, 39.204296112060547 ], [ 26.199161529541016, 39.20111083984375 ], [ 26.172496795654297, 39.194709777832031 ], [ 26.163192749023438, 39.188053131103516 ], [ 26.15777587890625, 39.169166564941406 ], [ 26.153606414794922, 39.158599853515625 ], [ 26.110969543457031, 39.110965728759766 ], [ 26.081108093261719, 39.087909698486328 ], [ 26.065412521362305, 39.084575653076172 ], [ 26.045276641845703, 39.089431762695312 ], [ 25.988105773925781, 39.10516357421875 ], [ 25.889995574951172, 39.141105651855469 ], [ 25.864162445068359, 39.153602600097656 ], [ 25.834856033325195, 39.180065155029297 ], [ 25.856939315795898, 39.252773284912109 ], [ 25.880275726318359, 39.271110534667969 ], [ 25.90777587890625, 39.286941528320312 ], [ 25.923881530761719, 39.291938781738281 ], [ 25.924510955810547, 39.279300689697266 ], [ 25.950271606445312, 39.273887634277344 ], [ 25.981527328491211, 39.271797180175781 ], [ 26.173538208007812, 39.327213287353516 ], [ 26.170829772949219, 39.345550537109375 ], [ 26.165412902832031, 39.369857788085938 ], [ 26.178329467773438, 39.374984741210938 ], [ 26.224576950073242, 39.383041381835938 ], [ 26.323886871337891, 39.374435424804688 ], [ 26.396110534667969, 39.341102600097656 ], [ 26.419994354248047, 39.325828552246094 ] ] ], [ [ [ 26.014720916748047, 38.149436950683594 ], [ 25.996105194091797, 38.155265808105469 ], [ 25.968191146850586, 38.165550231933594 ], [ 25.924995422363281, 38.194709777832031 ], [ 25.86332893371582, 38.239849090576172 ], [ 25.863468170166016, 38.249988555908203 ], [ 25.871522903442383, 38.266658782958984 ], [ 25.906383514404297, 38.290275573730469 ], [ 25.918052673339844, 38.294715881347656 ], [ 25.939579010009766, 38.297210693359375 ], [ 25.991664886474609, 38.343879699707031 ], [ 25.988742828369141, 38.383537292480469 ], [ 25.942634582519531, 38.457351684570312 ], [ 25.91221809387207, 38.469436645507812 ], [ 25.885898590087891, 38.475273132324219 ], [ 25.860828399658203, 38.493888854980469 ], [ 25.851943969726562, 38.500831604003906 ], [ 25.845832824707031, 38.509437561035156 ], [ 25.825691223144531, 38.540691375732422 ], [ 25.843608856201172, 38.570541381835938 ], [ 25.851108551025391, 38.578048706054688 ], [ 25.86583137512207, 38.584999084472656 ], [ 25.884719848632812, 38.588874816894531 ], [ 26.001388549804688, 38.60137939453125 ], [ 26.13861083984375, 38.564994812011719 ], [ 26.150829315185547, 38.556106567382812 ], [ 26.159580230712891, 38.542072296142578 ], [ 26.138881683349609, 38.431663513183594 ], [ 26.133468627929688, 38.412914276123047 ], [ 26.146110534667969, 38.363601684570312 ], [ 26.16221809387207, 38.32763671875 ], [ 26.16069221496582, 38.303329467773438 ], [ 26.102218627929688, 38.246940612792969 ], [ 26.035552978515625, 38.191932678222656 ], [ 26.026388168334961, 38.178607940673828 ], [ 26.014720916748047, 38.149436950683594 ] ] ] ] } },
{ "type": "Feature", "properties": { "id": 37, "Nombre": "Lycia et Pamhilia" }, "geometry": { "type": "MultiPolygon", "coordinates": [ [ [ [ 31.760986974526606, 36.62408181497193 ], [ 31.740276336669922, 36.635547637939453 ], [ 31.582771301269531, 36.696380615234375 ], [ 31.378746032714844, 36.78680419921875 ], [ 31.351385116577148, 36.801658630371094 ], [ 31.289857864379883, 36.816104888916016 ], [ 31.046661376953125, 36.849151611328125 ], [ 30.993049621582031, 36.854156494140625 ], [ 30.970832824707031, 36.855552673339844 ], [ 30.888053894042969, 36.853599548339844 ], [ 30.818609237670898, 36.845546722412109 ], [ 30.763328552246094, 36.844161987304688 ], [ 30.735553741455078, 36.855690002441406 ], [ 30.694370269775391, 36.881587982177734 ], [ 30.65062141418457, 36.870059967041016 ], [ 30.616525650024414, 36.843605041503906 ], [ 30.601383209228516, 36.825271606445312 ], [ 30.573814392089844, 36.787490844726562 ], [ 30.560832977294922, 36.726104736328125 ], [ 30.553607940673828, 36.615821838378906 ], [ 30.528331756591797, 36.494430541992188 ], [ 30.48138427734375, 36.42694091796875 ], [ 30.474441528320312, 36.38916015625 ], [ 30.485828399658203, 36.363319396972656 ], [ 30.504438400268555, 36.343189239501953 ], [ 30.503883361816406, 36.320541381835938 ], [ 30.428607940673828, 36.227775573730469 ], [ 30.404857635498047, 36.204921722412109 ], [ 30.390830993652344, 36.235267639160156 ], [ 30.365829467773438, 36.261375427246094 ], [ 30.281105041503906, 36.298465728759766 ], [ 30.259857177734375, 36.303874969482422 ], [ 30.208608627319336, 36.303874969482422 ], [ 30.178882598876953, 36.298881530761719 ], [ 30.144647598266602, 36.285549163818359 ], [ 30.140897750854492, 36.256660461425781 ], [ 30.092216491699219, 36.235267639160156 ], [ 29.975826263427734, 36.211654663085938 ], [ 29.773050308227539, 36.152217864990234 ], [ 29.724996566772461, 36.160896301269531 ], [ 29.687492370605469, 36.138053894042969 ], [ 29.677215576171875, 36.118331909179688 ], [ 29.628608703613281, 36.170547485351562 ], [ 29.570270538330078, 36.199432373046875 ], [ 29.504440307617188, 36.205543518066406 ], [ 29.349716186523438, 36.231109619140625 ], [ 29.315273284912109, 36.247207641601562 ], [ 29.283603668212891, 36.271934509277344 ], [ 29.258872985839844, 36.295829772949219 ], [ 29.183605194091797, 36.328330993652344 ], [ 29.148050308227539, 36.34832763671875 ], [ 29.117221832275391, 36.383323669433594 ], [ 29.097776412963867, 36.474296569824219 ], [ 29.124721527099609, 36.526374816894531 ], [ 29.124717712402344, 36.537834167480469 ], [ 29.106937408447266, 36.553596496582031 ], [ 29.078329086303711, 36.558742523193359 ], [ 29.048049926757812, 36.544818878173828 ], [ 29.018430709838867, 36.542186737060547 ], [ 29.023887634277344, 36.583320617675781 ], [ 29.0343017578125, 36.612628936767578 ], [ 29.087215423583984, 36.626655578613281 ], [ 29.052497863769531, 36.681106567382812 ], [ 28.931526184082031, 36.744159698486328 ], [ 28.865690231323242, 36.687633514404297 ], [ 28.851106643676758, 36.657485961914062 ], [ 28.792770385742188, 36.671096801757812 ], [ 28.709829942725595, 36.695019017888924 ], [ 28.715324015819697, 36.722920291053093 ], [ 28.895726233561561, 36.903322508794957 ], [ 29.163219177109841, 37.152153153956149 ], [ 29.374725225496853, 37.357438436214132 ], [ 29.718422554125748, 37.579830825326944 ], [ 30.135213884770742, 37.747791510810742 ], [ 30.284512271867456, 37.921972962423581 ], [ 30.352940699286794, 38.032391561213878 ], [ 30.632875175093133, 38.019950028955819 ], [ 30.950134247673653, 38.075936924117087 ], [ 31.161640296060664, 38.013729262826793 ], [ 31.391808642834764, 37.914197004762315 ], [ 31.758833844447519, 37.696470190246274 ], [ 31.98278142509259, 37.491184907988291 ], [ 32.188066707350572, 37.310782690246427 ], [ 32.300040497673109, 37.142822004762621 ], [ 32.393351989608554, 36.99974438379494 ], [ 32.231612070253775, 36.867553103553007 ], [ 32.088534449286087, 36.780462377746595 ], [ 31.926794529931314, 36.680930119682117 ], [ 31.760986974526606, 36.62408181497193 ] ] ] ] } },
{ "type": "Feature", "properties": { "id": 38, "Nombre": "Cilicia" }, "geometry": { "type": "MultiPolygon", "coordinates": [ [ [ [ 36.202155075713456, 36.775131158959098 ], [ 36.193328857421875, 36.791938781738281 ], [ 36.1663818359375, 36.828605651855469 ], [ 36.129714965820312, 36.863189697265625 ], [ 36.069435119628906, 36.908885955810547 ], [ 36.011203765869141, 36.923191070556641 ], [ 35.957492828369141, 36.894851684570312 ], [ 35.936935424804688, 36.876388549804688 ], [ 35.904853820800781, 36.841098785400391 ], [ 35.823879241943359, 36.777496337890625 ], [ 35.793743133544922, 36.766098022460938 ], [ 35.701656341552734, 36.761238098144531 ], [ 35.644851684570312, 36.752910614013672 ], [ 35.609443664550781, 36.73388671875 ], [ 35.575553894042969, 36.692752838134766 ], [ 35.611106872558594, 36.687774658203125 ], [ 35.636100769042969, 36.682212829589844 ], [ 35.638053894042969, 36.641929626464844 ], [ 35.633739471435547, 36.6119384765625 ], [ 35.611099243164062, 36.594295501708984 ], [ 35.55853271484375, 36.579788208007812 ], [ 35.538883209228516, 36.590545654296875 ], [ 35.498256683349609, 36.609920501708984 ], [ 35.412490844726562, 36.580268859863281 ], [ 35.347072601318359, 36.544990539550781 ], [ 35.178878784179688, 36.621940612792969 ], [ 35.023597717285156, 36.700553894042969 ], [ 34.98089599609375, 36.719711303710938 ], [ 34.937210083007812, 36.724849700927734 ], [ 34.913742065429688, 36.722213745117188 ], [ 34.90423583984375, 36.717063903808594 ], [ 34.89068603515625, 36.745967864990234 ], [ 34.877220153808594, 36.763050079345703 ], [ 34.835823059082031, 36.790412902832031 ], [ 34.7772216796875, 36.808601379394531 ], [ 34.735130310058594, 36.812908172607422 ], [ 34.705543518066406, 36.811103820800781 ], [ 34.659431457519531, 36.805274963378906 ], [ 34.633773803710938, 36.784091949462891 ], [ 34.565692901611328, 36.771934509277344 ], [ 34.476661682128906, 36.705543518066406 ], [ 34.354026794433594, 36.633602142333984 ], [ 34.322776794433594, 36.615554809570312 ], [ 34.289718627929688, 36.591659545898438 ], [ 34.261379241943359, 36.569297790527344 ], [ 34.239994049072266, 36.546379089355469 ], [ 34.220897674560547, 36.516654968261719 ], [ 34.152488708496094, 36.461097717285156 ], [ 34.128608703613281, 36.448600769042969 ], [ 34.076656341552734, 36.399646759033203 ], [ 34.074092864990234, 36.367694854736328 ], [ 34.031661987304688, 36.303054809570312 ], [ 33.988601684570312, 36.27777099609375 ], [ 33.929645538330078, 36.287696838378906 ], [ 33.866836547851562, 36.309711456298828 ], [ 33.816108703613281, 36.260818481445312 ], [ 33.745269775390625, 36.206382751464844 ], [ 33.705268859863281, 36.179435729980469 ], [ 33.64971923828125, 36.1885986328125 ], [ 33.608322143554688, 36.181659698486328 ], [ 33.54083251953125, 36.13970947265625 ], [ 33.362777709960938, 36.137771606445312 ], [ 33.287208557128906, 36.124435424804688 ], [ 33.045272827148438, 36.091102600097656 ], [ 32.939510345458984, 36.096794128417969 ], [ 32.86444091796875, 36.068328857421875 ], [ 32.815689086914062, 36.031520843505859 ], [ 32.771659851074219, 36.028884887695312 ], [ 32.669715881347656, 36.039161682128906 ], [ 32.579574584960938, 36.081245422363281 ], [ 32.566627502441406, 36.09271240234375 ], [ 32.524574279785156, 36.093189239501953 ], [ 32.5010986328125, 36.099437713623047 ], [ 32.3680419921875, 36.175132751464844 ], [ 32.275825500488281, 36.268325805664062 ], [ 32.202358245849609, 36.346515655517578 ], [ 32.1885986328125, 36.366935729980469 ], [ 32.175411224365234, 36.396240234375 ], [ 32.149154663085938, 36.429435729980469 ], [ 32.10693359375, 36.473052978515625 ], [ 32.064712524414062, 36.516387939453125 ], [ 32.002841949462891, 36.545127868652344 ], [ 31.823051452636719, 36.5897216796875 ], [ 31.760986974526606, 36.62408181497193 ], [ 31.926794529931314, 36.680930119682117 ], [ 32.088534449286087, 36.780462377746595 ], [ 32.231612070253775, 36.867553103553007 ], [ 32.393351989608554, 36.99974438379494 ], [ 32.611078804124595, 37.124159706375536 ], [ 32.816364086382578, 37.173925835407772 ], [ 33.083857029930861, 37.173925835407772 ], [ 33.29536307831787, 37.261016561214191 ], [ 33.444661465414583, 37.341886520891578 ], [ 33.544193723479061, 37.391652649923813 ], [ 33.730816707349952, 37.354328053149636 ], [ 34.004530417027262, 37.366769585407695 ], [ 34.222257231543303, 37.419646097504454 ], [ 34.464867110575462, 37.407204565246396 ], [ 34.943866102510754, 37.432087629762513 ], [ 35.646812675091113, 37.494295291052808 ], [ 36.001396344445808, 37.407204565246396 ], [ 36.299993118639236, 37.363659202343186 ], [ 36.746333088397144, 37.099276641859447 ], [ 36.202155075713456, 36.775131158959098 ] ] ] ] } },
{ "type": "Feature", "properties": { "id": 39, "Nombre": "Chipre" }, "geometry": { "type": "MultiPolygon", "coordinates": [ [ [ [ 33.899162292480469, 34.959716796875 ], [ 33.896385192871094, 34.955551147460938 ], [ 33.883747100830078, 34.945133209228516 ], [ 33.864788055419922, 34.937217712402344 ], [ 33.84832763671875, 34.942497253417969 ], [ 33.832496643066406, 34.956802368164062 ], [ 33.814437866210938, 34.965827941894531 ], [ 33.790275573730469, 34.97027587890625 ], [ 33.763053894042969, 34.972770690917969 ], [ 33.707637786865234, 34.973884582519531 ], [ 33.681385040283203, 34.966800689697266 ], [ 33.664718627929688, 34.957912445068359 ], [ 33.647914886474609, 34.938884735107422 ], [ 33.639579772949219, 34.916801452636719 ], [ 33.6361083984375, 34.899993896484375 ], [ 33.632774353027344, 34.873886108398438 ], [ 33.637424468994141, 34.862148284912109 ], [ 33.60333251953125, 34.818470001220703 ], [ 33.516387939453125, 34.783607482910156 ], [ 33.369022369384766, 34.726524353027344 ], [ 33.321800231933594, 34.715415954589844 ], [ 33.272293090820312, 34.709548950195312 ], [ 33.217216491699219, 34.699440002441406 ], [ 33.153053283691406, 34.702499389648438 ], [ 33.13360595703125, 34.70166015625 ], [ 33.116943359375, 34.6986083984375 ], [ 33.104995727539062, 34.695274353027344 ], [ 33.063190460205078, 34.680690765380859 ], [ 33.029998779296875, 34.65777587890625 ], [ 32.859443664550781, 34.666107177734375 ], [ 32.831108093261719, 34.667495727539062 ], [ 32.76513671875, 34.655830383300781 ], [ 32.751663208007812, 34.648887634277344 ], [ 32.742218017578125, 34.645412445068359 ], [ 32.713882446289062, 34.640274047851562 ], [ 32.698326110839844, 34.642219543457031 ], [ 32.654716491699219, 34.653610229492188 ], [ 32.64166259765625, 34.657218933105469 ], [ 32.491943359375, 34.702217102050781 ], [ 32.471107482910156, 34.713050842285156 ], [ 32.405826568603516, 34.749858856201172 ], [ 32.341384887695312, 34.863327026367188 ], [ 32.323326110839844, 34.909439086914062 ], [ 32.275272369384766, 35.040412902832031 ], [ 32.270271301269531, 35.062492370605469 ], [ 32.269859313964844, 35.078884124755859 ], [ 32.278610229492188, 35.095413208007812 ], [ 32.295135498046875, 35.094581604003906 ], [ 32.304718017578125, 35.084159851074219 ], [ 32.312492370605469, 35.076942443847656 ], [ 32.32666015625, 35.0655517578125 ], [ 32.341384887695312, 35.054443359375 ], [ 32.354164123535156, 35.04638671875 ], [ 32.372634887695312, 35.038951873779297 ], [ 32.397773742675781, 35.039443969726562 ], [ 32.424026489257812, 35.044162750244141 ], [ 32.438606262207031, 35.050277709960938 ], [ 32.460273742675781, 35.064437866210938 ], [ 32.493885040283203, 35.096939086914062 ], [ 32.501937866210938, 35.109161376953125 ], [ 32.515830993652344, 35.135826110839844 ], [ 32.522216796875, 35.144439697265625 ], [ 32.551383972167969, 35.173469543457031 ], [ 32.5655517578125, 35.16888427734375 ], [ 32.622215270996094, 35.184165954589844 ], [ 32.655967712402344, 35.189720153808594 ], [ 32.721939086914062, 35.180831909179688 ], [ 32.769721984863281, 35.163887023925781 ], [ 32.808609008789062, 35.148330688476562 ], [ 32.820549011230469, 35.143882751464844 ], [ 32.835136413574219, 35.142913818359375 ], [ 32.858329772949219, 35.150550842285156 ], [ 32.882774353027344, 35.162216186523438 ], [ 32.895828247070312, 35.169715881347656 ], [ 32.904441833496094, 35.176803588867188 ], [ 32.912773132324219, 35.188606262207031 ], [ 32.916938781738281, 35.199996948242188 ], [ 32.932098388671875, 35.263626098632812 ], [ 32.939163208007812, 35.327499389648438 ], [ 33.002777099609375, 35.365554809570312 ], [ 33.271942138671875, 35.3397216796875 ], [ 33.354438781738281, 35.330276489257812 ], [ 33.369438171386719, 35.328605651855469 ], [ 33.385276794433594, 35.328330993652344 ], [ 33.427497863769531, 35.328048706054688 ], [ 33.472633361816406, 35.328605651855469 ], [ 33.631660461425781, 35.350273132324219 ], [ 33.652618408203125, 35.354103088378906 ], [ 33.713050842285156, 35.381942749023438 ], [ 33.7530517578125, 35.398468017578125 ], [ 33.774993896484375, 35.4022216796875 ], [ 33.807220458984375, 35.400276184082031 ], [ 33.853607177734375, 35.403053283691406 ], [ 33.871109008789062, 35.406387329101562 ], [ 33.969718933105469, 35.436103820800781 ], [ 34.292221069335938, 35.566665649414062 ], [ 34.314163208007812, 35.575553894042969 ], [ 34.336662292480469, 35.589439392089844 ], [ 34.342498779296875, 35.599159240722656 ], [ 34.349998474121094, 35.606941223144531 ], [ 34.360275268554688, 35.6119384765625 ], [ 34.389442443847656, 35.623886108398438 ], [ 34.553188323974609, 35.682079315185547 ], [ 34.586036682128906, 35.688606262207031 ], [ 34.569717407226562, 35.643608093261719 ], [ 34.386665344238281, 35.535270690917969 ], [ 34.280830383300781, 35.476943969726562 ], [ 34.259437561035156, 35.467498779296875 ], [ 34.225273132324219, 35.455551147460938 ], [ 34.1199951171875, 35.400833129882812 ], [ 33.958053588867188, 35.312774658203125 ], [ 33.948326110839844, 35.307220458984375 ], [ 33.9405517578125, 35.2994384765625 ], [ 33.92138671875, 35.272773742675781 ], [ 33.910552978515625, 35.2530517578125 ], [ 33.905830383300781, 35.242218017578125 ], [ 33.901939392089844, 35.215827941894531 ], [ 33.900276184082031, 35.198051452636719 ], [ 33.902080535888672, 35.163051605224609 ], [ 33.973884582519531, 35.088050842285156 ], [ 34.033050537109375, 35.04388427734375 ], [ 34.054443359375, 35.020553588867188 ], [ 34.067214965820312, 35.003883361816406 ], [ 34.078189849853516, 34.988468170166016 ], [ 34.085273742675781, 34.961662292480469 ], [ 34.064994812011719, 34.960968017578125 ], [ 34.034721374511719, 34.971939086914062 ], [ 34.023883819580078, 34.979301452636719 ], [ 33.976943969726562, 34.98138427734375 ], [ 33.955825805664062, 34.978050231933594 ], [ 33.929443359375, 34.973609924316406 ], [ 33.913330078125, 34.969444274902344 ], [ 33.903053283691406, 34.964164733886719 ], [ 33.899162292480469, 34.959716796875 ] ] ] ] } },
{ "type": "Feature", "properties": { "id": 1, "Nombre": "Baetica" }, "geometry": { "type": "MultiPolygon", "coordinates": [ [ [ [ -2.56785123093684, 36.803066632172865 ], [ -2.584305763244629, 36.786525726318359 ], [ -2.598333597183228, 36.75860595703125 ], [ -2.611111402511597, 36.729579925537109 ], [ -2.644861459732056, 36.697776794433594 ], [ -2.692500114440918, 36.685272216796875 ], [ -2.722500324249268, 36.681663513183594 ], [ -2.7688889503479, 36.678329467773438 ], [ -2.873472452163696, 36.706592559814453 ], [ -2.892083644866943, 36.729160308837891 ], [ -2.92347264289856, 36.747356414794922 ], [ -3.125, 36.750274658203125 ], [ -3.230833530426025, 36.748054504394531 ], [ -3.259166717529297, 36.746940612792969 ], [ -3.336944818496704, 36.737216949462891 ], [ -3.359930753707886, 36.719509124755859 ], [ -3.42555570602417, 36.693607330322266 ], [ -3.460000276565552, 36.691940307617188 ], [ -3.483194589614868, 36.695552825927734 ], [ -3.529444694519043, 36.715827941894531 ], [ -3.60152792930603, 36.746383666992188 ], [ -3.639722347259521, 36.740554809570312 ], [ -3.672500133514404, 36.732078552246094 ], [ -3.69444465637207, 36.72833251953125 ], [ -3.725555896759033, 36.728607177734375 ], [ -3.785555839538574, 36.74249267578125 ], [ -3.816389083862305, 36.75 ], [ -3.848889350891113, 36.752494812011719 ], [ -4.024723052978516, 36.741386413574219 ], [ -4.170487403869629, 36.719863891601562 ], [ -4.23972225189209, 36.713333129882812 ], [ -4.324722290039062, 36.710548400878906 ], [ -4.359723091125488, 36.717498779296875 ], [ -4.399861812591553, 36.721454620361328 ], [ -4.435555934906006, 36.697078704833984 ], [ -4.461944580078125, 36.655830383300781 ], [ -4.490139484405518, 36.615272521972656 ], [ -4.639722347259521, 36.508327484130859 ], [ -4.711528301239014, 36.488193511962891 ], [ -4.757778644561768, 36.485691070556641 ], [ -4.787917137145996, 36.488746643066406 ], [ -4.822917461395264, 36.497634887695312 ], [ -4.852500915527344, 36.500831604003906 ], [ -4.878055572509766, 36.500831604003906 ], [ -4.913888931274414, 36.498886108398438 ], [ -4.940000534057617, 36.491661071777344 ], [ -5.08013916015625, 36.446521759033203 ], [ -5.1726393699646, 36.411872863769531 ], [ -5.21916675567627, 36.370552062988281 ], [ -5.312500476837158, 36.231105804443359 ], [ -5.326111793518066, 36.197494506835938 ], [ -5.333333969116211, 36.171943664550781 ], [ -5.334508419036865, 36.162559509277344 ], [ -5.33748197555542, 36.148948669433594 ], [ -5.335828304290771, 36.139026641845703 ], [ -5.338308811187744, 36.112071990966797 ], [ -5.345088958740234, 36.112735748291016 ], [ -5.356168746948242, 36.126461029052734 ], [ -5.355176448822021, 36.145313262939453 ], [ -5.344427585601807, 36.150272369384766 ], [ -5.355798721313477, 36.163307189941406 ], [ -5.388333797454834, 36.178886413574219 ], [ -5.42548656463623, 36.173748016357422 ], [ -5.444583892822266, 36.138744354248047 ], [ -5.426042079925537, 36.075344085693359 ], [ -5.44888973236084, 36.052215576171875 ], [ -5.613611221313477, 36.006103515625 ], [ -5.802222728729248, 36.077217102050781 ], [ -5.816667079925537, 36.091663360595703 ], [ -5.832778453826904, 36.112079620361328 ], [ -5.847222805023193, 36.127910614013672 ], [ -5.881805896759033, 36.162357330322266 ], [ -5.914861679077148, 36.180133819580078 ], [ -6.025555610656738, 36.184440612792969 ], [ -6.032674312591553, 36.181156158447266 ], [ -6.044167041778564, 36.186107635498047 ], [ -6.158333778381348, 36.305274963378906 ], [ -6.226944923400879, 36.404716491699219 ], [ -6.262222766876221, 36.475830078125 ], [ -6.237222194671631, 36.463813781738281 ], [ -6.217639446258545, 36.468887329101562 ], [ -6.174722671508789, 36.514438629150391 ], [ -6.234445095062256, 36.578189849853516 ], [ -6.297500610351562, 36.613883972167969 ], [ -6.337223052978516, 36.620552062988281 ], [ -6.365139484405518, 36.616664886474609 ], [ -6.395208835601807, 36.629650115966797 ], [ -6.43250036239624, 36.692356109619141 ], [ -6.443611145019531, 36.718887329101562 ], [ -6.439445018768311, 36.741523742675781 ], [ -6.355556488037109, 36.860832214355469 ], [ -6.578888893127441, 37.019439697265625 ], [ -6.725833892822266, 37.091941833496094 ], [ -6.904723167419434, 37.165550231933594 ], [ -6.959923267364502, 37.221836090087891 ], [ -6.978721618652344, 37.212608337402344 ], [ -6.972227573394775, 37.177745819091797 ], [ -6.996836185455322, 37.191074371337891 ], [ -7.05333423614502, 37.213050842285156 ], [ -7.080278396606445, 37.217498779296875 ], [ -7.127223014831543, 37.220550537109375 ], [ -7.173334121704102, 37.217216491699219 ], [ -7.258611679077148, 37.208053588867188 ], [ -7.284722328186035, 37.204994201660156 ], [ -7.300343596934725, 37.19977450411217 ], [ -7.316852598646041, 37.250952409417245 ], [ -7.392584334157725, 37.340207669127444 ], [ -7.39799374383713, 37.405120585280315 ], [ -7.40610785835624, 37.502489959509624 ], [ -7.389879629318021, 37.632315791815365 ], [ -7.37906080995921, 37.745913395082894 ], [ -7.419631382554755, 37.894672161266556 ], [ -7.465611364829705, 38.024497993572297 ], [ -7.449383135791487, 38.157028530717746 ], [ -7.368241990600398, 38.289559067863195 ], [ -7.327671418004853, 38.342976988447326 ], [ -7.327671418004853, 38.388956970722276 ], [ -7.289805550249011, 38.434936952997226 ], [ -7.25193968249317, 38.513373393348616 ], [ -7.211369109897625, 38.599923948219107 ], [ -7.157275013103565, 38.681065093410197 ], [ -7.081543277591881, 38.754092124082177 ], [ -6.981469198522871, 38.775729762799806 ], [ -6.824596317820097, 38.745978009563068 ], [ -6.697475190354057, 38.699998027288117 ], [ -6.500031737055739, 38.683769798249905 ], [ -6.391843543467619, 38.678360388570496 ], [ -6.253903596642767, 38.675655683730795 ], [ -6.026708390107716, 38.713521551486636 ], [ -5.880654328763756, 38.756796828921885 ], [ -5.734600267419793, 38.813595630555646 ], [ -5.612888549633159, 38.873099137029108 ], [ -5.469539193128901, 38.873099137029108 ], [ -5.31537101726583, 38.837937974112975 ], [ -5.209887528517414, 38.819005040235055 ], [ -4.998920551020581, 38.751387419242477 ], [ -4.576986596026915, 38.567467490142676 ], [ -4.420113715324142, 38.494440459470695 ], [ -4.263240834621368, 38.437641657836927 ], [ -4.098253839399487, 38.380842856203166 ], [ -3.919743319979089, 38.318634644889997 ], [ -3.838602174787999, 38.264540548095937 ], [ -3.670910474726413, 38.061687685118216 ], [ -3.597883444054432, 37.975137130247717 ], [ -3.551903461779482, 37.842606593102275 ], [ -3.527561118222155, 37.726304284995045 ], [ -3.503218774664828, 37.545089060734945 ], [ -3.465352906908986, 37.415263228429204 ], [ -3.37880235203849, 37.215115070291183 ], [ -3.289547092328292, 37.104222171863356 ], [ -3.092103639029973, 37.012938383523384 ], [ -2.910888414769873, 36.999414859324865 ], [ -2.770243763105318, 36.964253696408726 ], [ -2.621484996921653, 36.829018454423576 ], [ -2.56785123093684, 36.803066632172865 ] ] ] ] } },
{ "type": "Feature", "properties": { "id": 2, "Nombre": "Lusitania" }, "geometry": { "type": "MultiPolygon", "coordinates": [ [ [ [ -7.33750057220459, 37.187358856201172 ], [ -7.356389045715332, 37.175827026367188 ], [ -7.3913893699646, 37.175273895263672 ], [ -7.409444808959961, 37.20166015625 ], [ -7.431854248046875, 37.253189086914062 ], [ -7.419028282165527, 37.180549621582031 ], [ -7.444583892822266, 37.178745269775391 ], [ -7.471944808959961, 37.177772521972656 ], [ -7.55958366394043, 37.153190612792969 ], [ -7.580417156219482, 37.144439697265625 ], [ -7.618680953979492, 37.115478515625 ], [ -7.758334159851074, 37.034996032714844 ], [ -7.897778511047363, 37.008888244628906 ], [ -7.973055839538574, 37.008331298828125 ], [ -8.012917518615723, 37.022079467773438 ], [ -8.044584274291992, 37.043048858642578 ], [ -8.067779541015625, 37.054718017578125 ], [ -8.110834121704102, 37.074302673339844 ], [ -8.17527961730957, 37.092216491699219 ], [ -8.373750686645508, 37.102077484130859 ], [ -8.407778739929199, 37.090690612792969 ], [ -8.439584732055664, 37.086105346679688 ], [ -8.511112213134766, 37.103050231933594 ], [ -8.658889770507812, 37.10888671875 ], [ -8.670066506422154, 37.105878239444372 ], [ -8.813329438161075, 37.409744792559245 ], [ -8.795862197875977, 37.442512512207031 ], [ -8.787223815917969, 37.524162292480469 ], [ -8.787500381469727, 37.722221374511719 ], [ -8.80583381652832, 37.766387939453125 ], [ -8.791866302490234, 37.819091796875 ], [ -8.790972709655762, 37.82916259765625 ], [ -8.79930591583252, 37.914020538330078 ], [ -8.810556411743164, 37.931938171386719 ], [ -8.839446067810059, 38.014717102050781 ], [ -8.806806564331055, 38.089023590087891 ], [ -8.796112060546875, 38.118331909179688 ], [ -8.789445877075195, 38.139442443847656 ], [ -8.779167175292969, 38.180549621582031 ], [ -8.775821685791016, 38.211761474609375 ], [ -8.777222633361816, 38.256381988525391 ], [ -8.77972412109375, 38.301109313964844 ], [ -8.78639030456543, 38.328887939453125 ], [ -8.79222297668457, 38.349159240722656 ], [ -8.802501678466797, 38.374443054199219 ], [ -8.723333358764648, 38.416664123535156 ], [ -8.673334121704102, 38.413887023925781 ], [ -8.768890380859375, 38.517219543457031 ], [ -8.898612022399902, 38.517772674560547 ], [ -8.918889999389648, 38.509994506835938 ], [ -8.992778778076172, 38.463607788085938 ], [ -9.062778472900391, 38.437217712402344 ], [ -9.083612442016602, 38.433052062988281 ], [ -9.183889389038086, 38.419715881347656 ], [ -9.200279235839844, 38.45166015625 ], [ -9.183751106262207, 38.478050231933594 ], [ -9.178889274597168, 38.509162902832031 ], [ -9.183889389038086, 38.536941528320312 ], [ -9.205417633056641, 38.595413208007812 ], [ -9.22014045715332, 38.619441986083984 ], [ -9.239861488342285, 38.640968322753906 ], [ -9.274236679077148, 38.668743133544922 ], [ -9.215278625488281, 38.678329467773438 ], [ -9.159723281860352, 38.677913665771484 ], [ -9.074445724487305, 38.631103515625 ], [ -9.028057098388672, 38.699996948242188 ], [ -9.015556335449219, 38.729438781738281 ], [ -8.948195457458496, 38.762844085693359 ], [ -8.919746398925781, 38.765892028808594 ], [ -8.919723510742188, 38.770271301269531 ], [ -8.929445266723633, 38.800411224365234 ], [ -8.955848693847656, 38.840858459472656 ], [ -8.979549407958984, 38.850131988525391 ], [ -8.989445686340332, 38.900691986083984 ], [ -8.994306564331055, 38.940620422363281 ], [ -9.065279006958008, 38.854995727539062 ], [ -9.079028129577637, 38.830551147460938 ], [ -9.089167594909668, 38.804996490478516 ], [ -9.092778205871582, 38.771450042724609 ], [ -9.095278739929199, 38.747356414794922 ], [ -9.118473052978516, 38.717220306396484 ], [ -9.212501525878906, 38.690826416015625 ], [ -9.322223663330078, 38.676666259765625 ], [ -9.416988709986631, 38.690130862835581 ], [ -9.476672917577597, 38.816723514653631 ], [ -9.46250057220459, 38.839580535888672 ], [ -9.444514274597168, 38.863052368164062 ], [ -9.421945571899414, 38.918052673339844 ], [ -9.412639617919922, 38.949440002441406 ], [ -9.417361259460449, 38.991729736328125 ], [ -9.426250457763672, 39.011524200439453 ], [ -9.419168472290039, 39.078605651855469 ], [ -9.39666748046875, 39.117774963378906 ], [ -9.364723205566406, 39.163051605224609 ], [ -9.339722633361816, 39.224857330322266 ], [ -9.337362289428711, 39.263328552246094 ], [ -9.338344573974609, 39.292976379394531 ], [ -9.359583854675293, 39.356662750244141 ], [ -9.2933349609375, 39.391387939453125 ], [ -9.227222442626953, 39.435272216796875 ], [ -9.144166946411133, 39.526382446289062 ], [ -9.085556030273438, 39.614997863769531 ], [ -9.079444885253906, 39.640274047851562 ], [ -9.047500610351562, 39.732215881347656 ], [ -9.026945114135742, 39.775550842285156 ], [ -8.984724044799805, 39.850555419921875 ], [ -8.93194580078125, 39.964164733886719 ], [ -8.8963623046875, 40.045402526855469 ], [ -8.890973091125488, 40.054996490478516 ], [ -8.874723434448242, 40.096107482910156 ], [ -8.862362861633301, 40.139438629150391 ], [ -8.881389617919922, 40.242774963378906 ], [ -8.850557327270508, 40.306938171386719 ], [ -8.840278625488281, 40.336387634277344 ], [ -8.80000114440918, 40.468330383300781 ], [ -8.790279388427734, 40.504165649414062 ], [ -8.785865783691406, 40.520706176757812 ], [ -8.782501220703125, 40.537773132324219 ], [ -8.777501106262207, 40.560134887695312 ], [ -8.729681015014648, 40.635715484619141 ], [ -8.691667556762695, 40.661109924316406 ], [ -8.660139083862305, 40.691108703613281 ], [ -8.678335189819336, 40.775833129882812 ], [ -8.703056335449219, 40.718605041503906 ], [ -8.730986595153809, 40.686187744140625 ], [ -8.726667404174805, 40.727775573730469 ], [ -8.717779159545898, 40.752777099609375 ], [ -8.696597099304199, 40.805896759033203 ], [ -8.677778244018555, 40.869163513183594 ], [ -8.668056488037109, 40.903884887695312 ], [ -8.645556449890137, 41.002632141113281 ], [ -8.645544052124023, 41.018577575683594 ], [ -8.657222747802734, 41.041938781738281 ], [ -8.683207068731788, 41.11199797340047 ], [ -8.673262075757076, 41.137613264070396 ], [ -8.623225036222571, 41.130851501971136 ], [ -8.573187996688066, 41.118680330192475 ], [ -8.512332137794749, 41.097042691474847 ], [ -8.492046851496976, 41.072700347917525 ], [ -8.428486287763956, 41.057824471299156 ], [ -8.383858657908856, 41.052415061619747 ], [ -8.340583380473609, 41.036186832581535 ], [ -8.293251045778806, 41.032129775321977 ], [ -8.260794587702371, 41.055119766459455 ], [ -8.202643433648756, 41.063233880978565 ], [ -8.162072861053213, 41.076757405177077 ], [ -8.117445231198113, 41.079462110016777 ], [ -8.072817601343013, 41.094337986635146 ], [ -8.052532315045241, 41.091633281795445 ], [ -8.005199980350438, 41.091633281795445 ], [ -7.964629407754894, 41.103804453574107 ], [ -7.878078852884399, 41.105156805993957 ], [ -7.813165936731528, 41.137613264070396 ], [ -7.718501267341923, 41.141670321329947 ], [ -7.665759522967715, 41.147079731009356 ], [ -7.594084844715585, 41.151136788268907 ], [ -7.530524280982565, 41.191707360864456 ], [ -7.420983734974595, 41.195764418124007 ], [ -7.373651400279792, 41.167365017307127 ], [ -7.322262008325435, 41.136260911650545 ], [ -7.270872616371078, 41.133556206810837 ], [ -7.157275013103554, 41.121385035032176 ], [ -7.141046784065336, 41.118680330192475 ], [ -7.111295030828604, 41.121385035032176 ], [ -7.076133867912464, 41.117327977772618 ], [ -7.068019753393355, 41.090280929375595 ], [ -7.049086819515435, 41.072700347917525 ], [ -7.030153885637514, 41.063233880978565 ], [ -7.001754484820633, 41.036186832581535 ], [ -6.996345075141226, 41.030777422902126 ], [ -6.966593321904494, 41.026720365642568 ], [ -6.904385110591325, 41.028072718062425 ], [ -6.834062784759047, 41.030777422902126 ], [ -6.781321040384839, 41.064586233398416 ], [ -6.765092811346621, 41.101099748734406 ], [ -6.694770485514344, 41.170069722146827 ], [ -6.665018732277611, 41.222811466521037 ], [ -6.569001710468155, 41.230925581040147 ], [ -6.489212917696916, 41.253915572177625 ], [ -6.395900600727163, 41.321533193170197 ], [ -6.367501199910282, 41.345875536727526 ], [ -6.375615314429391, 41.371570232704705 ], [ -6.348568266032361, 41.378331994803958 ], [ -6.314759455536074, 41.394560223842177 ], [ -6.305292988597113, 41.431073739178167 ], [ -6.283655349879489, 41.477053721453117 ], [ -6.233618310344984, 41.514919589208958 ], [ -6.210628319207509, 41.546023694865546 ], [ -6.151124812734043, 41.547376047285397 ], [ -6.115963649817904, 41.527090760987626 ], [ -6.038879561886367, 41.465558725884385 ], [ -5.922577253779139, 41.424988153288837 ], [ -5.800865535992505, 41.324914074219826 ], [ -5.643992655289731, 41.205907061272896 ], [ -5.446549201991413, 41.030101246692205 ], [ -5.048957590555075, 40.667670798172004 ], [ -4.878561185653786, 40.486455573911904 ], [ -4.813648269500915, 40.478341459392794 ], [ -4.683822437195171, 40.481046164232495 ], [ -4.462036640339526, 40.447237353736206 ], [ -4.448513116141012, 40.336344455308385 ], [ -4.467446050018932, 40.238975081079076 ], [ -4.51072132745418, 40.122672772971853 ], [ -4.562110719408537, 40.082102200376305 ], [ -4.621614225882002, 39.995551645505813 ], [ -4.659480093637844, 39.903591680955905 ], [ -4.724393009790716, 39.827859945444224 ], [ -4.756849467867153, 39.774442024860093 ], [ -4.813648269500916, 39.704119699027814 ], [ -4.88126589049349, 39.622978553836724 ], [ -4.919131758249332, 39.563475047363255 ], [ -4.970521150203689, 39.468810377973654 ], [ -5.005682313119827, 39.368736298904643 ], [ -5.035434066356561, 39.325461021469394 ], [ -5.065185819593293, 39.265957514995932 ], [ -5.132803440585868, 39.244319876278304 ], [ -5.17066930834171, 39.214568123041573 ], [ -5.203125766418146, 39.144245797209294 ], [ -5.216649290616661, 39.114494043972563 ], [ -5.262629272891612, 39.079332881056423 ], [ -5.341065713242998, 39.049581127819692 ], [ -5.384340990678246, 39.011715260063852 ], [ -5.419502153594385, 38.957621163269792 ], [ -5.612888549633159, 38.873099137029108 ], [ -5.734600267419793, 38.813595630555646 ], [ -5.880654328763756, 38.756796828921885 ], [ -6.026708390107716, 38.713521551486636 ], [ -6.253903596642767, 38.675655683730795 ], [ -6.391843543467619, 38.678360388570496 ], [ -6.500031737055739, 38.683769798249905 ], [ -6.697475190354057, 38.699998027288117 ], [ -6.824596317820097, 38.745978009563068 ], [ -6.981469198522871, 38.775729762799806 ], [ -7.081543277591881, 38.754092124082177 ], [ -7.157275013103565, 38.681065093410197 ], [ -7.211369109897625, 38.599923948219107 ], [ -7.25193968249317, 38.513373393348616 ], [ -7.289805550249011, 38.434936952997226 ], [ -7.327671418004853, 38.388956970722276 ], [ -7.327671418004853, 38.342976988447326 ], [ -7.368241990600398, 38.289559067863195 ], [ -7.449383135791487, 38.157028530717746 ], [ -7.465611364829705, 38.024497993572297 ], [ -7.419631382554755, 37.894672161266556 ], [ -7.37906080995921, 37.745913395082894 ], [ -7.389879629318021, 37.632315791815365 ], [ -7.40610785835624, 37.502489959509624 ], [ -7.39799374383713, 37.405120585280315 ], [ -7.392584334157725, 37.340207669127444 ], [ -7.316852598646041, 37.250952409417245 ], [ -7.300343596934725, 37.19977450411217 ], [ -7.33750057220459, 37.187358856201172 ] ] ] ] } },
{ "type": "Feature", "properties": { "id": 3, "Nombre": "Tarraconensis" }, "geometry": { "type": "MultiPolygon", "coordinates": [ [ [ [ 1.390277624130249, 38.643325805664062 ], [ 1.386388778686523, 38.647773742675781 ], [ 1.385555505752563, 38.658050537109375 ], [ 1.383610963821411, 38.683052062988281 ], [ 1.383055448532104, 38.693885803222656 ], [ 1.383055448532104, 38.718051910400391 ], [ 1.399166584014893, 38.737777709960938 ], [ 1.445277690887451, 38.741104125976562 ], [ 1.575416564941406, 38.689579010009766 ], [ 1.587360978126526, 38.669857025146484 ], [ 1.57277774810791, 38.654853820800781 ], [ 1.556388854980469, 38.654159545898438 ], [ 1.522708177566528, 38.655689239501953 ], [ 1.505277633666992, 38.669441223144531 ], [ 1.494444370269775, 38.675552368164062 ], [ 1.459860920906067, 38.686248779296875 ], [ 1.443888664245605, 38.682777404785156 ], [ 1.390277624130249, 38.643325805664062 ] ] ], [ [ [ 1.371944427490234, 38.830825805664062 ], [ 1.36805534362793, 38.851104736328125 ], [ 1.359583139419556, 38.862773895263672 ], [ 1.349583268165588, 38.869720458984375 ], [ 1.273888826370239, 38.878883361816406 ], [ 1.250555396080017, 38.860828399658203 ], [ 1.222499847412109, 38.874160766601562 ], [ 1.211944341659546, 38.898330688476562 ], [ 1.227777719497681, 38.948051452636719 ], [ 1.242499828338623, 38.968048095703125 ], [ 1.294166564941406, 39.031387329101562 ], [ 1.303611040115356, 39.038604736328125 ], [ 1.329166650772095, 39.055274963378906 ], [ 1.362499952316284, 39.072776794433594 ], [ 1.472777605056763, 39.105270385742188 ], [ 1.519721984863281, 39.118331909179688 ], [ 1.545833110809326, 39.118049621582031 ], [ 1.602916598320007, 39.093883514404297 ], [ 1.609166622161865, 39.081382751464844 ], [ 1.614999771118164, 39.028327941894531 ], [ 1.53166651725769, 38.951942443847656 ], [ 1.40583324432373, 38.845550537109375 ], [ 1.371944427490234, 38.830825805664062 ] ] ], [ [ [ 4.276388168334961, 39.806388854980469 ], [ 4.259860515594482, 39.809719085693359 ], [ 4.238332748413086, 39.816108703613281 ], [ 4.116388320922852, 39.868331909179688 ], [ 4.100832939147949, 39.877777099609375 ], [ 4.089582920074463, 39.88763427734375 ], [ 4.082221508026123, 39.897357940673828 ], [ 4.041110992431641, 39.915550231933594 ], [ 4.028610229492188, 39.919998168945312 ], [ 3.984722137451172, 39.930274963378906 ], [ 3.965555191040039, 39.933609008789062 ], [ 3.938333034515381, 39.9324951171875 ], [ 3.924166202545166, 39.929161071777344 ], [ 3.911110877990723, 39.925827026367188 ], [ 3.882985591888428, 39.920272827148438 ], [ 3.826666355133057, 39.922492980957031 ], [ 3.796944141387939, 40.017219543457031 ], [ 3.833749771118164, 40.054580688476562 ], [ 3.868332862854004, 40.058052062988281 ], [ 3.937499523162842, 40.058883666992188 ], [ 4.122499465942383, 40.056106567382812 ], [ 4.174444198608398, 40.050277709960938 ], [ 4.241388320922852, 39.993606567382812 ], [ 4.273332595825195, 39.961387634277344 ], [ 4.315554618835449, 39.878883361816406 ], [ 4.316944122314453, 39.846107482910156 ], [ 4.313888549804688, 39.831939697265625 ], [ 4.293402194976807, 39.809925079345703 ], [ 4.276388168334961, 39.806388854980469 ] ] ], [ [ [ 2.389166355133057, 39.524993896484375 ], [ 2.364166259765625, 39.555831909179688 ], [ 2.386110782623291, 39.612777709960938 ], [ 2.538610935211182, 39.700271606445312 ], [ 2.68388843536377, 39.79388427734375 ], [ 2.777777671813965, 39.844718933105469 ], [ 2.987777709960938, 39.911109924316406 ], [ 3.071388721466064, 39.921943664550781 ], [ 3.091805219650269, 39.897495269775391 ], [ 3.124444007873535, 39.812217712402344 ], [ 3.139930248260498, 39.786941528320312 ], [ 3.180832862854004, 39.759994506835938 ], [ 3.244583129882812, 39.73541259765625 ], [ 3.267916440963745, 39.735691070556641 ], [ 3.293333053588867, 39.745826721191406 ], [ 3.331110715866089, 39.765201568603516 ], [ 3.382777690887451, 39.773330688476562 ], [ 3.439722061157227, 39.750274658203125 ], [ 3.479999780654907, 39.716384887695312 ], [ 3.463610649108887, 39.661384582519531 ], [ 3.447499752044678, 39.640274047851562 ], [ 3.374583005905151, 39.550968170166016 ], [ 3.331943988800049, 39.526382446289062 ], [ 3.320277690887451, 39.520553588867188 ], [ 3.30555534362793, 39.502220153808594 ], [ 3.288055419921875, 39.467498779296875 ], [ 3.266944408416748, 39.412773132324219 ], [ 3.241944313049316, 39.36444091796875 ], [ 3.081943988800049, 39.273048400878906 ], [ 3.060277700424194, 39.263332366943359 ], [ 3.029166221618652, 39.283050537109375 ], [ 2.985555171966553, 39.318603515625 ], [ 2.829721927642822, 39.35333251953125 ], [ 2.791666507720947, 39.363742828369141 ], [ 2.749791383743286, 39.4007568359375 ], [ 2.727777481079102, 39.473052978515625 ], [ 2.747777462005615, 39.499198913574219 ], [ 2.734027624130249, 39.525691986083984 ], [ 2.694444179534912, 39.55194091796875 ], [ 2.667291402816772, 39.561729431152344 ], [ 2.54444408416748, 39.522495269775391 ], [ 2.436944007873535, 39.521659851074219 ], [ 2.389166355133057, 39.524993896484375 ] ] ], [ [ [ 3.162976923255199, 42.397997975450259 ], [ 3.15916633605957, 42.380691528320312 ], [ 3.168472051620483, 42.359718322753906 ], [ 3.20031213760376, 42.344924926757812 ], [ 3.226110935211182, 42.349578857421875 ], [ 3.2730553150177, 42.341941833496094 ], [ 3.31796010773964, 42.320492719809081 ], [ 3.317981266812962, 42.32047249594342 ], [ 3.283194303512573, 42.262912750244141 ], [ 3.264582872390747, 42.242080688476562 ], [ 3.213749647140503, 42.233745574951172 ], [ 3.185555219650269, 42.252079010009766 ], [ 3.154721736907959, 42.260135650634766 ], [ 3.11805534362793, 42.225131988525391 ], [ 3.11145806312561, 42.198814392089844 ], [ 3.117083072662354, 42.144439697265625 ], [ 3.146874666213989, 42.116592407226562 ], [ 3.179096937179565, 42.105964660644531 ], [ 3.211110830307007, 42.066520690917969 ], [ 3.220555305480957, 41.946937561035156 ], [ 3.201666355133057, 41.892776489257812 ], [ 3.175277709960938, 41.86749267578125 ], [ 3.123610973358154, 41.848609924316406 ], [ 3.01194429397583, 41.773048400878906 ], [ 2.937430381774902, 41.719089508056641 ], [ 2.717499732971191, 41.627494812011719 ], [ 2.676666259765625, 41.612777709960938 ], [ 2.605833053588867, 41.590827941894531 ], [ 2.557777404785156, 41.577217102050781 ], [ 2.537777423858643, 41.570274353027344 ], [ 2.267083168029785, 41.459857940673828 ], [ 2.247082948684692, 41.442424774169922 ], [ 2.164721965789795, 41.342498779296875 ], [ 2.151249647140503, 41.311943054199219 ], [ 2.117360830307007, 41.289299011230469 ], [ 2.078332901000977, 41.275276184082031 ], [ 2.054166316986084, 41.268608093261719 ], [ 2.005138635635376, 41.263191223144531 ], [ 1.889999866485596, 41.251106262207031 ], [ 1.761666536331177, 41.218605041503906 ], [ 1.701388835906982, 41.205551147460938 ], [ 1.675833225250244, 41.20166015625 ], [ 1.651388883590698, 41.199165344238281 ], [ 1.61638879776001, 41.195831298828125 ], [ 1.531944274902344, 41.18499755859375 ], [ 1.498333215713501, 41.178604125976562 ], [ 1.322499990463257, 41.129440307617188 ], [ 1.204999923706055, 41.101387023925781 ], [ 1.039444208145142, 41.062492370605469 ], [ 0.993055462837219, 41.048049926757812 ], [ 0.964444398880005, 41.03277587890625 ], [ 0.939861059188843, 41.012081146240234 ], [ 0.924722194671631, 40.991104125976562 ], [ 0.899444401264191, 40.980274200439453 ], [ 0.703611016273499, 40.796871185302734 ], [ 0.730555474758148, 40.771110534667969 ], [ 0.848055481910706, 40.729438781738281 ], [ 0.87027770280838, 40.732494354248047 ], [ 0.896597146987915, 40.725761413574219 ], [ 0.88527774810791, 40.702774047851562 ], [ 0.857916593551636, 40.680274963378906 ], [ 0.689722180366516, 40.571662902832031 ], [ 0.664305508136749, 40.562774658203125 ], [ 0.636388838291168, 40.561801910400391 ], [ 0.621423542499542, 40.584369659423828 ], [ 0.709166646003723, 40.595832824707031 ], [ 0.734722137451172, 40.639995574951172 ], [ 0.696666598320007, 40.637496948242188 ], [ 0.610138773918152, 40.624996185302734 ], [ 0.589166641235352, 40.612777709960938 ], [ 0.54194438457489, 40.569160461425781 ], [ 0.519166588783264, 40.533882141113281 ], [ 0.51893937587738, 40.528739929199219 ], [ 0.458333313465118, 40.447219848632812 ], [ 0.356388866901398, 40.300830841064453 ], [ 0.280555546283722, 40.236656188964844 ], [ 0.213055551052094, 40.183601379394531 ], [ 0.047499995678663, 40.033740997314453 ], [ 0.032777771353722, 40.007766723632812 ], [ -0.037222228944302, 39.893325805664062 ], [ -0.08444444835186, 39.851387023925781 ], [ -0.111527785658836, 39.823604583740234 ], [ -0.179166674613953, 39.736106872558594 ], [ -0.317638903856277, 39.514858245849609 ], [ -0.326111137866974, 39.494720458984375 ], [ -0.337638944387436, 39.438053131103516 ], [ -0.241111129522324, 39.143882751464844 ], [ -0.195000022649765, 39.053604125976562 ], [ -0.182500004768372, 39.029159545898438 ], [ -0.143333345651627, 38.97833251953125 ], [ -0.092222228646278, 38.929718017578125 ], [ -0.065000005066395, 38.904994964599609 ], [ -0.041114941239357, 38.889209747314453 ], [ 0.008888887241483, 38.862213134765625 ], [ 0.048541661351919, 38.859710693359375 ], [ 0.077083326876163, 38.857627868652344 ], [ 0.147777765989304, 38.828323364257812 ], [ 0.198472201824188, 38.803741455078125 ], [ 0.215277761220932, 38.758041381835938 ], [ 0.207222193479538, 38.732208251953125 ], [ 0.164166659116745, 38.697486877441406 ], [ 0.144166648387909, 38.684707641601562 ], [ 0.04166666418314, 38.638046264648438 ], [ -0.012083333916962, 38.625553131103516 ], [ -0.052777782082558, 38.593330383300781 ], [ -0.145138904452324, 38.536941528320312 ], [ -0.294583350419998, 38.484024047851562 ], [ -0.320000022649765, 38.471523284912109 ], [ -0.379305601119995, 38.436248779296875 ], [ -0.511666774749756, 38.324996948242188 ], [ -0.600277781486511, 38.185272216796875 ], [ -0.65666675567627, 38.046943664550781 ], [ -0.750555634498596, 37.889717102050781 ], [ -0.760000050067902, 37.859439849853516 ], [ -0.761015653610229, 37.845954895019531 ], [ -0.80138897895813, 37.801383972167969 ], [ -0.841944456100464, 37.748886108398438 ], [ -0.858333349227905, 37.715549468994141 ], [ -0.809444546699524, 37.660968780517578 ], [ -0.786944508552551, 37.647773742675781 ], [ -0.721631944179535, 37.639369964599609 ], [ -0.70250004529953, 37.624443054199219 ], [ -0.72347229719162, 37.602218627929688 ], [ -0.744166731834412, 37.593887329101562 ], [ -0.918333411216736, 37.551799774169922 ], [ -0.952500104904175, 37.555831909179688 ], [ -0.977916717529297, 37.574859619140625 ], [ -1.048333406448364, 37.57916259765625 ], [ -1.238611221313477, 37.575271606445312 ], [ -1.327500104904175, 37.558052062988281 ], [ -1.350833415985107, 37.5494384765625 ], [ -1.448333382606506, 37.490966796875 ], [ -1.467361211776733, 37.472358703613281 ], [ -1.484722375869751, 37.438606262207031 ], [ -1.50944447517395, 37.421943664550781 ], [ -1.567777872085571, 37.39971923828125 ], [ -1.633415222167969, 37.376861572265625 ], [ -1.643611192703247, 37.372772216796875 ], [ -1.684027910232544, 37.345970153808594 ], [ -1.794583439826965, 37.227493286132812 ], [ -1.813264012336731, 37.190414428710938 ], [ -1.823611259460449, 37.150833129882812 ], [ -1.826666712760925, 37.124996185302734 ], [ -1.846666812896729, 37.081939697265625 ], [ -1.902222394943237, 36.972221374511719 ], [ -1.932083487510681, 36.939304351806641 ], [ -1.992638945579529, 36.889995574951172 ], [ -2.048740264377107, 36.820459118183081 ], [ -2.271863593344839, 36.805849852595919 ], [ -2.291319608688354, 36.825618743896484 ], [ -2.347083568572998, 36.840549468994141 ], [ -2.481944561004639, 36.829994201660156 ], [ -2.557916879653931, 36.813053131103516 ], [ -2.56785123093684, 36.803066632172865 ], [ -2.621484996921653, 36.829018454423576 ], [ -2.770243763105318, 36.964253696408726 ], [ -2.910888414769873, 36.999414859324865 ], [ -3.092103639029973, 37.012938383523384 ], [ -3.289547092328292, 37.104222171863356 ], [ -3.37880235203849, 37.215115070291183 ], [ -3.465352906908986, 37.415263228429204 ], [ -3.503218774664828, 37.545089060734945 ], [ -3.527561118222155, 37.726304284995045 ], [ -3.551903461779482, 37.842606593102275 ], [ -3.597883444054432, 37.975137130247717 ], [ -3.670910474726413, 38.061687685118216 ], [ -3.838602174787999, 38.264540548095937 ], [ -3.919743319979089, 38.318634644889997 ], [ -4.098253839399487, 38.380842856203166 ], [ -4.263240834621368, 38.437641657836927 ], [ -4.420113715324142, 38.494440459470695 ], [ -4.576986596026915, 38.567467490142676 ], [ -4.998920551020581, 38.751387419242477 ], [ -5.209887528517414, 38.819005040235055 ], [ -5.31537101726583, 38.837937974112975 ], [ -5.469539193128901, 38.873099137029108 ], [ -5.612888549633159, 38.873099137029108 ], [ -5.419502153594385, 38.957621163269792 ], [ -5.384340990678246, 39.011715260063852 ], [ -5.341065713242998, 39.049581127819692 ], [ -5.262629272891612, 39.079332881056423 ], [ -5.216649290616661, 39.114494043972563 ], [ -5.203125766418146, 39.144245797209294 ], [ -5.17066930834171, 39.214568123041573 ], [ -5.132803440585868, 39.244319876278304 ], [ -5.065185819593293, 39.265957514995932 ], [ -5.035434066356561, 39.325461021469394 ], [ -5.005682313119827, 39.368736298904643 ], [ -4.970521150203689, 39.468810377973654 ], [ -4.919131758249332, 39.563475047363255 ], [ -4.88126589049349, 39.622978553836724 ], [ -4.813648269500916, 39.704119699027814 ], [ -4.756849467867153, 39.774442024860093 ], [ -4.724393009790716, 39.827859945444224 ], [ -4.659480093637844, 39.903591680955905 ], [ -4.621614225882002, 39.995551645505813 ], [ -4.562110719408537, 40.082102200376305 ], [ -4.51072132745418, 40.122672772971853 ], [ -4.467446050018932, 40.238975081079076 ], [ -4.448513116141012, 40.336344455308385 ], [ -4.462036640339526, 40.447237353736206 ], [ -4.683822437195171, 40.481046164232495 ], [ -4.813648269500915, 40.478341459392794 ], [ -4.878561185653786, 40.486455573911904 ], [ -5.048957590555075, 40.667670798172004 ], [ -5.446549201991413, 41.030101246692205 ], [ -5.643992655289731, 41.205907061272896 ], [ -5.800865535992505, 41.324914074219826 ], [ -5.922577253779139, 41.424988153288837 ], [ -6.038879561886367, 41.465558725884385 ], [ -6.115963649817904, 41.527090760987626 ], [ -6.151124812734043, 41.547376047285397 ], [ -6.210628319207509, 41.546023694865546 ], [ -6.233618310344984, 41.514919589208958 ], [ -6.283655349879489, 41.477053721453117 ], [ -6.305292988597113, 41.431073739178167 ], [ -6.314759455536074, 41.394560223842177 ], [ -6.348568266032361, 41.378331994803958 ], [ -6.375615314429391, 41.371570232704705 ], [ -6.367501199910282, 41.345875536727526 ], [ -6.395900600727163, 41.321533193170197 ], [ -6.489212917696916, 41.253915572177625 ], [ -6.569001710468155, 41.230925581040147 ], [ -6.665018732277611, 41.222811466521037 ], [ -6.694770485514344, 41.170069722146827 ], [ -6.765092811346621, 41.101099748734406 ], [ -6.781321040384839, 41.064586233398416 ], [ -6.834062784759047, 41.030777422902126 ], [ -6.904385110591325, 41.028072718062425 ], [ -6.966593321904494, 41.026720365642568 ], [ -6.996345075141226, 41.030777422902126 ], [ -7.001754484820633, 41.036186832581535 ], [ -7.030153885637514, 41.063233880978565 ], [ -7.049086819515435, 41.072700347917525 ], [ -7.068019753393355, 41.090280929375595 ], [ -7.076133867912464, 41.117327977772618 ], [ -7.111295030828604, 41.121385035032176 ], [ -7.141046784065336, 41.118680330192475 ], [ -7.157275013103554, 41.121385035032176 ], [ -7.270872616371078, 41.133556206810837 ], [ -7.322262008325435, 41.136260911650545 ], [ -7.373651400279792, 41.167365017307127 ], [ -7.420983734974595, 41.195764418124007 ], [ -7.530524280982565, 41.191707360864456 ], [ -7.594084844715585, 41.151136788268907 ], [ -7.665759522967715, 41.147079731009356 ], [ -7.718501267341923, 41.141670321329947 ], [ -7.813165936731528, 41.137613264070396 ], [ -7.878078852884399, 41.105156805993957 ], [ -7.964629407754894, 41.103804453574107 ], [ -8.005199980350438, 41.091633281795445 ], [ -8.052532315045241, 41.091633281795445 ], [ -8.072817601343013, 41.094337986635146 ], [ -8.117445231198113, 41.079462110016777 ], [ -8.162072861053213, 41.076757405177077 ], [ -8.202643433648756, 41.063233880978565 ], [ -8.260794587702371, 41.055119766459455 ], [ -8.293251045778806, 41.032129775321977 ], [ -8.340583380473609, 41.036186832581535 ], [ -8.383858657908856, 41.052415061619747 ], [ -8.428486287763956, 41.057824471299156 ], [ -8.492046851496976, 41.072700347917525 ], [ -8.512332137794749, 41.097042691474847 ], [ -8.573187996688066, 41.118680330192475 ], [ -8.623225036222571, 41.130851501971136 ], [ -8.673262075757076, 41.137613264070396 ], [ -8.770390895253787, 41.36214482082903 ], [ -8.789722442626953, 41.42138671875 ], [ -8.778841018676758, 41.467575073242188 ], [ -8.781112670898438, 41.484443664550781 ], [ -8.799722671508789, 41.566665649414062 ], [ -8.815088272094727, 41.617240905761719 ], [ -8.873056411743164, 41.724300384521484 ], [ -8.880834579467773, 41.751663208007812 ], [ -8.87972354888916, 41.841384887695312 ], [ -8.862361907958984, 41.864025115966797 ], [ -8.81361198425293, 41.902496337890625 ], [ -8.786216735839844, 41.919090270996094 ], [ -8.752418518066406, 41.931732177734375 ], [ -8.74500846862793, 41.952499389648438 ], [ -8.76500129699707, 41.93499755859375 ], [ -8.783889770507812, 41.922775268554688 ], [ -8.81644344329834, 41.920188903808594 ], [ -8.848043441772461, 41.899581909179688 ], [ -8.875140190124512, 41.879508972167969 ], [ -8.888334274291992, 41.933609008789062 ], [ -8.897500991821289, 42.110553741455078 ], [ -8.810834884643555, 42.186943054199219 ], [ -8.766389846801758, 42.216274261474609 ], [ -8.7227783203125, 42.240272521972656 ], [ -8.644166946411133, 42.288330078125 ], [ -8.579862594604492, 42.349021911621094 ], [ -8.600000381469727, 42.353607177734375 ], [ -8.625972747802734, 42.34527587890625 ], [ -8.653299331665039, 42.302738189697266 ], [ -8.683612823486328, 42.279716491699219 ], [ -8.760833740234375, 42.259162902832031 ], [ -8.794112205505371, 42.253383636474609 ], [ -8.864861488342285, 42.249649047851562 ], [ -8.852779388427734, 42.296104431152344 ], [ -8.821945190429688, 42.328330993652344 ], [ -8.793611526489258, 42.337776184082031 ], [ -8.692222595214844, 42.400833129882812 ], [ -8.671945571899414, 42.414443969726562 ], [ -8.656112670898438, 42.427772521972656 ], [ -8.696111679077148, 42.437633514404297 ], [ -8.746945381164551, 42.412635803222656 ], [ -8.780417442321777, 42.396953582763672 ], [ -8.84083366394043, 42.391387939453125 ], [ -8.880556106567383, 42.421661376953125 ], [ -8.906112670898438, 42.475135803222656 ], [ -8.888751029968262, 42.498470306396484 ], [ -8.860730171203613, 42.487422943115234 ], [ -8.868612289428711, 42.459789276123047 ], [ -8.836112976074219, 42.461936950683594 ], [ -8.814445495605469, 42.491661071777344 ], [ -8.809722900390625, 42.519439697265625 ], [ -8.831875801086426, 42.549163818359375 ], [ -8.811805725097656, 42.576038360595703 ], [ -8.778890609741211, 42.596107482910156 ], [ -8.746946334838867, 42.638053894042969 ], [ -8.719722747802734, 42.675277709960938 ], [ -8.720497131347656, 42.698490142822266 ], [ -8.851388931274414, 42.661109924316406 ], [ -8.920834541320801, 42.626800537109375 ], [ -8.937431335449219, 42.600341796875 ], [ -8.995555877685547, 42.532493591308594 ], [ -9.029375076293945, 42.524162292480469 ], [ -9.061389923095703, 42.579437255859375 ], [ -9.056667327880859, 42.609992980957031 ], [ -9.034723281860352, 42.670829772949219 ], [ -9.022500991821289, 42.699581146240234 ], [ -9.006389617919922, 42.720832824707031 ], [ -8.915833473205566, 42.789024353027344 ], [ -9.008611679077148, 42.776382446289062 ], [ -9.086668014526367, 42.740272521972656 ], [ -9.1058349609375, 42.752494812011719 ], [ -9.123334884643555, 42.768882751464844 ], [ -9.132384300231934, 42.799789428710938 ], [ -9.124444961547852, 42.839996337890625 ], [ -9.143890380859375, 42.893325805664062 ], [ -9.162778854370117, 42.925827026367188 ], [ -9.18819522857666, 42.951248168945312 ], [ -9.263890266418457, 42.913745880126953 ], [ -9.2933349609375, 42.922492980957031 ], [ -9.259166717529297, 43.047218322753906 ], [ -9.208195686340332, 43.155132293701172 ], [ -9.169723510742188, 43.185829162597656 ], [ -9.132083892822266, 43.196174621582031 ], [ -9.089445114135742, 43.1905517578125 ], [ -9.0352783203125, 43.203887939453125 ], [ -8.944028854370117, 43.234996795654297 ], [ -8.977500915527344, 43.278606414794922 ], [ -8.950279235839844, 43.293609619140625 ], [ -8.87639045715332, 43.319717407226562 ], [ -8.824445724487305, 43.327217102050781 ], [ -8.782777786254883, 43.303054809570312 ], [ -8.724166870117188, 43.291107177734375 ], [ -8.701389312744141, 43.287216186523438 ], [ -8.689445495605469, 43.292221069335938 ], [ -8.657501220703125, 43.303329467773438 ], [ -8.405555725097656, 43.384719848632812 ], [ -8.329723358154297, 43.403884887695312 ], [ -8.265556335449219, 43.552772521972656 ], [ -8.006668090820312, 43.703887939453125 ], [ -7.898056030273438, 43.76416015625 ], [ -7.858264446258545, 43.764301300048828 ], [ -7.850556373596191, 43.7147216796875 ], [ -7.802500247955322, 43.726940155029297 ], [ -7.724445343017578, 43.74749755859375 ], [ -7.685556411743164, 43.748603820800781 ], [ -7.516667366027832, 43.734443664550781 ], [ -7.463611602783203, 43.726387023925781 ], [ -7.363611698150635, 43.674163818359375 ], [ -7.333472728729248, 43.638607025146484 ], [ -7.29597282409668, 43.596107482910156 ], [ -7.247361660003662, 43.562221527099609 ], [ -7.204722881317139, 43.564857482910156 ], [ -7.038472652435303, 43.550273895263672 ], [ -7.044818878173828, 43.490402221679688 ], [ -7.019166946411133, 43.539718627929688 ], [ -6.999444961547852, 43.560829162597656 ], [ -6.943333625793457, 43.577774047851562 ], [ -6.766667366027832, 43.567771911621094 ], [ -6.600833892822266, 43.558326721191406 ], [ -6.481389045715332, 43.55499267578125 ], [ -6.342778205871582, 43.556938171386719 ], [ -6.295833587646484, 43.569442749023438 ], [ -6.101806163787842, 43.561801910400391 ], [ -6.075834274291992, 43.565826416015625 ], [ -5.944723129272461, 43.593887329101562 ], [ -5.883334159851074, 43.623329162597656 ], [ -5.854166984558105, 43.648048400878906 ], [ -5.778611183166504, 43.617218017578125 ], [ -5.75361156463623, 43.590412139892578 ], [ -5.733333587646484, 43.576385498046875 ], [ -5.677500247955322, 43.544857025146484 ], [ -5.645833969116211, 43.544994354248047 ], [ -5.610000610351562, 43.550277709960938 ], [ -5.54888916015625, 43.552215576171875 ], [ -5.459722518920898, 43.553886413574219 ], [ -5.398056030273438, 43.552497863769531 ], [ -5.279861450195312, 43.529438018798828 ], [ -5.259166717529297, 43.518325805664062 ], [ -5.234444618225098, 43.495552062988281 ], [ -5.202569961547852, 43.478397369384766 ], [ -5.056389808654785, 43.469993591308594 ], [ -4.980000495910645, 43.461105346679688 ], [ -4.88194465637207, 43.4486083984375 ], [ -4.753750801086426, 43.425689697265625 ], [ -4.733333587646484, 43.419166564941406 ], [ -4.647083759307861, 43.407634735107422 ], [ -4.594722747802734, 43.403053283691406 ], [ -4.514552116394043, 43.396347045898438 ], [ -4.50111198425293, 43.401107788085938 ], [ -4.424722671508789, 43.401664733886719 ], [ -4.390000343322754, 43.397773742675781 ], [ -4.315555572509766, 43.390548706054688 ], [ -4.273056030273438, 43.390548706054688 ], [ -4.218333721160889, 43.396942138671875 ], [ -4.121945381164551, 43.4163818359375 ], [ -4.051389694213867, 43.442497253417969 ], [ -3.944722652435303, 43.4677734375 ], [ -3.810277938842773, 43.49249267578125 ], [ -3.787500381469727, 43.489582061767578 ], [ -3.766388893127441, 43.469993591308594 ], [ -3.585556030273438, 43.510276794433594 ], [ -3.549861431121826, 43.506938934326172 ], [ -3.451389312744141, 43.465553283691406 ], [ -3.325277805328369, 43.418327331542969 ], [ -3.224722385406494, 43.396942138671875 ], [ -3.150592803955078, 43.353561401367188 ], [ -3.022222518920898, 43.357498168945312 ], [ -3.002500057220459, 43.383331298828125 ], [ -2.93458366394043, 43.435691833496094 ], [ -2.856389045715332, 43.432777404785156 ], [ -2.807777881622314, 43.430274963378906 ], [ -2.735555648803711, 43.426383972167969 ], [ -2.565278053283691, 43.390274047851562 ], [ -2.510555982589722, 43.377635955810547 ], [ -2.4876389503479, 43.358882904052734 ], [ -2.458472490310669, 43.337913513183594 ], [ -2.350972414016724, 43.305137634277344 ], [ -2.295555591583252, 43.296104431152344 ], [ -2.163333654403687, 43.291107177734375 ], [ -2.121944904327393, 43.296661376953125 ], [ -1.974722385406494, 43.332496643066406 ], [ -1.839166879653931, 43.38055419921875 ], [ -1.801301172894867, 43.387580043858875 ], [ -1.788435906293122, 43.372375637874995 ], [ -1.782333123825109, 43.368521248947829 ], [ -1.780876636505127, 43.35992431640625 ], [ -1.773231900932161, 43.362773108173336 ], [ -1.737046514338765, 43.339919179798564 ], [ -1.636972435269755, 43.280415673325095 ], [ -1.545012470719853, 43.220912166851626 ], [ -1.453052506169952, 43.153294545859055 ], [ -1.315112559345099, 43.074858105507666 ], [ -1.231266709314307, 43.007240484515094 ], [ -1.079803238290939, 42.928804044163705 ], [ -0.939158586626384, 42.869300537690243 ], [ -0.766057476885393, 42.798978211857964 ], [ -0.514519926793015, 42.734065295705093 ], [ -0.308962358975588, 42.693494723109545 ], [ -0.087176562119943, 42.671857084391924 ], [ -0.014149531447963, 42.688085313430143 ], [ 0.102152776659266, 42.728655886025685 ], [ 0.231978608965009, 42.785454687659445 ], [ 0.342871507392832, 42.771931163460934 ], [ 0.456469110660357, 42.720541771506575 ], [ 0.626865515561645, 42.652924150514004 ], [ 0.845946607577587, 42.615058282758163 ], [ 0.954134801165707, 42.606944168239053 ], [ 1.062322994753826, 42.574487710162614 ], [ 1.240833514174223, 42.539326547246475 ], [ 1.486961654587195, 42.525803023047963 ], [ 1.770955662756009, 42.496051269811225 ], [ 2.095520243520367, 42.471708926253903 ], [ 2.287554287139279, 42.447366582696574 ], [ 2.520158903353736, 42.447366582696574 ], [ 2.760877634087302, 42.466299516574495 ], [ 3.017824593859086, 42.423024239139245 ], [ 3.162976923255199, 42.397997975450259 ] ] ] ] } },
{ "type": "Feature", "properties": { "id": 4, "Nombre": "Aquitania" }, "geometry": { "type": "MultiPolygon", "coordinates": [ [ [ [ -1.801301172894867, 43.387580043858875 ], [ -1.786041736602783, 43.390411376953125 ], [ -1.782333123825109, 43.368521248947829 ], [ -1.788435906293122, 43.372375637874995 ], [ -1.801301172894867, 43.387580043858875 ] ] ], [ [ [ -1.773231900932161, 43.362773108173336 ], [ -1.730000019073486, 43.378883361816406 ], [ -1.66694450378418, 43.385276794433594 ], [ -1.590138912200928, 43.437633514404297 ], [ -1.53000009059906, 43.512496948242188 ], [ -1.486666679382324, 43.570549011230469 ], [ -1.443888902664185, 43.640548706054688 ], [ -1.442500114440918, 43.665550231933594 ], [ -1.440277814865112, 43.691383361816406 ], [ -1.42472243309021, 43.784721374511719 ], [ -1.344444513320923, 44.061801910400391 ], [ -1.328958511352539, 44.091037750244141 ], [ -1.305000066757202, 44.195549011230469 ], [ -1.264166831970215, 44.393325805664062 ], [ -1.25861120223999, 44.452217102050781 ], [ -1.249694466590881, 44.510272979736328 ], [ -1.23377799987793, 44.558109283447266 ], [ -1.208611249923706, 44.625831604003906 ], [ -1.151389002799988, 44.657081604003906 ], [ -1.126111268997192, 44.651107788085938 ], [ -1.090000152587891, 44.653743743896484 ], [ -1.040625095367432, 44.6749267578125 ], [ -1.059861183166504, 44.710830688476562 ], [ -1.127777814865112, 44.759304046630859 ], [ -1.170138955116272, 44.773883819580078 ], [ -1.229861259460449, 44.706382751464844 ], [ -1.245833396911621, 44.675342559814453 ], [ -1.24750018119812, 44.757774353027344 ], [ -1.20722222328186, 45.013328552246094 ], [ -1.168333530426025, 45.208610534667969 ], [ -1.151944637298584, 45.371383666992188 ], [ -1.152222394943237, 45.392219543457031 ], [ -1.148611307144165, 45.427497863769531 ], [ -1.140000104904175, 45.493885040283203 ], [ -1.089444518089294, 45.558605194091797 ], [ -1.064097285270691, 45.569160461425781 ], [ -1.054166674613953, 45.550552368164062 ], [ -1.05631947517395, 45.522636413574219 ], [ -0.995416760444641, 45.477218627929688 ], [ -0.977222323417664, 45.468746185302734 ], [ -0.942083358764648, 45.461799621582031 ], [ -0.918888926506042, 45.450138092041016 ], [ -0.801319479942322, 45.360897064208984 ], [ -0.771111130714417, 45.321937561035156 ], [ -0.759166717529297, 45.304443359375 ], [ -0.734319508075714, 45.225246429443359 ], [ -0.730611145496368, 45.191329956054688 ], [ -0.714722275733948, 45.13055419921875 ], [ -0.702916741371155, 45.104995727539062 ], [ -0.539930582046509, 44.895622253417969 ], [ -0.540416717529297, 44.9869384765625 ], [ -0.554166674613953, 45.023330688476562 ], [ -0.612361133098602, 45.056106567382812 ], [ -0.638055622577667, 45.074855804443359 ], [ -0.651666760444641, 45.092079162597656 ], [ -0.670694530010223, 45.131107330322266 ], [ -0.706038594245911, 45.322052001953125 ], [ -0.717777848243713, 45.357215881347656 ], [ -0.747777819633484, 45.423191070556641 ], [ -0.781527876853943, 45.466522216796875 ], [ -0.803611159324646, 45.487220764160156 ], [ -0.862500071525574, 45.528884887695312 ], [ -1.000277996063232, 45.61444091796875 ], [ -1.085694551467896, 45.657493591308594 ], [ -1.165833473205566, 45.687492370605469 ], [ -1.238858222961426, 45.706214904785156 ], [ -1.2290278673172, 45.787914276123047 ], [ -1.188908815383911, 45.799888610839844 ], [ -1.145939230918884, 45.802944183349609 ], [ -1.148055791854858, 45.867774963378906 ], [ -1.070972323417664, 45.903949737548828 ], [ -1.053333520889282, 46.012214660644531 ], [ -1.052430629730225, 46.038604736328125 ], [ -1.120000123977661, 46.125831604003906 ], [ -1.148611307144165, 46.153327941894531 ], [ -1.105833530426025, 46.25860595703125 ], [ -1.11463451385498, 46.316581726074219 ], [ -1.168958425521851, 46.326385498046875 ], [ -1.206319570541382, 46.314720153808594 ], [ -1.217777848243713, 46.297634124755859 ], [ -1.265833377838135, 46.30499267578125 ], [ -1.469722270965576, 46.392776489257812 ], [ -1.654296875, 46.445358276367188 ], [ -1.786389112472534, 46.488327026367188 ], [ -1.824722290039062, 46.574996948242188 ], [ -1.860555648803711, 46.637771606445312 ], [ -1.916805624961853, 46.691104888916016 ], [ -2.007222652435303, 46.761665344238281 ], [ -2.033333778381348, 46.776382446289062 ], [ -2.058888912200928, 46.786941528320312 ], [ -2.082777976989746, 46.798606872558594 ], [ -2.104722261428833, 46.811386108398438 ], [ -2.125416994094849, 46.830970764160156 ], [ -2.133333683013916, 46.849716186523438 ], [ -2.128194570541382, 46.899509429931641 ], [ -2.087778091430664, 46.941665649414062 ], [ -2.034722328186035, 46.981666564941406 ], [ -1.9858717918396, 47.036930084228516 ], [ -2.004305839538574, 47.063190460205078 ], [ -2.024167060852051, 47.07916259765625 ], [ -2.063889026641846, 47.102077484130859 ], [ -2.112639188766479, 47.117774963378906 ], [ -2.170833587646484, 47.126663208007812 ], [ -2.159291744232178, 47.237148284912109 ], [ -2.134166717529297, 47.278053283691406 ], [ -2.043611526489258, 47.287216186523438 ], [ -1.998888969421387, 47.282218933105469 ], [ -1.938333511352539, 47.274162292480469 ], [ -1.919027924537659, 47.268051147460938 ], [ -1.897500157356262, 47.251522064208984 ], [ -1.802500009536743, 47.211936950683594 ], [ -1.773055791854858, 47.208053588867188 ], [ -1.735000014305115, 47.208675384521484 ], [ -1.872551785005401, 47.279541877847535 ], [ -1.864843818014732, 47.278645602616059 ], [ -1.702561527632553, 47.25430325905873 ], [ -1.629534496960572, 47.219142096142591 ], [ -1.486185140456314, 47.30028324133368 ], [ -1.380701651707897, 47.373310272005661 ], [ -1.199486427447797, 47.37060556716596 ], [ -1.075070004821459, 47.32462558489101 ], [ -0.93983476283631, 47.25430325905873 ], [ -0.642317230468982, 47.192095047745561 ], [ -0.439464367491258, 47.159638589669129 ], [ -0.296115010986999, 47.110953902554471 ], [ -0.196040931917989, 47.110953902554471 ], [ 0.082543666571419, 47.08120214931774 ], [ 0.323262397304985, 47.078497444478039 ], [ 0.501772916725382, 47.09202096867655 ], [ 0.661350502267858, 47.12718213159269 ], [ 0.839861021688255, 47.186685638066159 ], [ 1.010257426589543, 47.229960915501401 ], [ 1.126559734696772, 47.275940897776351 ], [ 1.283432615399545, 47.30839735585279 ], [ 1.767574781706379, 47.39427173451336 ], [ 1.992065283401727, 47.453775240986829 ], [ 2.200327556058857, 47.5186881571397 ], [ 2.370723960960145, 47.594419892651381 ], [ 2.562758004579058, 47.670151628163062 ], [ 2.654717969128959, 47.667446923323361 ], [ 2.789953211114108, 47.57548695877346 ], [ 2.833228488549356, 47.561963434574942 ], [ 2.857570832106683, 47.505164632941181 ], [ 2.822409669190544, 47.415909373230981 ], [ 2.808886144992029, 47.372634095795739 ], [ 2.952235501496287, 47.318539999001679 ], [ 2.98198725473302, 47.223875329612071 ], [ 2.990101369252129, 47.0670024489093 ], [ 3.027967237007971, 46.874968405290389 ], [ 3.060423695084407, 46.766780211702269 ], [ 3.168611888672526, 46.70254347175932 ], [ 3.257867148382725, 46.64844937496526 ], [ 3.417444733925201, 46.542965886216848 ], [ 3.466129421039855, 46.461824741025758 ], [ 3.587841138826489, 46.337408318399419 ], [ 3.644639940460252, 46.237334239330409 ], [ 3.750123429208668, 46.12373663606288 ], [ 3.833969279239461, 46.058823719910009 ], [ 3.950271587346689, 45.9614543456807 ], [ 4.099030353530353, 45.820809694016148 ], [ 4.307292626187484, 45.761306187542679 ], [ 4.410071410096197, 45.712621500428028 ], [ 4.56694429079897, 45.601728602000208 ], [ 4.512850194004911, 45.486778646312828 ], [ 4.474984326249069, 45.359657518846788 ], [ 4.43982316333293, 45.213603457502828 ], [ 4.369500837500652, 45.026978823563319 ], [ 4.304587921347781, 44.853877713822328 ], [ 4.255903234233127, 44.713233062157776 ], [ 4.236970300355206, 44.618568392768168 ], [ 4.150419745484711, 44.545541362096188 ], [ 4.012479798659858, 44.448171987866878 ], [ 3.785284592124807, 44.329841151129877 ], [ 3.644639940460252, 44.305498807572548 ], [ 3.525632927513321, 44.291975283374036 ], [ 3.368760046810547, 44.308203512412248 ], [ 3.225410690306289, 44.329841151129877 ], [ 3.011739007969753, 44.313612922091657 ], [ 2.422113352914502, 44.251404710778488 ], [ 2.286878110929353, 44.208129433343238 ], [ 2.143528754425094, 44.159444746228587 ], [ 1.959608825325291, 44.086417715556607 ], [ 1.710775980072616, 43.972820112289085 ], [ 1.337526712193604, 43.894383671937696 ], [ 1.167130307292316, 43.824061346105417 ], [ 0.912888052360235, 43.740215496074626 ], [ 0.796585744253007, 43.686121399280566 ], [ 0.723558713581026, 43.549533804875566 ], [ 0.674874026466372, 43.471097364524176 ], [ 0.658645797428154, 43.417003267730117 ], [ 0.661350502267857, 43.354795056416947 ], [ 0.704625779703105, 43.279063320905266 ], [ 0.737082237779541, 43.233083338630315 ], [ 0.815518678130928, 43.162761012798036 ], [ 0.888545708802908, 43.076210457927544 ], [ 0.964277444314592, 42.986955198217345 ], [ 1.00755272174984, 42.652247974304096 ], [ 0.954134801165707, 42.606944168239053 ], [ 0.845946607577587, 42.615058282758163 ], [ 0.626865515561645, 42.652924150514004 ], [ 0.456469110660357, 42.720541771506575 ], [ 0.342871507392832, 42.771931163460934 ], [ 0.231978608965009, 42.785454687659445 ], [ 0.102152776659266, 42.728655886025685 ], [ -0.014149531447963, 42.688085313430143 ], [ -0.087176562119943, 42.671857084391924 ], [ -0.308962358975588, 42.693494723109545 ], [ -0.514519926793015, 42.734065295705093 ], [ -0.766057476885393, 42.798978211857964 ], [ -0.939158586626384, 42.869300537690243 ], [ -1.079803238290939, 42.928804044163705 ], [ -1.231266709314307, 43.007240484515094 ], [ -1.315112559345099, 43.074858105507666 ], [ -1.453052506169952, 43.153294545859055 ], [ -1.545012470719853, 43.220912166851626 ], [ -1.636972435269755, 43.280415673325095 ], [ -1.737046514338765, 43.339919179798564 ], [ -1.773231900932161, 43.362773108173336 ] ] ], [ [ [ -1.211944580078125, 45.806938171386719 ], [ -1.23972225189209, 45.85888671875 ], [ -1.250833511352539, 45.873603820800781 ], [ -1.284027814865112, 45.906661987304688 ], [ -1.316666841506958, 45.923606872558594 ], [ -1.339166879653931, 45.935829162597656 ], [ -1.365555763244629, 45.950271606445312 ], [ -1.374861240386963, 45.961662292480469 ], [ -1.39923620223999, 46.049858093261719 ], [ -1.384722232818604, 46.0494384765625 ], [ -1.36138904094696, 46.04388427734375 ], [ -1.273333549499512, 45.995826721191406 ], [ -1.233055591583252, 45.9647216796875 ], [ -1.171249985694885, 45.891315460205078 ], [ -1.181944608688354, 45.847770690917969 ], [ -1.19118070602417, 45.826175689697266 ], [ -1.211944580078125, 45.806938171386719 ] ] ], [ [ [ -1.284166812896729, 46.155548095703125 ], [ -1.299444675445557, 46.156661987304688 ], [ -1.318611145019531, 46.16082763671875 ], [ -1.50694465637207, 46.20416259765625 ], [ -1.520555734634399, 46.209159851074219 ], [ -1.532916784286499, 46.216522216796875 ], [ -1.55138897895813, 46.246036529541016 ], [ -1.503055572509766, 46.25555419921875 ], [ -1.492222309112549, 46.256660461425781 ], [ -1.47736132144928, 46.256244659423828 ], [ -1.291666746139526, 46.198051452636719 ], [ -1.257986187934875, 46.159683227539062 ], [ -1.284166812896729, 46.155548095703125 ] ] ] ] } },
{ "type": "Feature", "properties": { "id": 5, "Nombre": "Narbonensis" }, "geometry": { "type": "MultiPolygon", "coordinates": [ [ [ [ 7.155694007873535, 43.660552978515625 ], [ 7.074721336364746, 43.572219848632812 ], [ 6.888193607330322, 43.434577941894531 ], [ 6.846388816833496, 43.424163818359375 ], [ 6.794166564941406, 43.422775268554688 ], [ 6.636388778686523, 43.311103820800781 ], [ 6.637499809265137, 43.287773132324219 ], [ 6.695763111114502, 43.276069641113281 ], [ 6.641666412353516, 43.18499755859375 ], [ 6.599444389343262, 43.192497253417969 ], [ 6.527499198913574, 43.189163208007812 ], [ 6.406110763549805, 43.163055419921875 ], [ 6.169756412506104, 43.115341186523438 ], [ 6.157221794128418, 43.067214965820312 ], [ 6.165277481079102, 43.050552368164062 ], [ 6.137777328491211, 43.055831909179688 ], [ 6.115554809570312, 43.064437866210938 ], [ 6.062221527099609, 43.101387023925781 ], [ 5.955554962158203, 43.118331909179688 ], [ 5.933332920074463, 43.086315155029297 ], [ 5.866805076599121, 43.058605194091797 ], [ 5.833888530731201, 43.0615234375 ], [ 5.78256893157959, 43.098709106445312 ], [ 5.816526889801025, 43.117637634277344 ], [ 5.678474426269531, 43.190483093261719 ], [ 5.519999504089355, 43.209999084472656 ], [ 5.406943798065186, 43.217216491699219 ], [ 5.362915992736816, 43.224647521972656 ], [ 5.358680248260498, 43.248744964599609 ], [ 5.373471260070801, 43.271732330322266 ], [ 5.362777233123779, 43.331802368164062 ], [ 5.342082977294922, 43.356662750244141 ], [ 5.312777519226074, 43.366313934326172 ], [ 5.257638454437256, 43.34881591796875 ], [ 5.21805477142334, 43.339023590087891 ], [ 5.096388816833496, 43.336936950683594 ], [ 5.0395827293396, 43.347911834716797 ], [ 5.048068523406982, 43.391326904296875 ], [ 5.084277153015137, 43.403701782226562 ], [ 5.146804809570312, 43.416664123535156 ], [ 5.188611030578613, 43.433883666992188 ], [ 5.231527328491211, 43.465831756591797 ], [ 5.229027271270752, 43.493190765380859 ], [ 5.024166107177734, 43.552635192871094 ], [ 5.010277271270752, 43.514438629150391 ], [ 5.028193950653076, 43.484092712402344 ], [ 5.054999828338623, 43.474163055419922 ], [ 5.039117336273193, 43.443122863769531 ], [ 5.017388343811035, 43.428272247314453 ], [ 4.990846633911133, 43.427230834960938 ], [ 4.95777702331543, 43.424995422363281 ], [ 4.924721717834473, 43.434787750244141 ], [ 4.876111030578613, 43.423881530761719 ], [ 4.853610992431641, 43.413330078125 ], [ 4.835159301757812, 43.400341033935547 ], [ 4.815055370330811, 43.399215698242188 ], [ 4.788638591766357, 43.411884307861328 ], [ 4.742916584014893, 43.441452026367188 ], [ 4.750416278839111, 43.491107940673828 ], [ 4.746596813201904, 43.521869659423828 ], [ 4.707499504089355, 43.572078704833984 ], [ 4.734443664550781, 43.427425384521484 ], [ 4.736721515655518, 43.398109436035156 ], [ 4.758961200714111, 43.374149322509766 ], [ 4.652777671813965, 43.359718322753906 ], [ 4.613055229187012, 43.361522674560547 ], [ 4.59263801574707, 43.366523742675781 ], [ 4.57367992401123, 43.387493133544922 ], [ 4.596110343933105, 43.428153991699219 ], [ 4.574721336364746, 43.446662902832031 ], [ 4.535554885864258, 43.458328247070312 ], [ 4.506110191345215, 43.462776184082031 ], [ 4.473888397216797, 43.461936950683594 ], [ 4.446249485015869, 43.459716796875 ], [ 4.421943664550781, 43.453887939453125 ], [ 4.318888187408447, 43.46600341796875 ], [ 4.316874504089355, 43.5020751953125 ], [ 4.286110877990723, 43.50555419921875 ], [ 4.249305248260498, 43.492916107177734 ], [ 4.241433143615723, 43.485954284667969 ], [ 4.289860248565674, 43.458049774169922 ], [ 4.197777271270752, 43.461105346679688 ], [ 4.162221908569336, 43.471107482910156 ], [ 4.132325649261475, 43.508499145507812 ], [ 4.130415916442871, 43.53985595703125 ], [ 4.104513645172119, 43.555618286132812 ], [ 4.056249618530273, 43.562774658203125 ], [ 3.964722156524658, 43.54083251953125 ], [ 3.913194179534912, 43.521247863769531 ], [ 3.843610763549805, 43.475555419921875 ], [ 3.722499847412109, 43.411659240722656 ], [ 3.546666622161865, 43.319717407226562 ], [ 3.41409707069397, 43.287216186523438 ], [ 3.334999561309814, 43.265274047851562 ], [ 3.313055515289307, 43.255271911621094 ], [ 3.258055210113525, 43.227493286132812 ], [ 3.141110897064209, 43.138885498046875 ], [ 3.081388473510742, 43.069442749023438 ], [ 3.07777738571167, 43.0413818359375 ], [ 3.04527759552002, 42.95416259765625 ], [ 3.003611087799072, 42.881103515625 ], [ 2.961318969726562, 42.842216491699219 ], [ 2.972777366638184, 42.812217712402344 ], [ 2.979166507720947, 42.806663513183594 ], [ 3.012221813201904, 42.798049926757812 ], [ 3.038055419921875, 42.72833251953125 ], [ 3.041388511657715, 42.612636566162109 ], [ 3.058124780654907, 42.544162750244141 ], [ 3.110277414321899, 42.526313781738281 ], [ 3.141388654708862, 42.517776489257812 ], [ 3.159999847412109, 42.47833251953125 ], [ 3.174444198608398, 42.445549011230469 ], [ 3.17765474319458, 42.436805725097656 ], [ 3.169166564941406, 42.426109313964844 ], [ 3.162976923255199, 42.397997975450259 ], [ 3.017824593859086, 42.423024239139245 ], [ 2.760877634087302, 42.466299516574495 ], [ 2.520158903353736, 42.447366582696574 ], [ 2.287554287139279, 42.447366582696574 ], [ 2.095520243520367, 42.471708926253903 ], [ 1.770955662756009, 42.496051269811225 ], [ 1.486961654587195, 42.525803023047963 ], [ 1.240833514174223, 42.539326547246475 ], [ 1.062322994753826, 42.574487710162614 ], [ 0.954134801165707, 42.606944168239053 ], [ 1.00755272174984, 42.652247974304096 ], [ 0.964277444314592, 42.986955198217345 ], [ 0.888545708802908, 43.076210457927544 ], [ 0.815518678130928, 43.162761012798036 ], [ 0.737082237779541, 43.233083338630315 ], [ 0.704625779703105, 43.279063320905266 ], [ 0.661350502267857, 43.354795056416947 ], [ 0.658645797428154, 43.417003267730117 ], [ 0.674874026466372, 43.471097364524176 ], [ 0.723558713581026, 43.549533804875566 ], [ 0.796585744253007, 43.686121399280566 ], [ 0.912888052360235, 43.740215496074626 ], [ 1.167130307292316, 43.824061346105417 ], [ 1.337526712193604, 43.894383671937696 ], [ 1.710775980072616, 43.972820112289085 ], [ 1.959608825325291, 44.086417715556607 ], [ 2.143528754425094, 44.159444746228587 ], [ 2.286878110929353, 44.208129433343238 ], [ 2.422113352914502, 44.251404710778488 ], [ 3.011739007969753, 44.313612922091657 ], [ 3.225410690306289, 44.329841151129877 ], [ 3.368760046810547, 44.308203512412248 ], [ 3.525632927513321, 44.291975283374036 ], [ 3.644639940460252, 44.305498807572548 ], [ 3.785284592124807, 44.329841151129877 ], [ 4.012479798659858, 44.448171987866878 ], [ 4.150419745484711, 44.545541362096188 ], [ 4.236970300355206, 44.618568392768168 ], [ 4.255903234233127, 44.713233062157776 ], [ 4.304587921347781, 44.853877713822328 ], [ 4.369500837500652, 45.026978823563319 ], [ 4.43982316333293, 45.213603457502828 ], [ 4.474984326249069, 45.359657518846788 ], [ 4.512850194004911, 45.486778646312828 ], [ 4.56694429079897, 45.601728602000208 ], [ 4.783320677975212, 45.755896777863278 ], [ 5.002401769991153, 45.801876760138228 ], [ 5.099771144220461, 45.780239121420607 ], [ 5.143046421655709, 45.809990874657338 ], [ 5.253939320083531, 45.874903790810208 ], [ 5.337785170114324, 45.834333218214667 ], [ 5.435154544343631, 45.782943826260308 ], [ 5.592027425046405, 45.672050927832487 ], [ 5.767833239627099, 45.677460337511889 ], [ 5.767833239627099, 45.723440319786839 ], [ 5.773242649306505, 45.847856742413178 ], [ 5.784061468665318, 45.956044936001298 ], [ 5.892249662253437, 46.112917816704069 ], [ 5.978800217123933, 46.17783073285694 ], [ 6.124854278467893, 46.215696600612787 ], [ 6.25738481561334, 46.272495402246548 ], [ 6.530560004423341, 46.361750661956748 ], [ 6.579244691537995, 46.25897187804803 ], [ 6.627929378652649, 46.145374274780508 ], [ 6.665795246408491, 46.075051948948229 ], [ 6.711775228683441, 45.972949341249439 ], [ 6.706365819004036, 45.883694081539247 ], [ 6.668499951248194, 45.780915297630528 ], [ 6.535969414102747, 45.659203579843897 ], [ 6.43860003987344, 45.561834205614588 ], [ 6.360163599522053, 45.477988355583797 ], [ 6.303364797888291, 45.396847210392707 ], [ 6.235747176895716, 45.318410770041318 ], [ 6.141082507506111, 45.242679034529637 ], [ 6.024780199398883, 45.112853202223889 ], [ 6.005847265520962, 45.023597942513696 ], [ 6.02207549455918, 44.907295634406466 ], [ 6.097807230070863, 44.891067405368247 ], [ 6.184357784941359, 44.893772110207948 ], [ 6.249270701094231, 44.836973308574187 ], [ 6.300660093048588, 44.788288621459536 ], [ 6.408848286636707, 44.635472798016316 ], [ 6.446714154392549, 44.578673996382555 ], [ 6.452123564071955, 44.500237556031166 ], [ 6.530560004423341, 44.346069380168096 ], [ 6.579244691537995, 44.262223530137305 ], [ 6.603587035095322, 44.175672975266806 ], [ 6.557607052820371, 44.102645944594826 ], [ 6.468351793110173, 44.048551847800766 ], [ 6.357458894682351, 43.932249539693537 ], [ 6.303364797888291, 43.875450738059776 ], [ 6.3114789124074, 43.810537821906905 ], [ 6.376391828560271, 43.737510791234925 ], [ 6.471056497949876, 43.688826104120267 ], [ 6.563016462499777, 43.653664941204127 ], [ 6.657681131889381, 43.642846121845317 ], [ 6.809144602912749, 43.645550826685025 ], [ 6.925446911019978, 43.656369646043835 ], [ 7.022816285249285, 43.667188465402646 ], [ 7.117480954638889, 43.686121399280566 ], [ 7.168870346593247, 43.686121399280566 ], [ 7.185207314226485, 43.673868673555639 ], [ 7.155694007873535, 43.660552978515625 ] ] ] ] } },
{ "type": "Feature", "properties": { "id": 6, "Nombre": "Lugdunensis" }, "geometry": { "type": "MultiPolygon", "coordinates": [ [ [ [ -1.890416741371155, 47.288745880126953 ], [ -1.921389102935791, 47.297775268554688 ], [ -2.012778043746948, 47.319854736328125 ], [ -2.034166812896729, 47.320274353027344 ], [ -2.129444599151611, 47.309715270996094 ], [ -2.163042857452781, 47.293544376625292 ], [ -2.432729063319479, 47.262368245683923 ], [ -2.433611392974854, 47.262496948242188 ], [ -2.480278015136719, 47.2772216796875 ], [ -2.539652824401855, 47.298053741455078 ], [ -2.527500152587891, 47.3861083984375 ], [ -2.473194599151611, 47.415275573730469 ], [ -2.444027900695801, 47.406108856201172 ], [ -2.408472537994385, 47.415271759033203 ], [ -2.459596633911133, 47.452987670898438 ], [ -2.48267388343811, 47.450443267822266 ], [ -2.483472347259521, 47.497562408447266 ], [ -2.422778129577637, 47.499443054199219 ], [ -2.367083549499512, 47.50152587890625 ], [ -2.388333797454834, 47.510276794433594 ], [ -2.509444713592529, 47.529159545898438 ], [ -2.580833435058594, 47.537773132324219 ], [ -2.66361141204834, 47.512771606445312 ], [ -2.793056011199951, 47.488883972167969 ], [ -2.831875324249268, 47.497283935546875 ], [ -2.861757040023804, 47.546459197998047 ], [ -2.810778141021729, 47.544940948486328 ], [ -2.775278091430664, 47.547218322753906 ], [ -2.739375114440918, 47.544719696044922 ], [ -2.686111450195312, 47.595691680908203 ], [ -2.680833578109741, 47.615135192871094 ], [ -2.700278043746948, 47.637077331542969 ], [ -2.888833522796631, 47.599720001220703 ], [ -2.925333499908447, 47.581050872802734 ], [ -3.093472242355347, 47.585968017578125 ], [ -3.125069618225098, 47.595409393310547 ], [ -3.127778053283691, 47.525409698486328 ], [ -3.120277881622314, 47.50054931640625 ], [ -3.098750114440918, 47.475761413574219 ], [ -3.132639169692993, 47.476661682128906 ], [ -3.144027948379517, 47.531314849853516 ], [ -3.133472442626953, 47.550968170166016 ], [ -3.134514093399048, 47.580825805664062 ], [ -3.15375018119812, 47.611801147460938 ], [ -3.190555572509766, 47.628608703613281 ], [ -3.216944694519043, 47.650550842285156 ], [ -3.508889198303223, 47.75860595703125 ], [ -3.633265972137451, 47.777458190917969 ], [ -3.792778015136719, 47.79388427734375 ], [ -3.840972423553467, 47.803192138671875 ], [ -3.8864586353302, 47.832637786865234 ], [ -3.904444694519043, 47.852775573730469 ], [ -3.982222557067871, 47.889717102050781 ], [ -4.101388931274414, 47.874992370605469 ], [ -4.155486583709717, 47.837009429931641 ], [ -4.167500495910645, 47.817214965820312 ], [ -4.182778358459473, 47.804161071777344 ], [ -4.212222576141357, 47.799022674560547 ], [ -4.255833625793457, 47.794715881347656 ], [ -4.269444465637207, 47.794998168945312 ], [ -4.367361545562744, 47.808742523193359 ], [ -4.364583492279053, 47.830062866210938 ], [ -4.344305992126465, 47.845760345458984 ], [ -4.350000381469727, 47.871940612792969 ], [ -4.363889694213867, 47.898887634277344 ], [ -4.39222240447998, 47.934440612792969 ], [ -4.419445037841797, 47.960830688476562 ], [ -4.443472862243652, 47.976661682128906 ], [ -4.49034595489502, 48.002918243408203 ], [ -4.534512042999268, 48.019512176513672 ], [ -4.591111183166504, 48.016937255859375 ], [ -4.691805839538574, 48.030693054199219 ], [ -4.722238063812256, 48.039176940917969 ], [ -4.705903053283691, 48.068050384521484 ], [ -4.353889465332031, 48.112911224365234 ], [ -4.331944465637207, 48.104438781738281 ], [ -4.298125267028809, 48.099231719970703 ], [ -4.282917022705078, 48.116523742675781 ], [ -4.27625036239624, 48.148395538330078 ], [ -4.313263893127441, 48.202774047851562 ], [ -4.441389083862305, 48.238327026367188 ], [ -4.468333721160889, 48.242355346679688 ], [ -4.492778301239014, 48.229961395263672 ], [ -4.511111259460449, 48.199996948242188 ], [ -4.546597480773926, 48.1744384765625 ], [ -4.621736526489258, 48.279651641845703 ], [ -4.5665283203125, 48.332077026367188 ], [ -4.537361145019531, 48.340549468994141 ], [ -4.547361373901367, 48.306453704833984 ], [ -4.532917022705078, 48.290687561035156 ], [ -4.408333778381348, 48.283607482910156 ], [ -4.263334274291992, 48.284721374511719 ], [ -4.192153453826904, 48.299369812011719 ], [ -4.300000190734863, 48.320549011230469 ], [ -4.402222633361816, 48.328330993652344 ], [ -4.440463066101074, 48.346199035644531 ], [ -4.605278015136719, 48.344718933105469 ], [ -4.711389541625977, 48.334716796875 ], [ -4.76062536239624, 48.334995269775391 ], [ -4.782153129577637, 48.364513397216797 ], [ -4.790278434753418, 48.423748016357422 ], [ -4.77666711807251, 48.511104583740234 ], [ -4.750972747802734, 48.539440155029297 ], [ -4.728889465332031, 48.558883666992188 ], [ -4.699722766876221, 48.570831298828125 ], [ -4.628750324249268, 48.579856872558594 ], [ -4.599583625793457, 48.569370269775391 ], [ -4.589722633361816, 48.55999755859375 ], [ -4.586944580078125, 48.573883056640625 ], [ -4.564583778381348, 48.622356414794922 ], [ -4.539306163787842, 48.635829925537109 ], [ -4.354166984558105, 48.674163818359375 ], [ -4.171944618225098, 48.687492370605469 ], [ -3.993611335754395, 48.722770690917969 ], [ -3.971528053283691, 48.711940765380859 ], [ -3.96416711807251, 48.685272216796875 ], [ -3.949444770812988, 48.656105041503906 ], [ -3.857500076293945, 48.6361083984375 ], [ -3.85111141204834, 48.655548095703125 ], [ -3.860694646835327, 48.682079315185547 ], [ -3.831944704055786, 48.71527099609375 ], [ -3.810555934906006, 48.726104736328125 ], [ -3.722917079925537, 48.711524963378906 ], [ -3.678333759307861, 48.694717407226562 ], [ -3.638611316680908, 48.681938171386719 ], [ -3.582430601119995, 48.677772521972656 ], [ -3.531944751739502, 48.739166259765625 ], [ -3.572152853012085, 48.765689849853516 ], [ -3.578750133514404, 48.785968780517578 ], [ -3.536666870117188, 48.825828552246094 ], [ -3.512500286102295, 48.83721923828125 ], [ -3.474722385406494, 48.840827941894531 ], [ -3.373194694519043, 48.824298858642578 ], [ -3.22611141204834, 48.869579315185547 ], [ -3.124444484710693, 48.864997863769531 ], [ -3.06083345413208, 48.826385498046875 ], [ -2.879167079925537, 48.678886413574219 ], [ -2.811944484710693, 48.614166259765625 ], [ -2.720555782318115, 48.533050537109375 ], [ -2.695555686950684, 48.513053894042969 ], [ -2.685277938842773, 48.501663208007812 ], [ -2.465903043746948, 48.630687713623047 ], [ -2.418333530426025, 48.653610229492188 ], [ -2.307222366333008, 48.676109313964844 ], [ -2.284444808959961, 48.672218322753906 ], [ -2.128333568572998, 48.63861083984375 ], [ -2.039444446563721, 48.598217010498047 ], [ -1.976111173629761, 48.513050079345703 ], [ -1.945367574691772, 48.528717041015625 ], [ -1.960277795791626, 48.584091186523438 ], [ -1.991111278533936, 48.597080230712891 ], [ -2.01419472694397, 48.643108367919922 ], [ -1.98805570602417, 48.686943054199219 ], [ -1.932500123977661, 48.697219848632812 ], [ -1.847500205039978, 48.709159851074219 ], [ -1.840694546699524, 48.683952331542969 ], [ -1.867083430290222, 48.657634735107422 ], [ -1.850416779518127, 48.624717712402344 ], [ -1.832916736602783, 48.613468170166016 ], [ -1.812222242355347, 48.610549926757812 ], [ -1.787222385406494, 48.610549926757812 ], [ -1.722777843475342, 48.611106872558594 ], [ -1.641111254692078, 48.616523742675781 ], [ -1.615139007568359, 48.624160766601562 ], [ -1.588626384735107, 48.639678955078125 ], [ -1.521111249923706, 48.636383056640625 ], [ -1.465000152587891, 48.637214660644531 ], [ -1.368889093399048, 48.643608093261719 ], [ -1.449722290039062, 48.675552368164062 ], [ -1.494305610656738, 48.687496185302734 ], [ -1.562569499015808, 48.748954772949219 ], [ -1.578611135482788, 48.837776184082031 ], [ -1.575555562973022, 48.862777709960938 ], [ -1.564166784286499, 48.914443969726562 ], [ -1.556389093399048, 49.015830993652344 ], [ -1.582986235618591, 49.009719848632812 ], [ -1.597500085830688, 49.040275573730469 ], [ -1.610000133514404, 49.089439392089844 ], [ -1.609722375869751, 49.214996337890625 ], [ -1.681111335754395, 49.294441223144531 ], [ -1.705833435058594, 49.318328857421875 ], [ -1.745416760444641, 49.355552673339844 ], [ -1.783750176429749, 49.374298095703125 ], [ -1.809097290039062, 49.376316070556641 ], [ -1.845555782318115, 49.499717712402344 ], [ -1.840763926506042, 49.582843780517578 ], [ -1.841944456100464, 49.613609313964844 ], [ -1.856527805328369, 49.648605346679688 ], [ -1.892083406448364, 49.664718627929688 ], [ -1.913055658340454, 49.667770385742188 ], [ -1.944861173629761, 49.67694091796875 ], [ -1.942083477973938, 49.721591949462891 ], [ -1.922013878822327, 49.726455688476562 ], [ -1.844722270965576, 49.713882446289062 ], [ -1.715277910232544, 49.680274963378906 ], [ -1.665208339691162, 49.660968780517578 ], [ -1.620555639266968, 49.6552734375 ], [ -1.52801787853241, 49.657508850097656 ], [ -1.501111268997192, 49.664443969726562 ], [ -1.475486159324646, 49.684787750244141 ], [ -1.410833358764648, 49.704994201660156 ], [ -1.376527905464172, 49.706802368164062 ], [ -1.322777986526489, 49.700828552246094 ], [ -1.288611173629761, 49.694442749023438 ], [ -1.264166831970215, 49.684165954589844 ], [ -1.238611221313477, 49.655830383300781 ], [ -1.228958487510681, 49.618812561035156 ], [ -1.259166717529297, 49.59832763671875 ], [ -1.298541784286499, 49.577426910400391 ], [ -1.304027915000916, 49.555549621582031 ], [ -1.291180610656738, 49.527355194091797 ], [ -1.260416865348816, 49.492218017578125 ], [ -1.244722366333008, 49.475273132324219 ], [ -1.16527795791626, 49.406661987304688 ], [ -1.109583497047424, 49.369438171386719 ], [ -1.079236149787903, 49.389785766601562 ], [ -0.976944446563721, 49.396659851074219 ], [ -0.924583435058594, 49.394302368164062 ], [ -0.896666705608368, 49.377914428710938 ], [ -0.859722256660461, 49.366802215576172 ], [ -0.827222228050232, 49.361663818359375 ], [ -0.725555658340454, 49.351661682128906 ], [ -0.621944546699524, 49.344993591308594 ], [ -0.580555558204651, 49.34527587890625 ], [ -0.503055572509766, 49.346107482910156 ], [ -0.417500019073486, 49.341384887695312 ], [ -0.367986142635345, 49.325275421142578 ], [ -0.294305592775345, 49.302078247070312 ], [ -0.228333353996277, 49.283607482910156 ], [ -0.098750002682209, 49.300136566162109 ], [ -0.073333337903023, 49.305549621582031 ], [ -0.039444446563721, 49.314720153808594 ], [ 0.0, 49.328773498535156 ], [ 0.07069443911314, 49.355415344238281 ], [ 0.09208332747221, 49.371524810791016 ], [ 0.113611102104187, 49.391387939453125 ], [ 0.140555530786514, 49.405967712402344 ], [ 0.169444441795349, 49.414161682128906 ], [ 0.235277771949768, 49.427215576171875 ], [ 0.270277738571167, 49.430274963378906 ], [ 0.295240521430969, 49.43145751953125 ], [ 0.376666635274887, 49.440826416015625 ], [ 0.424722194671631, 49.45166015625 ], [ 0.465763837099075, 49.468814849853516 ], [ 0.488194406032562, 49.486248016357422 ], [ 0.441388845443726, 49.471664428710938 ], [ 0.379861056804657, 49.456661224365234 ], [ 0.353611052036285, 49.45416259765625 ], [ 0.315833300352097, 49.453189849853516 ], [ 0.256111085414886, 49.457221984863281 ], [ 0.160833328962326, 49.468887329101562 ], [ 0.113194435834885, 49.487773895263672 ], [ 0.075833320617676, 49.522567749023438 ], [ 0.169722199440002, 49.688888549804688 ], [ 0.185972198843956, 49.704025268554688 ], [ 0.211111098527908, 49.718883514404297 ], [ 0.266944408416748, 49.733604431152344 ], [ 0.311111092567444, 49.7449951171875 ], [ 0.426944434642792, 49.788604736328125 ], [ 0.56333327293396, 49.844718933105469 ], [ 0.585833311080933, 49.852775573730469 ], [ 0.640277743339539, 49.866104125976562 ], [ 0.689027726650238, 49.874298095703125 ], [ 0.713333249092102, 49.87554931640625 ], [ 0.869901310223981, 49.897917069129655 ], [ 0.883136299123505, 49.870429015261415 ], [ 1.294251434758359, 49.648643218405766 ], [ 1.543084280011034, 49.545864434497055 ], [ 1.808145354301927, 49.437676240908935 ], [ 2.056978199554601, 49.340306866679626 ], [ 2.289582815769058, 49.259165721488543 ], [ 2.619556806212822, 49.129339889182795 ], [ 2.781839096595002, 49.075245792388735 ], [ 2.971168435374211, 49.064426973029924 ], [ 3.036081351527082, 49.037379924632894 ], [ 3.182135412871044, 49.037379924632894 ], [ 3.512109403314808, 48.923782321365373 ], [ 3.798808116323325, 48.837231766494874 ], [ 4.161238564843525, 48.734452982586163 ], [ 4.410071410096199, 48.631674198677445 ], [ 4.658904255348874, 48.496438956692295 ], [ 4.783320677975212, 48.426116630860022 ], [ 4.658904255348874, 48.216502005783042 ], [ 4.556125471440161, 48.124542041233134 ], [ 4.43711845849323, 48.037991486362642 ], [ 4.38302436169917, 47.962259750850954 ], [ 4.35597731330214, 47.886528015339273 ], [ 4.431709048813824, 47.789158641109964 ], [ 4.534487832722537, 47.735064544315904 ], [ 4.66431366502828, 47.702608086239472 ], [ 4.729226581181152, 47.599829302330761 ], [ 4.69136071342531, 47.540325795857292 ], [ 4.69136071342531, 47.470003470025013 ], [ 4.853643003807489, 47.415909373230953 ], [ 5.064609981304322, 47.071059506168822 ], [ 5.178207584571848, 46.968280722260111 ], [ 5.302624007198185, 46.930414854504271 ], [ 5.410812200786305, 46.784360793160303 ], [ 5.573094491168484, 46.600440864060502 ], [ 5.778652058985911, 46.357017428487232 ], [ 5.978800217123933, 46.17783073285694 ], [ 5.892249662253437, 46.112917816704069 ], [ 5.784061468665318, 45.956044936001298 ], [ 5.773242649306505, 45.847856742413178 ], [ 5.767833239627099, 45.723440319786839 ], [ 5.767833239627099, 45.677460337511889 ], [ 5.592027425046405, 45.672050927832487 ], [ 5.435154544343631, 45.782943826260308 ], [ 5.337785170114324, 45.834333218214667 ], [ 5.253939320083531, 45.874903790810208 ], [ 5.143046421655709, 45.809990874657338 ], [ 5.099771144220461, 45.780239121420607 ], [ 5.002401769991153, 45.801876760138228 ], [ 4.783320677975212, 45.755896777863278 ], [ 4.56694429079897, 45.601728602000208 ], [ 4.410071410096197, 45.712621500428028 ], [ 4.307292626187484, 45.761306187542679 ], [ 4.099030353530353, 45.820809694016148 ], [ 3.950271587346689, 45.9614543456807 ], [ 3.833969279239461, 46.058823719910009 ], [ 3.750123429208668, 46.12373663606288 ], [ 3.644639940460252, 46.237334239330409 ], [ 3.587841138826489, 46.337408318399419 ], [ 3.466129421039855, 46.461824741025758 ], [ 3.417444733925201, 46.542965886216848 ], [ 3.257867148382725, 46.64844937496526 ], [ 3.168611888672526, 46.70254347175932 ], [ 3.060423695084407, 46.766780211702269 ], [ 3.027967237007971, 46.874968405290389 ], [ 2.990101369252129, 47.0670024489093 ], [ 2.98198725473302, 47.223875329612071 ], [ 2.952235501496287, 47.318539999001679 ], [ 2.808886144992029, 47.372634095795739 ], [ 2.822409669190544, 47.415909373230981 ], [ 2.857570832106683, 47.505164632941181 ], [ 2.833228488549356, 47.561963434574942 ], [ 2.789953211114108, 47.57548695877346 ], [ 2.654717969128959, 47.667446923323361 ], [ 2.562758004579058, 47.670151628163062 ], [ 2.370723960960145, 47.594419892651381 ], [ 2.200327556058857, 47.5186881571397 ], [ 1.992065283401727, 47.453775240986829 ], [ 1.767574781706379, 47.39427173451336 ], [ 1.283432615399545, 47.30839735585279 ], [ 1.126559734696772, 47.275940897776351 ], [ 1.010257426589543, 47.229960915501401 ], [ 0.839861021688255, 47.186685638066159 ], [ 0.661350502267858, 47.12718213159269 ], [ 0.501772916725382, 47.09202096867655 ], [ 0.323262397304985, 47.078497444478039 ], [ 0.082543666571419, 47.08120214931774 ], [ -0.196040931917989, 47.110953902554471 ], [ -0.296115010986999, 47.110953902554471 ], [ -0.439464367491258, 47.159638589669129 ], [ -0.642317230468982, 47.192095047745561 ], [ -0.93983476283631, 47.25430325905873 ], [ -1.075070004821459, 47.32462558489101 ], [ -1.199486427447797, 47.37060556716596 ], [ -1.380701651707897, 47.373310272005661 ], [ -1.486185140456314, 47.30028324133368 ], [ -1.629534496960572, 47.219142096142591 ], [ -1.702561527632553, 47.25430325905873 ], [ -1.864843818014732, 47.278645602616059 ], [ -1.872551785005401, 47.279541877847535 ], [ -1.890416741371155, 47.288745880126953 ] ] ], [ [ [ -3.085833549499512, 47.287773132324219 ], [ -3.108333587646484, 47.295555114746094 ], [ -3.118333339691162, 47.298049926757812 ], [ -3.166805744171143, 47.303466796875 ], [ -3.188889026641846, 47.302772521972656 ], [ -3.208194732666016, 47.300552368164062 ], [ -3.219444751739502, 47.304580688476562 ], [ -3.238333463668823, 47.316940307617188 ], [ -3.259583473205566, 47.371730804443359 ], [ -3.246944427490234, 47.39166259765625 ], [ -3.063611268997192, 47.314437866210938 ], [ -3.081666946411133, 47.289443969726562 ], [ -3.085833549499512, 47.287773132324219 ] ] ], [ [ [ -3.576666831970215, 48.803886413574219 ], [ -3.582222461700439, 48.803886413574219 ], [ -3.582777976989746, 48.807220458984375 ], [ -3.57972240447998, 48.809715270996094 ], [ -3.575555801391602, 48.812492370605469 ], [ -3.570833683013916, 48.812774658203125 ], [ -3.565278053283691, 48.811660766601562 ], [ -3.563333511352539, 48.808609008789062 ], [ -3.56611156463623, 48.805831909179688 ], [ -3.576666831970215, 48.803886413574219 ] ] ], [ [ [ -2.066944599151611, 49.167770385742188 ], [ -2.08916711807251, 49.181106567382812 ], [ -2.103018760681152, 49.181365966796875 ], [ -2.122777938842773, 49.195831298828125 ], [ -2.133055686950684, 49.1986083984375 ], [ -2.149167060852051, 49.199024200439453 ], [ -2.161111354827881, 49.192913055419922 ], [ -2.181944847106934, 49.184165954589844 ], [ -2.205277919769287, 49.180831909179688 ], [ -2.226388931274414, 49.189720153808594 ], [ -2.247361421585083, 49.251247406005859 ], [ -2.233611345291138, 49.259021759033203 ], [ -2.154166698455811, 49.2611083984375 ], [ -2.038472414016724, 49.243331909179688 ], [ -2.016805648803711, 49.231037139892578 ], [ -2.015000343322754, 49.214164733886719 ], [ -2.021111488342285, 49.177215576171875 ], [ -2.041388988494873, 49.172492980957031 ], [ -2.066944599151611, 49.167770385742188 ] ] ], [ [ [ -2.59083366394043, 49.422492980957031 ], [ -2.597222328186035, 49.422492980957031 ], [ -2.654444694519043, 49.425827026367188 ], [ -2.668611288070679, 49.432773590087891 ], [ -2.65416693687439, 49.457775115966797 ], [ -2.579166889190674, 49.490829467773438 ], [ -2.53652811050415, 49.508193969726562 ], [ -2.500972509384155, 49.503887176513672 ], [ -2.528472661972046, 49.426387786865234 ], [ -2.555555820465088, 49.423332214355469 ], [ -2.59083366394043, 49.422492980957031 ] ] ] ] } },
{ "type": "Feature", "properties": { "id": 7, "Nombre": "Galia Belgica" }, "geometry": { "type": "MultiPolygon", "coordinates": [ [ [ [ 0.869901310223981, 49.897917069129655 ], [ 1.071110963821411, 49.926662445068359 ], [ 1.21097207069397, 49.972911834716797 ], [ 1.232499837875366, 49.981666564941406 ], [ 1.372429847717285, 50.065780639648438 ], [ 1.401666522026062, 50.078884124755859 ], [ 1.43874990940094, 50.100830078125 ], [ 1.461111068725586, 50.124160766601562 ], [ 1.505555391311646, 50.201942443847656 ], [ 1.534444332122803, 50.290412902832031 ], [ 1.554374933242798, 50.360061645507812 ], [ 1.591805338859558, 50.370414733886719 ], [ 1.603850841522217, 50.368789672851562 ], [ 1.559791564941406, 50.401870727539062 ], [ 1.577222108840942, 50.528053283691406 ], [ 1.56416654586792, 50.684715270996094 ], [ 1.564444303512573, 50.705825805664062 ], [ 1.598610877990723, 50.809165954589844 ], [ 1.624999761581421, 50.877777099609375 ], [ 1.739583134651184, 50.945274353027344 ], [ 1.768888711929321, 50.955825805664062 ], [ 1.79277777671814, 50.962776184082031 ], [ 1.943333148956299, 50.995277404785156 ], [ 2.235277652740479, 51.038055419921875 ], [ 2.359444141387939, 51.054443359375 ], [ 2.384721755981445, 51.05194091796875 ], [ 2.415138483047485, 51.056522369384766 ], [ 2.492221832275391, 51.07611083984375 ], [ 2.516666412353516, 51.082771301269531 ], [ 2.541666507720947, 51.091110229492188 ], [ 2.55555534362793, 51.094024658203125 ], [ 2.863055229187012, 51.213333129882812 ], [ 2.955277442932129, 51.249717712402344 ], [ 3.019999980926514, 51.276382446289062 ], [ 3.104027509689331, 51.314857482910156 ], [ 3.131666660308838, 51.324165344238281 ], [ 3.179721832275391, 51.336105346679688 ], [ 3.370865821838379, 51.373855590820312 ], [ 3.406666278839111, 51.385551452636719 ], [ 3.528888463973999, 51.411663055419922 ], [ 3.550277709960938, 51.409721374511719 ], [ 3.639721870422363, 51.381660461425781 ], [ 3.734374761581421, 51.350761413574219 ], [ 3.764166355133057, 51.34527587890625 ], [ 3.864583015441895, 51.339580535888672 ], [ 3.96138858795166, 51.369720458984375 ], [ 4.212395191192627, 51.370552062988281 ], [ 4.238898277282715, 51.350425720214844 ], [ 4.25583553314209, 51.336238861083984 ], [ 4.26356029510498, 51.317043304443359 ], [ 4.280649185180664, 51.301124572753906 ], [ 4.312013149261475, 51.286384582519531 ], [ 4.300079345703125, 51.267650604248047 ], [ 4.302374839782715, 51.26318359375 ], [ 4.309677124023438, 51.262031555175781 ], [ 4.327702522277832, 51.290122985839844 ], [ 4.286767959594727, 51.312446594238281 ], [ 4.280180931091309, 51.344200134277344 ], [ 4.260985374450684, 51.355434417724609 ], [ 4.252367973327637, 51.375144958496094 ], [ 4.214631694446878, 51.397735776688201 ], [ 4.241027357614767, 51.398587249693612 ], [ 4.265369701172094, 51.372892553716433 ], [ 4.29782615924853, 51.321503161762074 ], [ 4.339749084263926, 51.301217875464303 ], [ 4.349215551202887, 51.276875531906974 ], [ 4.341101436683777, 51.256590245609203 ], [ 4.412776114935906, 51.137583232662273 ], [ 4.472279621409371, 50.915797435806631 ], [ 4.415480819775609, 50.715649277668611 ], [ 4.358682018141846, 50.504682300171773 ], [ 4.28024557779046, 50.336990600110191 ], [ 4.239675005194915, 50.228802406522071 ], [ 4.201809137439072, 50.093567164536921 ], [ 4.264017348752241, 50.00498808103665 ], [ 4.410071410096203, 50.002283376196942 ], [ 4.515554898844619, 50.018511605235162 ], [ 4.648085435990065, 50.018511605235162 ], [ 4.748159515059076, 50.002283376196942 ], [ 4.877985347364819, 49.988759851998431 ], [ 5.015925294189672, 49.880571658410311 ], [ 5.021334703869078, 49.8697528390515 ], [ 5.110589963579276, 49.802135218058922 ], [ 5.194435813610069, 49.81295403741774 ], [ 5.270167549121752, 49.834591676135361 ], [ 5.443268658862744, 49.875162248730902 ], [ 5.592027425046408, 49.85893401969269 ], [ 5.654235636359576, 49.840001085814762 ], [ 5.992323741322449, 49.867048134211792 ], [ 6.105921344589975, 49.95089398424259 ], [ 6.241156586575125, 50.107766864945361 ], [ 6.42778122051463, 50.142928027861501 ], [ 6.565721167339483, 50.153746847220312 ], [ 6.657681131889384, 50.197022124655561 ], [ 6.830782241630375, 50.243002106930511 ], [ 6.938970435218495, 50.261935040808432 ], [ 7.057977448165426, 50.264639745648132 ], [ 7.103957430440377, 50.286277384365761 ], [ 7.125595069158001, 50.245706811770212 ], [ 7.128299773997703, 50.13210920850269 ], [ 7.190507985310873, 50.048263358471893 ], [ 7.24189737726523, 49.983350442319022 ], [ 7.442045535403251, 49.82715373782618 ], [ 7.55023372899137, 49.735193773276272 ], [ 7.644898398380974, 49.64593851356608 ], [ 7.742267772610282, 49.56750207321469 ], [ 7.742267772610282, 49.491770337703009 ], [ 7.70440190485444, 49.397105668313401 ], [ 7.655717217739786, 49.310555113442909 ], [ 7.515072566075231, 49.145568118221021 ], [ 7.347380866013646, 49.045494039152011 ], [ 7.233783262746121, 48.956238779441811 ], [ 7.122890364318298, 48.818975008826889 ], [ 7.095843315921268, 48.718900929757879 ], [ 7.095843315921268, 48.59448450713154 ], [ 7.08772920140216, 48.429497511909659 ], [ 7.101252725600674, 48.240168173130449 ], [ 7.036339809447803, 48.045429424671838 ], [ 6.933561025539089, 47.969697689160149 ], [ 6.784802259355425, 47.931831821404309 ], [ 6.57113057701889, 47.93453652624401 ], [ 6.36286830436176, 47.958878869801339 ], [ 6.246565996254531, 48.012972966595399 ], [ 6.086988410712054, 48.118456455343818 ], [ 6.038303723597401, 48.194188190855499 ], [ 5.905773186451954, 48.380812824795001 ], [ 5.735376781550666, 48.480886903864018 ], [ 5.656940341199279, 48.502524542581639 ], [ 5.448678068542149, 48.499819837741938 ], [ 5.191731108770366, 48.497115132902231 ], [ 4.983468836113236, 48.461953969986091 ], [ 4.877985347364819, 48.464658674825799 ], [ 4.783320677975212, 48.426116630860022 ], [ 4.658904255348874, 48.496438956692295 ], [ 4.410071410096199, 48.631674198677445 ], [ 4.161238564843525, 48.734452982586163 ], [ 3.798808116323325, 48.837231766494874 ], [ 3.512109403314808, 48.923782321365373 ], [ 3.182135412871044, 49.037379924632894 ], [ 3.036081351527082, 49.037379924632894 ], [ 2.971168435374211, 49.064426973029924 ], [ 2.781839096595002, 49.075245792388735 ], [ 2.619556806212822, 49.129339889182795 ], [ 2.289582815769058, 49.259165721488543 ], [ 2.056978199554601, 49.340306866679626 ], [ 1.808145354301927, 49.437676240908935 ], [ 1.543084280011034, 49.545864434497055 ], [ 1.294251434758359, 49.648643218405766 ], [ 0.883136299123505, 49.870429015261415 ], [ 0.869901310223981, 49.897917069129655 ] ] ], [ [ [ 3.907713884807731, 51.403653471480617 ], [ 3.903194189071655, 51.397495269775391 ], [ 3.887599029709849, 51.395944593545742 ], [ 3.897529842972488, 51.401291954533313 ], [ 3.907713884807731, 51.403653471480617 ] ] ] ] } },
{ "type": "Feature", "properties": { "id": 8, "Nombre": "Germania Inferior" }, "geometry": { "type": "MultiPolygon", "coordinates": [ [ [ [ 4.202499389648438, 51.404998779296875 ], [ 4.056110382080078, 51.425827026367188 ], [ 3.926944255828857, 51.429855346679688 ], [ 3.907713884807731, 51.403653471480617 ], [ 3.897529842972488, 51.401291954533313 ], [ 3.887599029709849, 51.395944593545742 ], [ 3.826388597488403, 51.389858245849609 ], [ 3.573055267333984, 51.444442749023438 ], [ 3.538471937179565, 51.456245422363281 ], [ 3.444235801696777, 51.529369354248047 ], [ 3.457430124282837, 51.548885345458984 ], [ 3.485555171966553, 51.563331604003906 ], [ 3.517360925674438, 51.577217102050781 ], [ 3.571180105209351, 51.596664428710938 ], [ 3.691898584365845, 51.600307464599609 ], [ 3.834999799728394, 51.606666564941406 ], [ 3.870833158493042, 51.600273132324219 ], [ 3.89930534362793, 51.568538665771484 ], [ 3.865277767181396, 51.546661376953125 ], [ 3.843534469604492, 51.554027557373047 ], [ 3.820555210113525, 51.549163818359375 ], [ 3.865850448608398, 51.538661956787109 ], [ 3.886337041854858, 51.543048858642578 ], [ 3.92972207069397, 51.547843933105469 ], [ 4.00666618347168, 51.525276184082031 ], [ 4.048055171966553, 51.509162902832031 ], [ 4.068332672119141, 51.493328094482422 ], [ 4.081943511962891, 51.469161987304688 ], [ 4.103471755981445, 51.447494506835938 ], [ 4.125555038452148, 51.438331604003906 ], [ 4.149027347564697, 51.435691833496094 ], [ 4.246735572814941, 51.436870574951172 ], [ 4.264279365539551, 51.4439697265625 ], [ 4.283610820770264, 51.448051452636719 ], [ 4.292013168334961, 51.469577789306641 ], [ 4.284721374511719, 51.488327026367188 ], [ 4.2648606300354, 51.509441375732422 ], [ 4.229632377624512, 51.51861572265625 ], [ 4.209582805633545, 51.515693664550781 ], [ 4.08277702331543, 51.530830383300781 ], [ 3.997846603393555, 51.590133666992188 ], [ 4.041943550109863, 51.605270385742188 ], [ 4.070693969726562, 51.611385345458984 ], [ 4.169721603393555, 51.605552673339844 ], [ 4.193055152893066, 51.599994659423828 ], [ 4.207509994506836, 51.5894775390625 ], [ 4.201318740844727, 51.605239868164062 ], [ 4.186166763305664, 51.617042541503906 ], [ 4.159860610961914, 51.614856719970703 ], [ 4.137221813201904, 51.615550994873047 ], [ 4.11194372177124, 51.63360595703125 ], [ 4.115171909332275, 51.647994995117188 ], [ 4.140100955963135, 51.651889801025391 ], [ 4.174378395080566, 51.652278900146484 ], [ 4.205539703369141, 51.652278900146484 ], [ 4.209434986114502, 51.674091339111328 ], [ 4.169314861297607, 51.685775756835938 ], [ 4.127222061157227, 51.7066650390625 ], [ 4.058194160461426, 51.754718780517578 ], [ 4.020902633666992, 51.792076110839844 ], [ 3.986805438995361, 51.802078247070312 ], [ 3.955832958221436, 51.801666259765625 ], [ 3.874189376831055, 51.786369323730469 ], [ 3.867985725402832, 51.812149047851562 ], [ 3.992083072662354, 51.846797943115234 ], [ 4.021527290344238, 51.839439392089844 ], [ 4.061110496520996, 51.860275268554688 ], [ 4.018054962158203, 51.979057312011719 ], [ 4.051805019378662, 51.98541259765625 ], [ 4.089722156524658, 51.984024047851562 ], [ 4.118332862854004, 51.987632751464844 ], [ 4.143749237060547, 51.999160766601562 ], [ 4.365416049957275, 52.1744384765625 ], [ 4.404444217681885, 52.210273742675781 ], [ 4.424721717834473, 52.23138427734375 ], [ 4.441666603088379, 52.252494812011719 ], [ 4.494494438171387, 52.327217102050781 ], [ 4.512190547781212, 52.352766068689888 ], [ 5.065606998969388, 52.210477914478666 ], [ 5.727716112837421, 52.115873376183288 ], [ 5.727716112837423, 52.115873376183288 ], [ 5.802994402543243, 52.070706402359789 ], [ 5.884135547734333, 51.992269962008407 ], [ 6.011256675200373, 51.897605292618799 ], [ 6.086988410712058, 51.865148834542367 ], [ 6.281727159170672, 51.813759442588008 ], [ 6.373687123720574, 51.784007689351277 ], [ 6.425076515674931, 51.729913592557217 ], [ 6.554902347980674, 51.675819495763157 ], [ 6.598177625415921, 51.654181857045529 ], [ 6.603587035095327, 51.587240412262886 ], [ 6.657681131889387, 51.535851020308527 ], [ 6.684728180286417, 51.489871038033577 ], [ 6.692842294805526, 51.446595760598328 ], [ 6.682023475446714, 51.389796958964567 ], [ 6.698251704484932, 51.335702862170507 ], [ 6.722594048042259, 51.289722879895557 ], [ 6.744231686759882, 51.235628783101497 ], [ 6.806439898073052, 51.140964113711888 ], [ 6.933561025539092, 51.035480624963476 ], [ 6.984950417493449, 50.962453594291496 ], [ 7.052568038486023, 50.916473612016546 ], [ 7.014702170730182, 50.854265400703376 ], [ 7.049863333646321, 50.810990123268127 ], [ 7.160756232074142, 50.751486616794658 ], [ 7.198622099829985, 50.702801929680007 ], [ 7.228373853066717, 50.618956079649216 ], [ 7.369018504731272, 50.489806423553397 ], [ 7.317629112776916, 50.457349965476958 ], [ 7.18509857563147, 50.400551163843197 ], [ 7.103957430440377, 50.286277384365761 ], [ 7.057977448165426, 50.264639745648132 ], [ 6.938970435218495, 50.261935040808432 ], [ 6.830782241630375, 50.243002106930511 ], [ 6.657681131889384, 50.197022124655561 ], [ 6.565721167339483, 50.153746847220312 ], [ 6.42778122051463, 50.142928027861501 ], [ 6.241156586575125, 50.107766864945361 ], [ 6.105921344589975, 49.95089398424259 ], [ 5.992323741322449, 49.867048134211792 ], [ 5.654235636359576, 49.840001085814762 ], [ 5.592027425046408, 49.85893401969269 ], [ 5.443268658862744, 49.875162248730902 ], [ 5.270167549121752, 49.834591676135361 ], [ 5.194435813610069, 49.81295403741774 ], [ 5.110589963579276, 49.802135218058922 ], [ 5.021334703869078, 49.8697528390515 ], [ 5.015925294189672, 49.880571658410311 ], [ 4.877985347364819, 49.988759851998431 ], [ 4.748159515059076, 50.002283376196942 ], [ 4.648085435990065, 50.018511605235162 ], [ 4.515554898844619, 50.018511605235162 ], [ 4.410071410096203, 50.002283376196942 ], [ 4.264017348752241, 50.00498808103665 ], [ 4.201809137439072, 50.093567164536921 ], [ 4.239675005194915, 50.228802406522071 ], [ 4.28024557779046, 50.336990600110191 ], [ 4.358682018141846, 50.504682300171773 ], [ 4.415480819775609, 50.715649277668611 ], [ 4.472279621409371, 50.915797435806631 ], [ 4.412776114935906, 51.137583232662273 ], [ 4.341101436683777, 51.256590245609203 ], [ 4.349215551202887, 51.276875531906974 ], [ 4.339749084263926, 51.301217875464303 ], [ 4.29782615924853, 51.321503161762074 ], [ 4.265369701172094, 51.372892553716433 ], [ 4.241027357614767, 51.398587249693612 ], [ 4.214631694446878, 51.397735776688201 ], [ 4.202499389648438, 51.404998779296875 ] ] ], [ [ [ 3.712656259536743, 51.674674987792969 ], [ 3.693680286407471, 51.685134887695312 ], [ 3.688957929611206, 51.710136413574219 ], [ 3.716180324554443, 51.733955383300781 ], [ 3.78083324432373, 51.746387481689453 ], [ 3.812499523162842, 51.744720458984375 ], [ 3.824859619140625, 51.742286682128906 ], [ 3.881944417953491, 51.743888854980469 ], [ 3.964027404785156, 51.733535766601562 ], [ 4.004444122314453, 51.709999084472656 ], [ 4.066944122314453, 51.679443359375 ], [ 4.104166030883789, 51.661941528320312 ], [ 4.106143951416016, 51.650978088378906 ], [ 4.09097146987915, 51.640342712402344 ], [ 4.066388130187988, 51.629714965820312 ], [ 4.014305114746094, 51.618747711181641 ], [ 3.97374963760376, 51.614578247070312 ], [ 3.901527643203735, 51.634441375732422 ], [ 3.76194429397583, 51.674995422363281 ], [ 3.712656259536743, 51.674674987792969 ] ] ] ] } },
{ "type": "Feature", "properties": { "id": 9, "Nombre": "Germania Superior" }, "geometry": { "type": "MultiPolygon", "coordinates": [ [ [ [ 9.336968904432144, 49.848843424945173 ], [ 9.613200692330333, 49.422069788442421 ], [ 10.040696152987872, 49.106009043930257 ], [ 9.993345153680139, 49.050048772021114 ], [ 9.862709064970513, 48.9007503849244 ], [ 9.735183359325404, 48.757672763956712 ], [ 9.623209569002867, 48.602153610730973 ], [ 9.542339609325481, 48.42330658452137 ], [ 9.464580032712608, 48.323774326456892 ], [ 9.349495859325557, 48.202469386940813 ], [ 9.32461279480944, 48.087385213553759 ], [ 9.30595049642235, 47.944307592586078 ], [ 9.28106743190623, 47.87898954823126 ], [ 9.100665214164367, 47.556287305287853 ], [ 9.075782149648248, 47.503410793191101 ], [ 9.066451000454704, 47.419430450449198 ], [ 9.091334064970823, 47.338560490771812 ], [ 9.162872875454665, 47.235917849642817 ], [ 9.203307855293358, 47.161268656094464 ], [ 9.156652109325634, 47.105281760933195 ], [ 9.050899085132128, 47.030632567384835 ], [ 8.966918742390227, 46.940431458513906 ], [ 8.889159165777354, 46.840899200449428 ], [ 8.811399589164482, 46.766250006901075 ], [ 8.665211585132283, 46.710263111739806 ], [ 8.559458560938776, 46.676048898030139 ], [ 8.435043238358181, 46.666717748836597 ], [ 8.418713727269475, 46.659719386941426 ], [ 8.350285299850148, 46.642612280086595 ], [ 8.210318061946978, 46.642612280086595 ], [ 7.800913891080206, 46.623949981699511 ], [ 7.371292230294089, 46.548134394501965 ], [ 7.242211333116721, 46.501478648534238 ], [ 7.122461585132898, 46.422163880389107 ], [ 6.977828772632956, 46.387949666679447 ], [ 6.822309619407211, 46.3677321767601 ], [ 6.669900849245982, 46.369287368292355 ], [ 6.530560004423341, 46.361750661956748 ], [ 6.25738481561334, 46.272495402246548 ], [ 6.124854278467893, 46.215696600612787 ], [ 5.978800217123933, 46.17783073285694 ], [ 5.778652058985911, 46.357017428487232 ], [ 5.573094491168484, 46.600440864060502 ], [ 5.410812200786305, 46.784360793160303 ], [ 5.302624007198185, 46.930414854504271 ], [ 5.178207584571848, 46.968280722260111 ], [ 5.064609981304322, 47.071059506168822 ], [ 4.853643003807489, 47.415909373230953 ], [ 4.69136071342531, 47.470003470025013 ], [ 4.69136071342531, 47.540325795857292 ], [ 4.729226581181152, 47.599829302330761 ], [ 4.66431366502828, 47.702608086239472 ], [ 4.534487832722537, 47.735064544315904 ], [ 4.431709048813824, 47.789158641109964 ], [ 4.35597731330214, 47.886528015339273 ], [ 4.38302436169917, 47.962259750850954 ], [ 4.43711845849323, 48.037991486362642 ], [ 4.556125471440161, 48.124542041233134 ], [ 4.658904255348874, 48.216502005783042 ], [ 4.783320677975212, 48.426116630860022 ], [ 4.877985347364819, 48.464658674825799 ], [ 4.983468836113236, 48.461953969986091 ], [ 5.191731108770366, 48.497115132902231 ], [ 5.448678068542149, 48.499819837741938 ], [ 5.656940341199279, 48.502524542581639 ], [ 5.735376781550666, 48.480886903864018 ], [ 5.905773186451954, 48.380812824795001 ], [ 6.038303723597401, 48.194188190855499 ], [ 6.086988410712054, 48.118456455343818 ], [ 6.246565996254531, 48.012972966595399 ], [ 6.36286830436176, 47.958878869801339 ], [ 6.57113057701889, 47.93453652624401 ], [ 6.784802259355425, 47.931831821404309 ], [ 6.933561025539089, 47.969697689160149 ], [ 7.036339809447803, 48.045429424671838 ], [ 7.101252725600674, 48.240168173130449 ], [ 7.08772920140216, 48.429497511909659 ], [ 7.095843315921268, 48.59448450713154 ], [ 7.095843315921268, 48.718900929757879 ], [ 7.122890364318298, 48.818975008826889 ], [ 7.233783262746121, 48.956238779441811 ], [ 7.347380866013646, 49.045494039152011 ], [ 7.515072566075231, 49.145568118221021 ], [ 7.655717217739786, 49.310555113442909 ], [ 7.70440190485444, 49.397105668313401 ], [ 7.742267772610282, 49.491770337703009 ], [ 7.742267772610282, 49.56750207321469 ], [ 7.644898398380974, 49.64593851356608 ], [ 7.55023372899137, 49.735193773276272 ], [ 7.442045535403251, 49.82715373782618 ], [ 7.24189737726523, 49.983350442319022 ], [ 7.190507985310873, 50.048263358471893 ], [ 7.128299773997703, 50.13210920850269 ], [ 7.125595069158001, 50.245706811770212 ], [ 7.103957430440377, 50.286277384365761 ], [ 7.18509857563147, 50.400551163843197 ], [ 7.317629112776916, 50.457349965476958 ], [ 7.369018504731272, 50.489806423553397 ], [ 7.492985967693233, 50.459829896012479 ], [ 7.821520178882619, 50.389846277060911 ], [ 7.931938777672898, 50.349411297222218 ], [ 8.039246993398661, 50.321417849641584 ], [ 8.099899463156701, 50.31053150891578 ], [ 8.202542104285694, 50.280982869802891 ], [ 8.274080914769536, 50.26698614601257 ], [ 8.307517532713071, 50.323750636939955 ], [ 8.354173278680793, 50.342412935327047 ], [ 8.45370553674527, 50.407730979681858 ], [ 8.603003923841985, 50.432614044197976 ], [ 8.690094649648401, 50.389068681294766 ], [ 8.755412694003214, 50.267763741778687 ], [ 8.798958056906423, 50.190004165165817 ], [ 8.932704528680564, 50.07803037484328 ], [ 9.078892532712763, 50.025153862746528 ], [ 9.234411685938507, 49.950504669198168 ], [ 9.291371730771122, 49.924333837788588 ], [ 9.336968904432144, 49.848843424945173 ] ] ] ] } },
{ "type": "Feature", "properties": { "id": 10, "Nombre": "Alpes Poeniae" }, "geometry": { "type": "MultiPolygon", "coordinates": [ [ [ [ 6.184357784941359, 44.893772110207948 ], [ 6.097807230070863, 44.891067405368247 ], [ 6.02207549455918, 44.907295634406466 ], [ 6.005847265520962, 45.023597942513696 ], [ 6.024780199398883, 45.112853202223889 ], [ 6.141082507506111, 45.242679034529637 ], [ 6.235747176895716, 45.318410770041318 ], [ 6.303364797888291, 45.396847210392707 ], [ 6.360163599522053, 45.477988355583797 ], [ 6.43860003987344, 45.561834205614588 ], [ 6.535969414102747, 45.659203579843897 ], [ 6.668499951248194, 45.780915297630528 ], [ 6.706365819004036, 45.883694081539247 ], [ 6.711775228683441, 45.972949341249439 ], [ 6.665795246408491, 46.075051948948229 ], [ 6.627929378652649, 46.145374274780508 ], [ 6.579244691537995, 46.25897187804803 ], [ 6.530560004423341, 46.361750661956748 ], [ 6.669900849245982, 46.369287368292355 ], [ 6.822309619407211, 46.3677321767601 ], [ 6.977828772632956, 46.387949666679447 ], [ 7.122461585132898, 46.422163880389107 ], [ 7.242211333116721, 46.501478648534238 ], [ 7.371292230294089, 46.548134394501965 ], [ 7.800913891080206, 46.623949981699511 ], [ 8.210318061946978, 46.642612280086595 ], [ 8.350285299850148, 46.642612280086595 ], [ 8.418713727269475, 46.659719386941426 ], [ 8.435043238358181, 46.666717748836597 ], [ 8.378667545313837, 46.521307340570516 ], [ 8.335122182410629, 46.437326997828613 ], [ 8.226258775152607, 46.334684356699626 ], [ 8.13294728321716, 46.225820949441605 ], [ 8.058298089668803, 46.176054820409362 ], [ 7.88411663805597, 46.070301796215858 ], [ 7.641506759023809, 45.989431836538472 ], [ 7.501539521120638, 45.931889749844942 ], [ 7.489097988862579, 45.913227451457857 ], [ 7.392676113862617, 45.823026342586921 ], [ 7.31802692031426, 45.748377149038568 ], [ 7.280702323540082, 45.698611020006325 ], [ 7.258929642088477, 45.617741060328939 ], [ 7.258929642088477, 45.511988036135435 ], [ 7.308695771120716, 45.462221907103199 ], [ 7.355351517088438, 45.403124628877414 ], [ 7.386455347733587, 45.288040455490361 ], [ 7.408228029185192, 45.185397814361373 ], [ 7.380234581604558, 45.163625132909765 ], [ 7.249598492894933, 45.166735515974281 ], [ 7.066085892088554, 45.148073217587196 ], [ 6.907456355798296, 45.141852451458163 ], [ 6.733274904185461, 45.129410919200105 ], [ 6.63063226305647, 45.088975939361411 ], [ 6.444009279185577, 45.060982491780777 ], [ 6.36313931950819, 45.02676827807111 ], [ 6.269827827572743, 44.964560616780815 ], [ 6.184357784941359, 44.893772110207948 ] ] ] ] } },
{ "type": "Feature", "properties": { "id": 11, "Nombre": "Alpes Cotiae" }, "geometry": { "type": "MultiPolygon", "coordinates": [ [ [ [ 7.424946338156958, 44.791739957758693 ], [ 7.41989196567712, 44.787851978928067 ], [ 7.327746867390867, 44.72758830705309 ], [ 7.25931843997154, 44.724477923988573 ], [ 7.108464861342568, 44.676266986488592 ], [ 7.029150093197438, 44.635832006649899 ], [ 6.98560473029423, 44.559627621569284 ], [ 6.948280133520051, 44.540965323182199 ], [ 6.879851706100723, 44.525413407859624 ], [ 6.848747875455574, 44.486533619553185 ], [ 6.847192683923318, 44.438322682053204 ], [ 6.845637492391059, 44.371449446166139 ], [ 6.634909039770178, 44.147113067638003 ], [ 6.557607052820371, 44.102645944594826 ], [ 6.603587035095322, 44.175672975266806 ], [ 6.579244691537995, 44.262223530137305 ], [ 6.530560004423341, 44.346069380168096 ], [ 6.452123564071955, 44.500237556031166 ], [ 6.446714154392549, 44.578673996382555 ], [ 6.408848286636707, 44.635472798016316 ], [ 6.300660093048588, 44.788288621459536 ], [ 6.249270701094231, 44.836973308574187 ], [ 6.184357784941359, 44.893772110207948 ], [ 6.269827827572743, 44.964560616780815 ], [ 6.36313931950819, 45.02676827807111 ], [ 6.444009279185577, 45.060982491780777 ], [ 6.63063226305647, 45.088975939361411 ], [ 6.733274904185461, 45.129410919200105 ], [ 6.907456355798296, 45.141852451458163 ], [ 7.066085892088554, 45.148073217587196 ], [ 7.249598492894933, 45.166735515974281 ], [ 7.380234581604558, 45.163625132909765 ], [ 7.490264382511771, 45.183648223887573 ], [ 7.760867709124565, 45.174317074694024 ], [ 7.760867709124565, 45.140102860984364 ], [ 7.729763878479416, 45.10277826421018 ], [ 7.658225067995574, 44.993914856952159 ], [ 7.605348555898821, 44.869499534371563 ], [ 7.536920128479494, 44.822843788403844 ], [ 7.424946338156958, 44.791739957758693 ] ] ] ] } },
{ "type": "Feature", "properties": { "id": 13, "Nombre": "Alpes Maritimos" }, "geometry": { "type": "MultiPolygon", "coordinates": [ [ [ [ 7.608382675374322, 43.789273042481973 ], [ 7.580207824707031, 43.791248321533203 ], [ 7.53193473815918, 43.78204345703125 ], [ 7.515832901000977, 43.790969848632812 ], [ 7.484166145324707, 43.78277587890625 ], [ 7.439292907714844, 43.757522583007812 ], [ 7.420277118682861, 43.737079620361328 ], [ 7.391609191894531, 43.727546691894531 ], [ 7.318610191345215, 43.709716796875 ], [ 7.246805191040039, 43.70166015625 ], [ 7.185207314226485, 43.673868673555639 ], [ 7.168870346593247, 43.686121399280566 ], [ 7.117480954638889, 43.686121399280566 ], [ 7.022816285249285, 43.667188465402646 ], [ 6.925446911019978, 43.656369646043835 ], [ 6.809144602912749, 43.645550826685025 ], [ 6.657681131889381, 43.642846121845317 ], [ 6.563016462499777, 43.653664941204127 ], [ 6.471056497949876, 43.688826104120267 ], [ 6.376391828560271, 43.737510791234925 ], [ 6.3114789124074, 43.810537821906905 ], [ 6.303364797888291, 43.875450738059776 ], [ 6.357458894682351, 43.932249539693537 ], [ 6.468351793110173, 44.048551847800766 ], [ 6.557607052820371, 44.102645944594826 ], [ 6.634909039770178, 44.147113067638003 ], [ 6.845637492391059, 44.371449446166139 ], [ 6.847192683923318, 44.438322682053204 ], [ 6.848747875455574, 44.486533619553185 ], [ 6.879851706100723, 44.525413407859624 ], [ 6.948280133520051, 44.540965323182199 ], [ 6.98560473029423, 44.559627621569284 ], [ 7.029150093197438, 44.635832006649899 ], [ 7.108464861342568, 44.676266986488592 ], [ 7.25931843997154, 44.724477923988573 ], [ 7.327746867390867, 44.72758830705309 ], [ 7.41989196567712, 44.787851978928067 ], [ 7.424946338156958, 44.791739957758693 ], [ 7.536920128479494, 44.822843788403844 ], [ 7.797803508015679, 44.661492666932141 ], [ 7.808689848741482, 44.5790675157225 ], [ 7.833572913257601, 44.479535257658021 ], [ 7.866231935435006, 44.383502180541115 ], [ 7.794693124951163, 44.287080305541153 ], [ 7.746482187451183, 44.260642049492773 ], [ 7.67494337696734, 44.223317452718597 ], [ 7.634508397128647, 44.179772089815387 ], [ 7.590963034225439, 44.126895577718635 ], [ 7.542752096725458, 44.060022341831562 ], [ 7.503872308419021, 43.980707573686438 ], [ 7.519424223741596, 43.948048551509032 ], [ 7.552083245919002, 43.890506464815502 ], [ 7.590963034225439, 43.817412462799403 ], [ 7.608382675374322, 43.789273042481973 ] ] ] ] } },
{ "type": "Feature", "properties": { "id": 14, "Nombre": "Italia" }, "geometry": { "type": "MultiPolygon", "coordinates": [ [ [ [ 10.418609619140625, 42.708610534667969 ], [ 10.351387977600098, 42.761245727539062 ], [ 10.340832710266113, 42.765274047851562 ], [ 10.299720764160156, 42.759719848632812 ], [ 10.234722137451172, 42.746383666992188 ], [ 10.209165573120117, 42.735275268554688 ], [ 10.160276412963867, 42.729438781738281 ], [ 10.149166107177734, 42.729721069335938 ], [ 10.139165878295898, 42.731666564941406 ], [ 10.124582290649414, 42.739582061767578 ], [ 10.116943359375, 42.74749755859375 ], [ 10.103055000305176, 42.768886566162109 ], [ 10.100971221923828, 42.784854888916016 ], [ 10.111388206481934, 42.799442291259766 ], [ 10.126665115356445, 42.806388854980469 ], [ 10.144998550415039, 42.810829162597656 ], [ 10.182777404785156, 42.813606262207031 ], [ 10.208610534667969, 42.809165954589844 ], [ 10.22097110748291, 42.799858093261719 ], [ 10.233470916748047, 42.792774200439453 ], [ 10.355693817138672, 42.805274963378906 ], [ 10.378054618835449, 42.827358245849609 ], [ 10.393054962158203, 42.856105804443359 ], [ 10.413054466247559, 42.870067596435547 ], [ 10.439165115356445, 42.851871490478516 ], [ 10.427637100219727, 42.713676452636719 ], [ 10.418609619140625, 42.708610534667969 ] ] ], [ [ [ 14.674444198608398, 45.182220458984375 ], [ 14.584999084472656, 45.252220153808594 ], [ 14.482776641845703, 45.311103820800781 ], [ 14.448609352111816, 45.321243286132812 ], [ 14.323054313659668, 45.350967407226562 ], [ 14.286595344543457, 45.314994812011719 ], [ 14.253887176513672, 45.231941223144531 ], [ 14.248193740844727, 45.197151184082031 ], [ 14.239721298217773, 45.164161682128906 ], [ 14.230833053588867, 45.144161224365234 ], [ 14.216665267944336, 45.123329162597656 ], [ 14.160138130187988, 45.076869964599609 ], [ 14.155832290649414, 45.039443969726562 ], [ 14.167446136474609, 44.989055633544922 ], [ 14.144304275512695, 44.962150573730469 ], [ 14.087499618530273, 44.961387634277344 ], [ 13.994860649108887, 44.890552520751953 ], [ 13.975831985473633, 44.846939086914062 ], [ 13.975831031799316, 44.824024200439453 ], [ 13.994165420532227, 44.81805419921875 ], [ 13.99617862701416, 44.810691833496094 ], [ 13.904443740844727, 44.772563934326172 ], [ 13.816944122314453, 44.860134124755859 ], [ 13.839165687561035, 44.876384735107422 ], [ 13.756942749023438, 44.98138427734375 ], [ 13.681110382080078, 45.051383972167969 ], [ 13.603054046630859, 45.15777587890625 ], [ 13.594999313354492, 45.250690460205078 ], [ 13.575832366943359, 45.300277709960938 ], [ 13.533609390258789, 45.401664733886719 ], [ 13.504790306091309, 45.502010345458984 ], [ 13.554998397827148, 45.494438171386719 ], [ 13.591739654541016, 45.481697082519531 ], [ 13.589443206787109, 45.516937255859375 ], [ 13.665833473205566, 45.543052673339844 ], [ 13.749929428100586, 45.549022674560547 ], [ 13.716943740844727, 45.596107482910156 ], [ 13.798054695129395, 45.607494354248047 ], [ 13.735692977905273, 45.694301605224609 ], [ 13.656110763549805, 45.753608703613281 ], [ 13.629999160766602, 45.769996643066406 ], [ 13.579472541809082, 45.781959533691406 ], [ 13.542637825012207, 45.783329010009766 ], [ 13.525068283081055, 45.760971069335938 ], [ 13.526457786560059, 45.735134124755859 ], [ 13.499443054199219, 45.709442138671875 ], [ 13.428888320922852, 45.677219390869141 ], [ 13.387429237365723, 45.678291320800781 ], [ 13.422151565551758, 45.695621490478516 ], [ 13.415067672729492, 45.720550537109375 ], [ 13.367942810058594, 45.737442016601562 ], [ 13.216943740844727, 45.776939392089844 ], [ 13.193332672119141, 45.778053283691406 ], [ 13.120901107788086, 45.767841339111328 ], [ 13.071249008178711, 45.709648132324219 ], [ 13.096109390258789, 45.651664733886719 ], [ 13.087777137756348, 45.636524200439453 ], [ 13.063610076904297, 45.633888244628906 ], [ 13.000831604003906, 45.629997253417969 ], [ 12.92249870300293, 45.618331909179688 ], [ 12.863887786865234, 45.595550537109375 ], [ 12.798887252807617, 45.568885803222656 ], [ 12.706944465637207, 45.531105041503906 ], [ 12.638053894042969, 45.502220153808594 ], [ 12.617221832275391, 45.494438171386719 ], [ 12.587499618530273, 45.48388671875 ], [ 12.418262481689453, 45.441173553466797 ], [ 12.448471069335938, 45.483257293701172 ], [ 12.50399112701416, 45.491260528564453 ], [ 12.580693244934082, 45.543815612792969 ], [ 12.489651679992676, 45.567493438720703 ], [ 12.394444465637207, 45.533050537109375 ], [ 12.287081718444824, 45.47332763671875 ], [ 12.15422534942627, 45.301963806152344 ], [ 12.161109924316406, 45.263885498046875 ], [ 12.233331680297852, 45.197494506835938 ], [ 12.361944198608398, 45.056106567382812 ], [ 12.443703651428223, 45.008235931396484 ], [ 12.49527645111084, 44.987010955810547 ], [ 12.520137786865234, 44.982635498046875 ], [ 12.538053512573242, 44.960617065429688 ], [ 12.479999542236328, 44.852771759033203 ], [ 12.448783874511719, 44.8177490234375 ], [ 12.426804542541504, 44.853607177734375 ], [ 12.439373016357422, 44.881732940673828 ], [ 12.422636985778809, 44.900131225585938 ], [ 12.389860153198242, 44.868400573730469 ], [ 12.396944046020508, 44.7913818359375 ], [ 12.356109619140625, 44.803886413574219 ], [ 12.29013729095459, 44.838260650634766 ], [ 12.261526107788086, 44.7762451171875 ], [ 12.247637748718262, 44.723884582519531 ], [ 12.245414733886719, 44.693885803222656 ], [ 12.279998779296875, 44.476104736328125 ], [ 12.288887023925781, 44.45166015625 ], [ 12.353470802307129, 44.278331756591797 ], [ 12.368331909179688, 44.246665954589844 ], [ 12.422359466552734, 44.189304351806641 ], [ 12.446388244628906, 44.167770385742188 ], [ 12.518610000610352, 44.109992980957031 ], [ 12.545831680297852, 44.088607788085938 ], [ 12.68972110748291, 43.987495422363281 ], [ 12.720554351806641, 43.976943969726562 ], [ 12.740554809570312, 43.972221374511719 ], [ 12.753574371337891, 43.971000671386719 ], [ 12.764720916748047, 43.97027587890625 ], [ 12.818609237670898, 43.963191986083984 ], [ 12.903055191040039, 43.924720764160156 ], [ 13.055971145629883, 43.835826873779297 ], [ 13.125555038452148, 43.786659240722656 ], [ 13.171182632446289, 43.754058837890625 ], [ 13.193332672119141, 43.735832214355469 ], [ 13.29527759552002, 43.6754150390625 ], [ 13.356666564941406, 43.649162292480469 ], [ 13.426109313964844, 43.622772216796875 ], [ 13.480415344238281, 43.610965728759766 ], [ 13.506400108337402, 43.630661010742188 ], [ 13.552082061767578, 43.601665496826172 ], [ 13.599443435668945, 43.569999694824219 ], [ 13.621525764465332, 43.537044525146484 ], [ 13.629581451416016, 43.489025115966797 ], [ 13.711666107177734, 43.350555419921875 ], [ 13.848054885864258, 43.078330993652344 ], [ 13.862499237060547, 43.006385803222656 ], [ 13.873610496520996, 42.964439392089844 ], [ 13.882499694824219, 42.942214965820312 ], [ 13.897499084472656, 42.913330078125 ], [ 13.905553817749023, 42.901382446289062 ], [ 13.923610687255859, 42.844718933105469 ], [ 13.939722061157227, 42.803604125976562 ], [ 13.987221717834473, 42.711109161376953 ], [ 14.016666412353516, 42.669998168945312 ], [ 14.058332443237305, 42.619720458984375 ], [ 14.07499885559082, 42.600273132324219 ], [ 14.13055419921875, 42.541107177734375 ], [ 14.19999885559082, 42.482498168945312 ], [ 14.504165649414062, 42.261383056640625 ], [ 14.565832138061523, 42.218887329101562 ], [ 14.604721069335938, 42.204994201660156 ], [ 14.628887176513672, 42.198883056640625 ], [ 14.661388397216797, 42.189163208007812 ], [ 14.716249465942383, 42.168052673339844 ], [ 14.714998245239258, 42.141937255859375 ], [ 14.721665382385254, 42.104026794433594 ], [ 14.736526489257812, 42.087909698486328 ], [ 14.754720687866211, 42.077774047851562 ], [ 14.762182235717773, 42.074783325195312 ], [ 14.831249237060547, 42.042774200439453 ], [ 14.894026756286621, 42.020549774169922 ], [ 14.939722061157227, 42.015830993652344 ], [ 14.996386528015137, 42.004440307617188 ], [ 15.025971412658691, 41.984859466552734 ], [ 15.062776565551758, 41.952774047851562 ], [ 15.099164962768555, 41.937217712402344 ], [ 15.14192008972168, 41.928024291992188 ], [ 15.162360191345215, 41.924442291259766 ], [ 15.373055458068848, 41.905548095703125 ], [ 15.404721260070801, 41.903884887695312 ], [ 15.455554962158203, 41.906387329101562 ], [ 15.497220993041992, 41.909164428710938 ], [ 15.599998474121094, 41.923606872558594 ], [ 15.679096221923828, 41.915828704833984 ], [ 15.765275955200195, 41.916942596435547 ], [ 15.856943130493164, 41.925277709960938 ], [ 15.913610458374023, 41.935272216796875 ], [ 16.022914886474609, 41.946662902832031 ], [ 16.053886413574219, 41.943885803222656 ], [ 16.082496643066406, 41.936103820800781 ], [ 16.145553588867188, 41.911174774169922 ], [ 16.19367790222168, 41.829437255859375 ], [ 16.192775726318359, 41.789993286132812 ], [ 16.164997100830078, 41.757774353027344 ], [ 16.138885498046875, 41.740554809570312 ], [ 16.030551910400391, 41.67694091796875 ], [ 15.980277061462402, 41.653190612792969 ], [ 15.937776565551758, 41.640552520751953 ], [ 15.919859886169434, 41.631385803222656 ], [ 15.897638320922852, 41.613330841064453 ], [ 15.890971183776855, 41.588466644287109 ], [ 15.890415191650391, 41.565273284912109 ], [ 15.898331642150879, 41.5302734375 ], [ 15.926248550415039, 41.485828399658203 ], [ 15.984999656677246, 41.439716339111328 ], [ 16.033054351806641, 41.41888427734375 ], [ 16.085277557373047, 41.404716491699219 ], [ 16.192218780517578, 41.365554809570312 ], [ 16.491943359375, 41.252220153808594 ], [ 16.65777587890625, 41.191383361816406 ], [ 16.788887023925781, 41.154716491699219 ], [ 17.049720764160156, 41.081939697265625 ], [ 17.183748245239258, 41.029579162597656 ], [ 17.254997253417969, 40.98944091796875 ], [ 17.294857025146484, 40.964786529541016 ], [ 17.321941375732422, 40.942771911621094 ], [ 17.473609924316406, 40.828884124755859 ], [ 17.496387481689453, 40.819717407226562 ], [ 17.7611083984375, 40.730827331542969 ], [ 17.937221527099609, 40.678604125976562 ], [ 18.012638092041016, 40.643051147460938 ], [ 18.026107788085938, 40.612220764160156 ], [ 18.035831451416016, 40.577774047851562 ], [ 18.039163589477539, 40.555271148681641 ], [ 18.0816650390625, 40.524993896484375 ], [ 18.127498626708984, 40.494438171386719 ], [ 18.27471923828125, 40.41082763671875 ], [ 18.424860000610352, 40.288467407226562 ], [ 18.440830230712891, 40.264999389648438 ], [ 18.459720611572266, 40.231109619140625 ], [ 18.512496948242188, 40.134719848632812 ], [ 18.514442443847656, 40.102912902832031 ], [ 18.472429275512695, 40.039230346679688 ], [ 18.443887710571289, 40.028049468994141 ], [ 18.418746948242188, 39.994022369384766 ], [ 18.399440765380859, 39.936103820800781 ], [ 18.399337768554688, 39.899612426757812 ], [ 18.391109466552734, 39.816246032714844 ], [ 18.375274658203125, 39.798191070556641 ], [ 18.349441528320312, 39.791938781738281 ], [ 18.329719543457031, 39.806106567382812 ], [ 18.304998397827148, 39.819995880126953 ], [ 18.257219314575195, 39.832359313964844 ], [ 18.226943969726562, 39.833328247070312 ], [ 18.199443817138672, 39.837493896484375 ], [ 18.177221298217773, 39.846939086914062 ], [ 18.155830383300781, 39.856666564941406 ], [ 18.082082748413086, 39.902915954589844 ], [ 18.040761947631836, 39.937705993652344 ], [ 17.99659538269043, 39.998813629150391 ], [ 18.019407272338867, 40.011177062988281 ], [ 18.012218475341797, 40.101314544677734 ], [ 17.906387329101562, 40.254997253417969 ], [ 17.857219696044922, 40.284439086914062 ], [ 17.784999847412109, 40.294441223144531 ], [ 17.762775421142578, 40.296661376953125 ], [ 17.673469543457031, 40.304023742675781 ], [ 17.636386871337891, 40.303329467773438 ], [ 17.549999237060547, 40.299720764160156 ], [ 17.506803512573242, 40.297496795654297 ], [ 17.392776489257812, 40.330551147460938 ], [ 17.203817367553711, 40.412494659423828 ], [ 17.245830535888672, 40.454994201660156 ], [ 17.268054962158203, 40.47332763671875 ], [ 17.289997100830078, 40.469718933105469 ], [ 17.317010879516602, 40.488292694091797 ], [ 17.076595306396484, 40.520481109619141 ], [ 17.046943664550781, 40.515274047851562 ], [ 17.017776489257812, 40.506385803222656 ], [ 16.998332977294922, 40.498886108398438 ], [ 16.942220687866211, 40.467777252197266 ], [ 16.919303894042969, 40.450550079345703 ], [ 16.874164581298828, 40.4052734375 ], [ 16.863796234130859, 40.390350341796875 ], [ 16.791524887084961, 40.311382293701172 ], [ 16.749721527099609, 40.244857788085938 ], [ 16.741317749023438, 40.216526031494141 ], [ 16.688053131103516, 40.147079467773438 ], [ 16.641349792480469, 40.118301391601562 ], [ 16.629997253417969, 40.109855651855469 ], [ 16.608610153198242, 40.086174011230469 ], [ 16.599441528320312, 40.043609619140625 ], [ 16.609720230102539, 39.996246337890625 ], [ 16.563331604003906, 39.898048400878906 ], [ 16.536663055419922, 39.871940612792969 ], [ 16.499164581298828, 39.822357177734375 ], [ 16.490137100219727, 39.799999237060547 ], [ 16.486663818359375, 39.773746490478516 ], [ 16.490554809570312, 39.749160766601562 ], [ 16.529998779296875, 39.662914276123047 ], [ 16.555690765380859, 39.644580841064453 ], [ 16.596942901611328, 39.629714965820312 ], [ 16.626388549804688, 39.622772216796875 ], [ 16.741386413574219, 39.617218017578125 ], [ 16.8236083984375, 39.568603515625 ], [ 16.963054656982422, 39.492774963378906 ], [ 17.034164428710938, 39.466110229492188 ], [ 17.145553588867188, 39.396385192871094 ], [ 17.135971069335938, 39.365550994873047 ], [ 17.115970611572266, 39.314579010009766 ], [ 17.10888671875, 39.263053894042969 ], [ 17.116664886474609, 39.098743438720703 ], [ 17.141803741455078, 39.053745269775391 ], [ 17.158191680908203, 39.039024353027344 ], [ 17.169166564941406, 38.997772216796875 ], [ 17.169166564941406, 38.963333129882812 ], [ 17.126941680908203, 38.919441223144531 ], [ 17.097845077514648, 38.907844543457031 ], [ 16.975831985473633, 38.939022064208984 ], [ 16.952915191650391, 38.938747406005859 ], [ 16.929443359375, 38.935829162597656 ], [ 16.834878921508789, 38.917079925537109 ], [ 16.730831146240234, 38.87554931640625 ], [ 16.614997863769531, 38.817634582519531 ], [ 16.594997406005859, 38.800827026367188 ], [ 16.5736083984375, 38.779716491699219 ], [ 16.549999237060547, 38.74249267578125 ], [ 16.534511566162109, 38.709438323974609 ], [ 16.548885345458984, 38.648605346679688 ], [ 16.561664581298828, 38.602775573730469 ], [ 16.569999694824219, 38.554161071777344 ], [ 16.574996948242188, 38.520271301269531 ], [ 16.576387405395508, 38.448566436767578 ], [ 16.56916618347168, 38.428333282470703 ], [ 16.53277587890625, 38.39166259765625 ], [ 16.515552520751953, 38.376937866210938 ], [ 16.490554809570312, 38.358055114746094 ], [ 16.470554351806641, 38.346382141113281 ], [ 16.448886871337891, 38.336936950683594 ], [ 16.414165496826172, 38.324440002441406 ], [ 16.358469009399414, 38.309162139892578 ], [ 16.330413818359375, 38.29791259765625 ], [ 16.159997940063477, 38.128257751464844 ], [ 16.143331527709961, 38.069164276123047 ], [ 16.138885498046875, 38.041522979736328 ], [ 16.135553359985352, 38.020828247070312 ], [ 16.113470077514648, 37.975276947021484 ], [ 16.087776184082031, 37.94610595703125 ], [ 16.057287216186523, 37.924232482910156 ], [ 15.996110916137695, 37.91888427734375 ], [ 15.947221755981445, 37.922492980957031 ], [ 15.92277717590332, 37.927772521972656 ], [ 15.866664886474609, 37.926109313964844 ], [ 15.794721603393555, 37.919166564941406 ], [ 15.781110763549805, 37.916938781738281 ], [ 15.775833129882812, 37.916938781738281 ], [ 15.756109237670898, 37.920829772949219 ], [ 15.72027587890625, 37.931106567382812 ], [ 15.6678466796875, 37.957843780517578 ], [ 15.635137557983398, 38.004581451416016 ], [ 15.64527702331543, 38.06304931640625 ], [ 15.629998207092285, 38.192840576171875 ], [ 15.629677303980476, 38.220912622300673 ], [ 15.636007451472757, 38.232134247400637 ], [ 15.636007451472759, 38.232134247400637 ], [ 15.654443740844727, 38.240272521972656 ], [ 15.715276718139648, 38.255828857421875 ], [ 15.737360000610352, 38.257495880126953 ], [ 15.760276794433594, 38.266105651855469 ], [ 15.794721603393555, 38.281520843505859 ], [ 15.815277099609375, 38.302494049072266 ], [ 15.895554542541504, 38.451942443847656 ], [ 15.906110763549805, 38.472770690917969 ], [ 15.922397613525391, 38.525264739990234 ], [ 15.922637939453125, 38.545967102050781 ], [ 15.894721984863281, 38.57611083984375 ], [ 15.876943588256836, 38.593330383300781 ], [ 15.845553398132324, 38.612773895263672 ], [ 15.829026222229004, 38.627979278564453 ], [ 15.849790573120117, 38.65728759765625 ], [ 15.984442710876465, 38.721664428710938 ], [ 16.023609161376953, 38.723884582519531 ], [ 16.045276641845703, 38.723609924316406 ], [ 16.067497253417969, 38.720832824707031 ], [ 16.098886489868164, 38.712635040283203 ], [ 16.129165649414062, 38.715553283691406 ], [ 16.178192138671875, 38.745204925537109 ], [ 16.194999694824219, 38.7691650390625 ], [ 16.208053588867188, 38.797775268554688 ], [ 16.218748092651367, 38.836383819580078 ], [ 16.221107482910156, 38.868606567382812 ], [ 16.219789505004883, 38.921382904052734 ], [ 16.194164276123047, 38.931938171386719 ], [ 16.157081604003906, 38.948192596435547 ], [ 16.099720001220703, 39.022773742675781 ], [ 16.064163208007812, 39.129165649414062 ], [ 16.057220458984375, 39.186244964599609 ], [ 16.056110382080078, 39.224998474121094 ], [ 16.053333282470703, 39.256385803222656 ], [ 16.033817291259766, 39.344367980957031 ], [ 15.980901718139648, 39.44964599609375 ], [ 15.926666259765625, 39.516525268554688 ], [ 15.903888702392578, 39.533882141113281 ], [ 15.853054046630859, 39.609992980957031 ], [ 15.807914733886719, 39.679302215576172 ], [ 15.799860954284668, 39.707496643066406 ], [ 15.787498474121094, 39.792495727539062 ], [ 15.78187370300293, 39.862842559814453 ], [ 15.754999160766602, 39.91888427734375 ], [ 15.748332977294922, 39.927215576171875 ], [ 15.728887557983398, 39.956939697265625 ], [ 15.712221145629883, 39.979721069335938 ], [ 15.663748741149902, 40.033050537109375 ], [ 15.642257690429688, 40.042930603027344 ], [ 15.618749618530273, 40.064579010009766 ], [ 15.583054542541504, 40.074440002441406 ], [ 15.560693740844727, 40.076107025146484 ], [ 15.509790420532227, 40.070064544677734 ], [ 15.458610534667969, 40.028610229492188 ], [ 15.416387557983398, 39.991451263427734 ], [ 15.354860305786133, 40.000896453857422 ], [ 15.313055038452148, 40.031387329101562 ], [ 15.264305114746094, 40.071800231933594 ], [ 15.137359619140625, 40.160690307617188 ], [ 15.104443550109863, 40.172355651855469 ], [ 15.01249885559082, 40.195549011230469 ], [ 14.941944122314453, 40.234161376953125 ], [ 14.927221298217773, 40.271110534667969 ], [ 14.964166641235352, 40.341384887695312 ], [ 14.99062442779541, 40.36395263671875 ], [ 14.991665840148926, 40.39569091796875 ], [ 14.964443206787109, 40.445831298828125 ], [ 14.898331642150879, 40.558746337890625 ], [ 14.83076286315918, 40.631519317626953 ], [ 14.774860382080078, 40.673049926757812 ], [ 14.753470420837402, 40.675968170166016 ], [ 14.625138282775879, 40.647632598876953 ], [ 14.504720687866211, 40.619720458984375 ], [ 14.401943206787109, 40.599998474121094 ], [ 14.362984657287598, 40.627357482910156 ], [ 14.390971183776855, 40.638050079345703 ], [ 14.474547386169434, 40.710201263427734 ], [ 14.452775955200195, 40.747913360595703 ], [ 14.311944007873535, 40.826244354248047 ], [ 14.268887519836426, 40.840202331542969 ], [ 14.21604061126709, 40.818191528320312 ], [ 14.166942596435547, 40.806938171386719 ], [ 14.073888778686523, 40.821937561035156 ], [ 14.046805381774902, 40.862220764160156 ], [ 14.028748512268066, 40.9012451171875 ], [ 14.017775535583496, 40.919715881347656 ], [ 13.989166259765625, 40.963329315185547 ], [ 13.899999618530273, 41.078048706054688 ], [ 13.837221145629883, 41.152496337890625 ], [ 13.798054695129395, 41.193328857421875 ], [ 13.775833129882812, 41.211105346679688 ], [ 13.737653732299805, 41.2347412109375 ], [ 13.712221145629883, 41.251110076904297 ], [ 13.6441650390625, 41.259716033935547 ], [ 13.614443778991699, 41.255970001220703 ], [ 13.566803932189941, 41.238052368164062 ], [ 13.276110649108887, 41.295135498046875 ], [ 13.211111068725586, 41.282493591308594 ], [ 13.169998168945312, 41.268882751464844 ], [ 13.146944046020508, 41.259162902832031 ], [ 13.116805076599121, 41.243331909179688 ], [ 13.029582977294922, 41.260135650634766 ], [ 13.005415916442871, 41.29791259765625 ], [ 12.979999542236328, 41.326385498046875 ], [ 12.951944351196289, 41.353050231933594 ], [ 12.932220458984375, 41.370277404785156 ], [ 12.913055419921875, 41.38360595703125 ], [ 12.892221450805664, 41.395553588867188 ], [ 12.854999542236328, 41.409996032714844 ], [ 12.656109809875488, 41.457839965820312 ], [ 12.57611083984375, 41.507217407226562 ], [ 12.517775535583496, 41.567771911621094 ], [ 12.471942901611328, 41.607215881347656 ], [ 12.44708251953125, 41.627632141113281 ], [ 12.351387977600098, 41.694442749023438 ], [ 12.215832710266113, 41.788051605224609 ], [ 12.20708179473877, 41.816940307617188 ], [ 12.177777290344238, 41.868053436279297 ], [ 12.15847110748291, 41.892082214355469 ], [ 12.123332023620605, 41.923053741455078 ], [ 12.021110534667969, 41.985832214355469 ], [ 11.912498474121094, 42.035968780517578 ], [ 11.885276794433594, 42.037773132324219 ], [ 11.862220764160156, 42.031105041503906 ], [ 11.83076286315918, 42.0302734375 ], [ 11.804998397827148, 42.0574951171875 ], [ 11.739358901977539, 42.149547576904297 ], [ 11.725555419921875, 42.182220458984375 ], [ 11.703887939453125, 42.224441528320312 ], [ 11.627707481384277, 42.298259735107422 ], [ 11.53416633605957, 42.3427734375 ], [ 11.497499465942383, 42.357498168945312 ], [ 11.451316833496094, 42.374176025390625 ], [ 11.372776031494141, 42.404647827148438 ], [ 11.262221336364746, 42.418605804443359 ], [ 11.231666564941406, 42.417495727539062 ], [ 11.205971717834473, 42.411800384521484 ], [ 11.201804161071777, 42.390827178955078 ], [ 11.179720878601074, 42.365131378173828 ], [ 11.097429275512695, 42.396522521972656 ], [ 11.084582328796387, 42.430274963378906 ], [ 11.109929084777832, 42.442424774169922 ], [ 11.133054733276367, 42.439437866210938 ], [ 11.164651870727539, 42.44561767578125 ], [ 11.183887481689453, 42.484859466552734 ], [ 11.187151908874512, 42.512496948242188 ], [ 11.158054351806641, 42.55499267578125 ], [ 11.080275535583496, 42.632217407226562 ], [ 10.965693473815918, 42.724441528320312 ], [ 10.925554275512695, 42.745830535888672 ], [ 10.889444351196289, 42.758888244628906 ], [ 10.862499237060547, 42.766937255859375 ], [ 10.768957138061523, 42.839160919189453 ], [ 10.775136947631836, 42.899024963378906 ], [ 10.732637405395508, 42.928676605224609 ], [ 10.680693626403809, 42.946521759033203 ], [ 10.588888168334961, 42.957496643066406 ], [ 10.533331871032715, 43.052772521972656 ], [ 10.540833473205566, 43.123329162597656 ], [ 10.542637825012207, 43.150135040283203 ], [ 10.538331985473633, 43.180831909179688 ], [ 10.530277252197266, 43.223609924316406 ], [ 10.518332481384277, 43.257495880126953 ], [ 10.42277717590332, 43.398048400878906 ], [ 10.37763786315918, 43.445831298828125 ], [ 10.357498168945312, 43.458610534667969 ], [ 10.32451343536377, 43.475131988525391 ], [ 10.295138359069824, 43.542564392089844 ], [ 10.287607192993164, 43.591300964355469 ], [ 10.276665687561035, 43.693744659423828 ], [ 10.276943206787109, 43.714439392089844 ], [ 10.274166107177734, 43.743328094482422 ], [ 10.267498970031738, 43.796108245849609 ], [ 10.252222061157227, 43.843330383300781 ], [ 10.236248970031738, 43.879024505615234 ], [ 10.215693473815918, 43.904994964599609 ], [ 10.179443359375, 43.944717407226562 ], [ 10.111804008483887, 44.003749847412109 ], [ 10.090831756591797, 44.018608093261719 ], [ 10.059720993041992, 44.033054351806641 ], [ 10.027334213256836, 44.044174194335938 ], [ 9.983606338500977, 44.053878784179688 ], [ 9.714996337890625, 44.114715576171875 ], [ 9.661109924316406, 44.140830993652344 ], [ 9.372776031494141, 44.285270690917969 ], [ 9.336526870727539, 44.309719085693359 ], [ 9.231110572814941, 44.346939086914062 ], [ 8.815553665161133, 44.425552368164062 ], [ 8.747220993041992, 44.428050994873047 ], [ 8.639999389648438, 44.388328552246094 ], [ 8.49527645111084, 44.3226318359375 ], [ 8.44392204284668, 44.267910003662109 ], [ 8.399234771728516, 44.179790496826172 ], [ 8.332221984863281, 44.158607482910156 ], [ 8.301387786865234, 44.153469085693359 ], [ 8.274026870727539, 44.140830993652344 ], [ 8.234304428100586, 44.100414276123047 ], [ 8.156318664550781, 43.982772827148438 ], [ 8.164650917053223, 43.958747863769531 ], [ 8.067777633666992, 43.893051147460938 ], [ 7.948888778686523, 43.846382141113281 ], [ 7.913887977600098, 43.839996337890625 ], [ 7.772777557373047, 43.815277099609375 ], [ 7.738888740539551, 43.796245574951172 ], [ 7.665485382080078, 43.779575347900391 ], [ 7.613888740539551, 43.788887023925781 ], [ 7.608382675374323, 43.789273042481973 ], [ 7.608382675374322, 43.789273042481973 ], [ 7.590963034225439, 43.817412462799403 ], [ 7.552083245919002, 43.890506464815502 ], [ 7.519424223741596, 43.948048551509032 ], [ 7.503872308419021, 43.980707573686438 ], [ 7.542752096725458, 44.060022341831562 ], [ 7.590963034225439, 44.126895577718635 ], [ 7.634508397128647, 44.179772089815387 ], [ 7.67494337696734, 44.223317452718597 ], [ 7.746482187451183, 44.260642049492773 ], [ 7.794693124951163, 44.287080305541153 ], [ 7.866231935435006, 44.383502180541115 ], [ 7.833572913257601, 44.479535257658021 ], [ 7.808689848741482, 44.5790675157225 ], [ 7.797803508015679, 44.661492666932141 ], [ 7.536920128479494, 44.822843788403844 ], [ 7.605348555898821, 44.869499534371563 ], [ 7.658225067995574, 44.993914856952159 ], [ 7.729763878479416, 45.10277826421018 ], [ 7.760867709124565, 45.140102860984364 ], [ 7.760867709124565, 45.174317074694024 ], [ 7.490264382511771, 45.183648223887573 ], [ 7.380234581604558, 45.163625132909765 ], [ 7.408228029185192, 45.185397814361373 ], [ 7.386455347733587, 45.288040455490361 ], [ 7.355351517088438, 45.403124628877414 ], [ 7.308695771120716, 45.462221907103199 ], [ 7.258929642088477, 45.511988036135435 ], [ 7.258929642088477, 45.617741060328939 ], [ 7.280702323540082, 45.698611020006325 ], [ 7.31802692031426, 45.748377149038568 ], [ 7.392676113862617, 45.823026342586921 ], [ 7.489097988862579, 45.913227451457857 ], [ 7.501539521120638, 45.931889749844942 ], [ 7.641506759023809, 45.989431836538472 ], [ 7.88411663805597, 46.070301796215858 ], [ 8.058298089668803, 46.176054820409362 ], [ 8.13294728321716, 46.225820949441605 ], [ 8.226258775152607, 46.334684356699626 ], [ 8.335122182410629, 46.437326997828613 ], [ 8.42182411033399, 46.476789982959616 ], [ 8.526410740878303, 46.487676323685413 ], [ 8.678819511039531, 46.528111303524106 ], [ 9.00229934974908, 46.546773601911198 ], [ 9.197087089164325, 46.621422795459551 ], [ 9.379044498438446, 46.666523349895023 ], [ 9.599881696019002, 46.708513521265971 ], [ 9.68697242182542, 46.758279650298206 ], [ 10.029114558922057, 46.776941948685298 ], [ 10.632917671321007, 47.013331061588431 ], [ 10.608034606804889, 46.985337614007797 ], [ 10.594037883014572, 46.923129952717495 ], [ 10.566044435433938, 46.82981846078205 ], [ 10.573820393095225, 46.79560424707239 ], [ 10.555158094708133, 46.770721182556279 ], [ 10.614255372933917, 46.770721182556279 ], [ 11.083145619909535, 46.780052331749822 ], [ 11.237109581603022, 46.764500416427246 ], [ 11.373966436441677, 46.7442829265079 ], [ 11.790757767086671, 46.745838118040162 ], [ 12.150784606804267, 46.66652334989503 ], [ 12.374732187449339, 46.635419519249879 ], [ 12.51936499994928, 46.636974710782141 ], [ 12.656221854787935, 46.629198753120853 ], [ 12.999141587650701, 46.613646837798278 ], [ 13.242140264565927, 46.590318964814415 ], [ 13.383662694001355, 46.560770325701526 ], [ 14.037620733315608, 46.53122168658863 ], [ 14.148039332105887, 46.462793259169302 ], [ 14.241350824041334, 46.458127684572531 ], [ 14.43730495710577, 46.427023853927388 ], [ 14.687690793799218, 46.386588874088694 ], [ 14.852541096218507, 46.363261001104831 ], [ 15.11070289057324, 46.327491595862902 ], [ 15.011170632508763, 46.227959337798424 ], [ 14.82454764863787, 46.084881716830736 ], [ 14.619262366379887, 45.923141797475964 ], [ 14.564150266455497, 45.829733106069774 ], [ 14.585922947907102, 45.770635827843989 ], [ 14.674444198608398, 45.182220458984375 ] ] ], [ [ [ 12.314332008361816, 45.341327667236328 ], [ 12.369160652160645, 45.425819396972656 ], [ 12.391144752502441, 45.430324554443359 ], [ 12.426901817321777, 45.414958953857422 ], [ 12.379225730895996, 45.419994354248047 ], [ 12.314332008361816, 45.341327667236328 ] ] ], [ [ [ 14.598147265592376, 44.986105792425256 ], [ 14.483332633972168, 45.035415649414062 ], [ 14.46360969543457, 45.048049926757812 ], [ 14.43638801574707, 45.069995880126953 ], [ 14.428817749023438, 45.08624267578125 ], [ 14.539164543151855, 45.23944091796875 ], [ 14.554305076599121, 45.247634887695312 ], [ 14.589581489562988, 45.238330841064453 ], [ 14.65777587890625, 45.122772216796875 ], [ 14.676361086452083, 45.100960845849244 ], [ 14.598147265592376, 44.986105792425256 ] ] ], [ [ [ 14.347776412963867, 44.6552734375 ], [ 14.338054656982422, 44.706733703613281 ], [ 14.382776260375977, 44.696941375732422 ], [ 14.39194393157959, 44.689857482910156 ], [ 14.393227155819782, 44.685185700593941 ], [ 14.355506855707789, 44.629794376696054 ], [ 14.347776412963867, 44.6552734375 ] ] ], [ [ [ 14.395398788937587, 44.688374689893038 ], [ 14.389444351196289, 44.694999694824219 ], [ 14.331388473510742, 44.849716186523438 ], [ 14.341387748718262, 44.916107177734375 ], [ 14.362082481384277, 44.907360076904297 ], [ 14.397185325622559, 44.911594390869141 ], [ 14.392499923706055, 44.956108093261719 ], [ 14.353609085083008, 45.045135498046875 ], [ 14.341110229492188, 45.056663513183594 ], [ 14.317499160766602, 45.065971374511719 ], [ 14.308053970336914, 45.073051452636719 ], [ 14.275276184082031, 45.10333251953125 ], [ 14.27479076385498, 45.121871948242188 ], [ 14.308748245239258, 45.170135498046875 ], [ 14.317638397216797, 45.175411224365234 ], [ 14.353054046630859, 45.166801452636719 ], [ 14.363609313964844, 45.160552978515625 ], [ 14.366387367248535, 45.146591186523438 ], [ 14.358055114746094, 45.1361083984375 ], [ 14.353887557983398, 45.119163513183594 ], [ 14.358888626098633, 45.101104736328125 ], [ 14.376943588256836, 45.052497863769531 ], [ 14.409999847412109, 45.004714965820312 ], [ 14.418888092041016, 44.993049621582031 ], [ 14.426387786865234, 44.984718322753906 ], [ 14.459444046020508, 44.827499389648438 ], [ 14.464294010053118, 44.789545611028259 ], [ 14.395398788937587, 44.688374689893038 ] ] ] ] } },
{ "type": "Feature", "properties": { "id": 15, "Nombre": "Corsica et Sardinia" }, "geometry": { "type": "MultiPolygon", "coordinates": [ [ [ [ 8.178333282470703, 40.636383056640625 ], [ 8.172222137451172, 40.692214965820312 ], [ 8.149721145629883, 40.721382141113281 ], [ 8.148887634277344, 40.744163513183594 ], [ 8.192499160766602, 40.913604736328125 ], [ 8.228054046630859, 40.938396453857422 ], [ 8.232221603393555, 40.909717559814453 ], [ 8.284443855285645, 40.859996795654297 ], [ 8.307082176208496, 40.847358703613281 ], [ 8.356388092041016, 40.836105346679688 ], [ 8.457498550415039, 40.821937561035156 ], [ 8.479999542236328, 40.820274353027344 ], [ 8.505277633666992, 40.8236083984375 ], [ 8.543054580688477, 40.831382751464844 ], [ 8.579721450805664, 40.839996337890625 ], [ 8.604304313659668, 40.848606109619141 ], [ 8.62055492401123, 40.868465423583984 ], [ 8.638679504394531, 40.890483856201172 ], [ 8.701387405395508, 40.912357330322266 ], [ 8.749720573425293, 40.914577484130859 ], [ 8.782637596130371, 40.918468475341797 ], [ 8.810276031494141, 40.934440612792969 ], [ 8.849998474121094, 40.966590881347656 ], [ 8.873471260070801, 40.999443054199219 ], [ 9.012638092041016, 41.121940612792969 ], [ 9.046943664550781, 41.130275726318359 ], [ 9.160831451416016, 41.191665649414062 ], [ 9.164512634277344, 41.239227294921875 ], [ 9.233055114746094, 41.254714965820312 ], [ 9.513332366943359, 41.146659851074219 ], [ 9.562498092651367, 41.117774963378906 ], [ 9.633888244628906, 40.989166259765625 ], [ 9.51045036315918, 40.920375823974609 ], [ 9.566387176513672, 40.913055419921875 ], [ 9.612777709960938, 40.921104431152344 ], [ 9.65916633605957, 40.852493286132812 ], [ 9.750276565551758, 40.666244506835938 ], [ 9.742498397827148, 40.63861083984375 ], [ 9.742776870727539, 40.629997253417969 ], [ 9.750276565551758, 40.597496032714844 ], [ 9.804929733276367, 40.540554046630859 ], [ 9.824165344238281, 40.527217864990234 ], [ 9.809444427490234, 40.468330383300781 ], [ 9.800277709960938, 40.442497253417969 ], [ 9.761318206787109, 40.3856201171875 ], [ 9.734860420227051, 40.372913360595703 ], [ 9.705554008483887, 40.354022979736328 ], [ 9.657220840454102, 40.308326721191406 ], [ 9.636943817138672, 40.282218933105469 ], [ 9.623332023620605, 40.251873016357422 ], [ 9.626666069030762, 40.193187713623047 ], [ 9.656805038452148, 40.139163970947266 ], [ 9.698332786560059, 40.102218627929688 ], [ 9.71360969543457, 40.040550231933594 ], [ 9.694999694824219, 39.935272216796875 ], [ 9.674720764160156, 39.808883666992188 ], [ 9.670555114746094, 39.779441833496094 ], [ 9.670970916748047, 39.7530517578125 ], [ 9.675345420837402, 39.730827331542969 ], [ 9.651666641235352, 39.549163818359375 ], [ 9.642221450805664, 39.486381530761719 ], [ 9.630832672119141, 39.430274963378906 ], [ 9.600276947021484, 39.332771301269531 ], [ 9.56763744354248, 39.228469848632812 ], [ 9.569408416748047, 39.190898895263672 ], [ 9.565068244934082, 39.145618438720703 ], [ 9.521665573120117, 39.118331909179688 ], [ 9.442636489868164, 39.124420166015625 ], [ 9.410554885864258, 39.140830993652344 ], [ 9.390832901000977, 39.158054351806641 ], [ 9.366109848022461, 39.177497863769531 ], [ 9.342498779296875, 39.194160461425781 ], [ 9.321664810180664, 39.205825805664062 ], [ 9.295276641845703, 39.213882446289062 ], [ 9.154340744018555, 39.184684753417969 ], [ 9.013540267944336, 39.263191223144531 ], [ 9.013332366943359, 39.126388549804688 ], [ 9.016109466552734, 39.101661682128906 ], [ 9.022499084472656, 39.079719543457031 ], [ 9.043333053588867, 39.044998168945312 ], [ 9.006942749023438, 38.988052368164062 ], [ 8.902082443237305, 38.902633666992188 ], [ 8.851179122924805, 38.877910614013672 ], [ 8.711666107177734, 38.921802520751953 ], [ 8.646387100219727, 38.890274047851562 ], [ 8.615833282470703, 38.918609619140625 ], [ 8.566387176513672, 39.009994506835938 ], [ 8.551387786865234, 39.049995422363281 ], [ 8.505380630493164, 39.061027526855469 ], [ 8.474484443664551, 39.036548614501953 ], [ 8.449878692626953, 39.0 ], [ 8.436527252197266, 38.964717864990234 ], [ 8.408331871032715, 38.958538055419922 ], [ 8.359999656677246, 39.0302734375 ], [ 8.345831871032715, 39.073745727539062 ], [ 8.356804847717285, 39.105758666992188 ], [ 8.425832748413086, 39.107078552246094 ], [ 8.453827857971191, 39.089706420898438 ], [ 8.459165573120117, 39.117496490478516 ], [ 8.432083129882812, 39.163051605224609 ], [ 8.396944046020508, 39.200553894042969 ], [ 8.366109848022461, 39.226104736328125 ], [ 8.424165725708008, 39.268882751464844 ], [ 8.432360649108887, 39.290618896484375 ], [ 8.418609619140625, 39.339439392089844 ], [ 8.398123741149902, 39.343467712402344 ], [ 8.371527671813965, 39.372913360595703 ], [ 8.391942977905273, 39.447219848632812 ], [ 8.413055419921875, 39.493606567382812 ], [ 8.448193550109863, 39.632705688476562 ], [ 8.443332672119141, 39.681938171386719 ], [ 8.452047348022461, 39.758987426757812 ], [ 8.497221946716309, 39.723747253417969 ], [ 8.523611068725586, 39.752220153808594 ], [ 8.541942596435547, 39.779441833496094 ], [ 8.551666259765625, 39.816665649414062 ], [ 8.557220458984375, 39.844993591308594 ], [ 8.553956985473633, 39.867702484130859 ], [ 8.520415306091309, 39.902286529541016 ], [ 8.456596374511719, 39.910133361816406 ], [ 8.429998397827148, 39.894580841064453 ], [ 8.395971298217773, 39.901313781738281 ], [ 8.398611068725586, 39.94610595703125 ], [ 8.40888786315918, 40.006801605224609 ], [ 8.464443206787109, 40.143325805664062 ], [ 8.461666107177734, 40.226661682128906 ], [ 8.457221984863281, 40.321388244628906 ], [ 8.367221832275391, 40.492774963378906 ], [ 8.301804542541504, 40.587493896484375 ], [ 8.19597053527832, 40.615970611572266 ], [ 8.164009094238281, 40.587406158447266 ], [ 8.148193359375, 40.620830535888672 ], [ 8.178333282470703, 40.636383056640625 ] ] ], [ [ [ 8.659442901611328, 42.008331298828125 ], [ 8.743193626403809, 42.049369812011719 ], [ 8.681110382080078, 42.10638427734375 ], [ 8.638887405395508, 42.120277404785156 ], [ 8.608331680297852, 42.132774353027344 ], [ 8.587221145629883, 42.169715881347656 ], [ 8.570554733276367, 42.221664428710938 ], [ 8.618331909179688, 42.2530517578125 ], [ 8.648887634277344, 42.258331298828125 ], [ 8.68454647064209, 42.268814086914062 ], [ 8.63166618347168, 42.336936950683594 ], [ 8.611527442932129, 42.349716186523438 ], [ 8.589443206787109, 42.350692749023438 ], [ 8.575832366943359, 42.38360595703125 ], [ 8.665277481079102, 42.5111083984375 ], [ 8.718194007873535, 42.570552825927734 ], [ 8.886943817138672, 42.6280517578125 ], [ 9.057429313659668, 42.684024810791016 ], [ 9.085554122924805, 42.711940765380859 ], [ 9.11763858795166, 42.729438781738281 ], [ 9.150832176208496, 42.733329772949219 ], [ 9.253193855285645, 42.719860076904297 ], [ 9.273887634277344, 42.696384429931641 ], [ 9.288887977600098, 42.674995422363281 ], [ 9.314790725708008, 42.693538665771484 ], [ 9.342012405395508, 42.738189697265625 ], [ 9.336318016052246, 42.797702789306641 ], [ 9.312567710876465, 42.829299926757812 ], [ 9.346803665161133, 43.000411987304688 ], [ 9.383333206176758, 43.00860595703125 ], [ 9.421249389648438, 43.010414123535156 ], [ 9.459582328796387, 42.988048553466797 ], [ 9.488401412963867, 42.8070068359375 ], [ 9.467498779296875, 42.765552520751953 ], [ 9.454999923706055, 42.718605041503906 ], [ 9.447498321533203, 42.683052062988281 ], [ 9.450138092041016, 42.639854431152344 ], [ 9.475971221923828, 42.579166412353516 ], [ 9.508331298828125, 42.570446014404297 ], [ 9.495970726013184, 42.602218627929688 ], [ 9.480277061462402, 42.615135192871094 ], [ 9.461526870727539, 42.637077331542969 ], [ 9.485832214355469, 42.615272521972656 ], [ 9.500276565551758, 42.598609924316406 ], [ 9.52027702331543, 42.572494506835938 ], [ 9.532776832580566, 42.545551300048828 ], [ 9.562221527099609, 42.272773742675781 ], [ 9.559999465942383, 42.192214965820312 ], [ 9.552568435668945, 42.118331909179688 ], [ 9.448055267333984, 41.999443054199219 ], [ 9.425554275512695, 41.974998474121094 ], [ 9.408331871032715, 41.944580078125 ], [ 9.396928787231445, 41.869354248046875 ], [ 9.400554656982422, 41.845550537109375 ], [ 9.404304504394531, 41.823745727539062 ], [ 9.398887634277344, 41.698883056640625 ], [ 9.377915382385254, 41.652076721191406 ], [ 9.320554733276367, 41.602493286132812 ], [ 9.271665573120117, 41.520553588867188 ], [ 9.241943359375, 41.451942443847656 ], [ 9.251110076904297, 41.421211242675781 ], [ 9.21965217590332, 41.367286682128906 ], [ 9.182567596435547, 41.364925384521484 ], [ 9.132221221923828, 41.3941650390625 ], [ 9.115833282470703, 41.431938171386719 ], [ 8.975971221923828, 41.47735595703125 ], [ 8.941110610961914, 41.48944091796875 ], [ 8.917499542236328, 41.499717712402344 ], [ 8.790414810180664, 41.557842254638672 ], [ 8.785554885864258, 41.613327026367188 ], [ 8.806978225708008, 41.633884429931641 ], [ 8.875137329101562, 41.648052215576172 ], [ 8.917117118835449, 41.685688018798828 ], [ 8.878887176513672, 41.698051452636719 ], [ 8.851180076599121, 41.698951721191406 ], [ 8.796943664550781, 41.710273742675781 ], [ 8.725831985473633, 41.729438781738281 ], [ 8.704999923706055, 41.759437561035156 ], [ 8.747776031494141, 41.810554504394531 ], [ 8.788887023925781, 41.85333251953125 ], [ 8.802360534667969, 41.900413513183594 ], [ 8.780624389648438, 41.926383972167969 ], [ 8.741873741149902, 41.929439544677734 ], [ 8.712222099304199, 41.911663055419922 ], [ 8.668609619140625, 41.908332824707031 ], [ 8.627222061157227, 41.906661987304688 ], [ 8.590970993041992, 41.963535308837891 ], [ 8.613609313964844, 41.970832824707031 ], [ 8.640554428100586, 41.968746185302734 ], [ 8.666387557983398, 41.984649658203125 ], [ 8.659442901611328, 42.008331298828125 ] ] ] ] } },
{ "type": "Feature", "properties": { "id": 16, "Nombre": "Sicilia" }, "geometry": { "type": "MultiPolygon", "coordinates": [ [ [ [ 12.441665649414062, 37.806106567382812 ], [ 12.458471298217773, 37.817977905273438 ], [ 12.477846145629883, 37.872772216796875 ], [ 12.466388702392578, 37.916107177734375 ], [ 12.510138511657715, 38.01513671875 ], [ 12.558194160461426, 38.060550689697266 ], [ 12.733610153198242, 38.139717102050781 ], [ 12.821664810180664, 38.068885803222656 ], [ 12.89284610748291, 38.025272369384766 ], [ 12.923610687255859, 38.024860382080078 ], [ 12.955554962158203, 38.03277587890625 ], [ 13.0191650390625, 38.058883666992188 ], [ 13.069478034973145, 38.090167999267578 ], [ 13.056109428405762, 38.133781433105469 ], [ 13.100345611572266, 38.18450927734375 ], [ 13.318610191345215, 38.217494964599609 ], [ 13.357915878295898, 38.186943054199219 ], [ 13.372013092041016, 38.152774810791016 ], [ 13.367151260375977, 38.120758056640625 ], [ 13.382499694824219, 38.107498168945312 ], [ 13.711387634277344, 37.976661682128906 ], [ 13.760693550109863, 37.970966339111328 ], [ 13.791110992431641, 37.972221374511719 ], [ 13.820985794067383, 37.978736877441406 ], [ 13.886665344238281, 37.998054504394531 ], [ 13.916525840759277, 38.010341644287109 ], [ 13.944304466247559, 38.029579162597656 ], [ 14.013887405395508, 38.03582763671875 ], [ 14.132776260375977, 38.022773742675781 ], [ 14.242776870727539, 38.012214660644531 ], [ 14.311943054199219, 38.012214660644531 ], [ 14.367916107177734, 38.018329620361328 ], [ 14.519444465637207, 38.042770385742188 ], [ 14.643470764160156, 38.077285766601562 ], [ 14.784721374511719, 38.154441833496094 ], [ 14.874443054199219, 38.170555114746094 ], [ 14.969443321228027, 38.157218933105469 ], [ 15.088748931884766, 38.12249755859375 ], [ 15.150833129882812, 38.145553588867188 ], [ 15.301666259765625, 38.207221984863281 ], [ 15.515416145324707, 38.292911529541016 ], [ 15.545831680297852, 38.296939849853516 ], [ 15.647936820983887, 38.264575958251953 ], [ 15.608194351196289, 38.250694274902344 ], [ 15.576248168945312, 38.236732482910156 ], [ 15.559999465942383, 38.210273742675781 ], [ 15.528888702392578, 38.136940002441406 ], [ 15.503609657287598, 38.078605651855469 ], [ 15.427776336669922, 38.000831604003906 ], [ 15.369025230407715, 37.943885803222656 ], [ 15.23527717590332, 37.785270690917969 ], [ 15.219720840454102, 37.764442443847656 ], [ 15.217776298522949, 37.709163665771484 ], [ 15.200832366943359, 37.651382446289062 ], [ 15.168054580688477, 37.561939239501953 ], [ 15.149998664855957, 37.542774200439453 ], [ 15.118610382080078, 37.519439697265625 ], [ 15.092498779296875, 37.490272521972656 ], [ 15.085832595825195, 37.463050842285156 ], [ 15.092706680297852, 37.348323822021484 ], [ 15.186943054199219, 37.183883666992188 ], [ 15.203887939453125, 37.157493591308594 ], [ 15.230692863464355, 37.124855041503906 ], [ 15.259998321533203, 37.109786987304688 ], [ 15.299929618835449, 37.103122711181641 ], [ 15.316110610961914, 37.043052673339844 ], [ 15.316665649414062, 37.008888244628906 ], [ 15.26222038269043, 36.981666564941406 ], [ 15.214166641235352, 36.955276489257812 ], [ 15.180276870727539, 36.935272216796875 ], [ 15.150693893432617, 36.913326263427734 ], [ 15.11027717590332, 36.839996337890625 ], [ 15.095762252807617, 36.785690307617188 ], [ 15.114165306091309, 36.743534088134766 ], [ 15.133956909179688, 36.674091339111328 ], [ 15.091526985168457, 36.651802062988281 ], [ 15.081388473510742, 36.649162292480469 ], [ 15.04374885559082, 36.686943054199219 ], [ 15.02361011505127, 36.6986083984375 ], [ 14.895833015441895, 36.725830078125 ], [ 14.863193511962891, 36.728054046630859 ], [ 14.813888549804688, 36.714996337890625 ], [ 14.779165267944336, 36.704437255859375 ], [ 14.72138786315918, 36.718605041503906 ], [ 14.553609848022461, 36.7802734375 ], [ 14.459165573120117, 36.834159851074219 ], [ 14.441110610961914, 36.873329162597656 ], [ 14.414164543151855, 36.914020538330078 ], [ 14.393888473510742, 36.942497253417969 ], [ 14.37360954284668, 36.966384887695312 ], [ 14.34712028503418, 36.989292144775391 ], [ 14.276388168334961, 37.042495727539062 ], [ 14.245832443237305, 37.062217712402344 ], [ 14.144999504089355, 37.099021911621094 ], [ 14.101804733276367, 37.109859466552734 ], [ 13.998055458068848, 37.110275268554688 ], [ 13.955755233764648, 37.100349426269531 ], [ 13.932360649108887, 37.094718933105469 ], [ 13.887638092041016, 37.099437713623047 ], [ 13.738332748413086, 37.15777587890625 ], [ 13.665067672729492, 37.196800231933594 ], [ 13.647638320922852, 37.216106414794922 ], [ 13.566803932189941, 37.275829315185547 ], [ 13.543333053588867, 37.283332824707031 ], [ 13.505277633666992, 37.287216186523438 ], [ 13.412776947021484, 37.324165344238281 ], [ 13.329999923706055, 37.361106872558594 ], [ 13.272429466247559, 37.398536682128906 ], [ 13.25666618347168, 37.421943664550781 ], [ 13.218332290649414, 37.455276489257812 ], [ 13.155971527099609, 37.491245269775391 ], [ 13.085832595825195, 37.493049621582031 ], [ 12.984999656677246, 37.541522979736328 ], [ 12.962221145629883, 37.557357788085938 ], [ 12.922916412353516, 37.573051452636719 ], [ 12.792777061462402, 37.579021453857422 ], [ 12.756109237670898, 37.573051452636719 ], [ 12.72874927520752, 37.566104888916016 ], [ 12.681387901306152, 37.555133819580078 ], [ 12.656109809875488, 37.559783935546875 ], [ 12.514165878295898, 37.658882141113281 ], [ 12.468332290649414, 37.699165344238281 ], [ 12.430797576904297, 37.803256988525391 ], [ 12.441665649414062, 37.806106567382812 ] ] ], [ [ [ 15.629581451416016, 38.229297637939453 ], [ 15.636007451472757, 38.232134247400637 ], [ 15.629677303980476, 38.220912622300673 ], [ 15.629581451416016, 38.229297637939453 ] ] ] ] } },
{ "type": "Feature", "properties": { "id": 17, "Nombre": "Raetia" }, "geometry": { "type": "MultiPolygon", "coordinates": [ [ [ [ 10.040696152987872, 49.106009043930257 ], [ 10.042894584616407, 49.104383674771469 ], [ 10.191886909059573, 49.121476532403648 ], [ 11.48020545798901, 49.027984492157188 ], [ 11.900884767464648, 48.953335298608835 ], [ 12.000417025529124, 48.984439129253978 ], [ 12.003527408593639, 49.021763726028162 ], [ 12.078176602141996, 49.071529855060398 ], [ 12.180819243270987, 49.074640238124914 ], [ 12.351890311819306, 49.043536407479763 ], [ 12.457643336012811, 49.00310142764107 ], [ 12.529182146496654, 48.937783383286259 ], [ 12.644266319883705, 48.956445681673344 ], [ 12.706473981174003, 48.912900318770141 ], [ 12.796675090044934, 48.891127637318533 ], [ 12.905538497302954, 48.89423802038305 ], [ 12.973966924722282, 48.832030359092755 ], [ 13.023733053754521, 48.766712314737937 ], [ 13.104603013431907, 48.732498101028277 ], [ 13.179252206980264, 48.688952738125067 ], [ 13.266342932786682, 48.632965842963799 ], [ 13.325440211012463, 48.632965842963799 ], [ 13.390758255367276, 48.645407375221858 ], [ 13.468517831980147, 48.626745076834773 ], [ 13.452965916657572, 48.469670732076757 ], [ 13.387647872302759, 48.360807324818737 ], [ 13.22279756988347, 48.339034643367135 ], [ 13.008181138431944, 48.255054300625233 ], [ 12.861993134399745, 48.270606215947808 ], [ 12.690922065851426, 48.298599663528442 ], [ 12.560285977141801, 48.286158131270383 ], [ 12.167600115246797, 48.094091977036584 ], [ 12.120944369279075, 47.957235122197929 ], [ 12.164489732182282, 47.817267884294758 ], [ 12.176931264440341, 47.652417581875468 ], [ 12.120944369279075, 47.56221647300454 ], [ 11.831678744279191, 47.447132299617486 ], [ 11.533081970085762, 47.335158509294949 ], [ 11.290472091053601, 47.28850276332723 ], [ 11.05408297815047, 47.347600041553008 ], [ 10.92033650637633, 47.285392380262721 ], [ 10.771038119279616, 47.241847017359511 ], [ 10.771038119279616, 47.160977057682125 ], [ 10.802141949924765, 47.049003267359588 ], [ 10.555158094708133, 46.770721182556279 ], [ 10.573820393095225, 46.79560424707239 ], [ 10.566044435433938, 46.82981846078205 ], [ 10.594037883014572, 46.923129952717495 ], [ 10.608034606804889, 46.985337614007797 ], [ 10.632917671321007, 47.013331061588431 ], [ 10.029114558922057, 46.776941948685298 ], [ 9.68697242182542, 46.758279650298206 ], [ 9.599881696019002, 46.708513521265971 ], [ 9.379044498438446, 46.666523349895023 ], [ 9.197087089164325, 46.621422795459551 ], [ 9.00229934974908, 46.546773601911198 ], [ 8.678819511039531, 46.528111303524106 ], [ 8.526410740878303, 46.487676323685413 ], [ 8.42182411033399, 46.476789982959616 ], [ 8.335122182410629, 46.437326997828613 ], [ 8.378667545313837, 46.521307340570516 ], [ 8.435043238358181, 46.666717748836597 ], [ 8.559458560938776, 46.676048898030139 ], [ 8.665211585132283, 46.710263111739806 ], [ 8.811399589164482, 46.766250006901075 ], [ 8.889159165777354, 46.840899200449428 ], [ 8.966918742390227, 46.940431458513906 ], [ 9.050899085132128, 47.030632567384835 ], [ 9.156652109325634, 47.105281760933195 ], [ 9.203307855293358, 47.161268656094464 ], [ 9.162872875454665, 47.235917849642817 ], [ 9.091334064970823, 47.338560490771812 ], [ 9.066451000454704, 47.419430450449198 ], [ 9.075782149648248, 47.503410793191101 ], [ 9.100665214164367, 47.556287305287853 ], [ 9.28106743190623, 47.87898954823126 ], [ 9.30595049642235, 47.944307592586078 ], [ 9.32461279480944, 48.087385213553759 ], [ 9.349495859325557, 48.202469386940813 ], [ 9.464580032712608, 48.323774326456892 ], [ 9.542339609325481, 48.42330658452137 ], [ 9.623209569002867, 48.602153610730973 ], [ 9.735183359325404, 48.757672763956712 ], [ 9.862709064970513, 48.9007503849244 ], [ 9.993345153680139, 49.050048772021114 ], [ 10.040696152987872, 49.106009043930257 ] ] ] ] } },
{ "type": "Feature", "properties": { "id": 18, "Nombre": "Norico" }, "geometry": { "type": "MultiPolygon", "coordinates": [ [ [ [ 15.723545553753437, 46.265964330867973 ], [ 15.11070289057324, 46.327491595862902 ], [ 14.852541096218507, 46.363261001104831 ], [ 14.687690793799218, 46.386588874088694 ], [ 14.43730495710577, 46.427023853927388 ], [ 14.241350824041334, 46.458127684572531 ], [ 14.148039332105887, 46.462793259169302 ], [ 14.037620733315608, 46.53122168658863 ], [ 13.383662694001355, 46.560770325701526 ], [ 13.242140264565927, 46.590318964814415 ], [ 12.999141587650701, 46.613646837798278 ], [ 12.656221854787935, 46.629198753120853 ], [ 12.51936499994928, 46.636974710782141 ], [ 12.374732187449339, 46.635419519249879 ], [ 12.150784606804267, 46.66652334989503 ], [ 11.790757767086671, 46.745838118040162 ], [ 11.373966436441677, 46.7442829265079 ], [ 11.237109581603022, 46.764500416427246 ], [ 11.083145619909535, 46.780052331749822 ], [ 10.614255372933917, 46.770721182556279 ], [ 10.555158094708133, 46.770721182556279 ], [ 10.802141949924765, 47.049003267359588 ], [ 10.771038119279616, 47.160977057682125 ], [ 10.771038119279616, 47.241847017359511 ], [ 10.92033650637633, 47.285392380262721 ], [ 11.05408297815047, 47.347600041553008 ], [ 11.290472091053601, 47.28850276332723 ], [ 11.533081970085762, 47.335158509294949 ], [ 11.831678744279191, 47.447132299617486 ], [ 12.120944369279075, 47.56221647300454 ], [ 12.176931264440341, 47.652417581875468 ], [ 12.164489732182282, 47.817267884294758 ], [ 12.120944369279075, 47.957235122197929 ], [ 12.167600115246797, 48.094091977036584 ], [ 12.560285977141801, 48.286158131270383 ], [ 12.690922065851426, 48.298599663528442 ], [ 12.861993134399745, 48.270606215947808 ], [ 13.008181138431944, 48.255054300625233 ], [ 13.22279756988347, 48.339034643367135 ], [ 13.387647872302759, 48.360807324818737 ], [ 13.452965916657572, 48.469670732076757 ], [ 13.468517831980147, 48.626745076834773 ], [ 13.519450354661583, 48.624023491653325 ], [ 13.796663245286471, 48.502718552137239 ], [ 13.889974737221918, 48.498052977540468 ], [ 13.947516823915443, 48.477835487621121 ], [ 13.977065463028335, 48.442066082379199 ], [ 14.03460754972186, 48.404741485605022 ], [ 14.129474233189564, 48.381413612621159 ], [ 14.247668789641128, 48.361196122701813 ], [ 14.331649132383031, 48.333202675121179 ], [ 14.420295049721705, 48.306764419072806 ], [ 14.570371032584548, 48.270995013830884 ], [ 14.596809288632924, 48.261663864637342 ], [ 14.651240992261934, 48.232115225524446 ], [ 14.916012350628764, 48.288102120685714 ], [ 14.971999245790032, 48.267884630766368 ], [ 15.045093247806131, 48.239891183185733 ], [ 15.104190526031914, 48.258553481572825 ], [ 15.171063761918985, 48.26010867310508 ], [ 15.233271423209281, 48.269439822298629 ], [ 15.303255042160867, 48.278770971492172 ], [ 15.336302862221338, 48.261663864637342 ], [ 15.358075543672941, 48.292767695282485 ], [ 15.384513799721319, 48.345644207379237 ], [ 15.400065715043892, 48.39541033641148 ], [ 15.428059162624526, 48.448286848508232 ], [ 15.496487590043854, 48.448286848508232 ], [ 15.546253719076091, 48.449842040040487 ], [ 15.608461380366389, 48.432734933185657 ], [ 15.721990362221183, 48.406296677137284 ], [ 15.833964152543718, 48.393855144879218 ], [ 15.969265815850115, 48.39541033641148 ], [ 16.095236329962969, 48.39541033641148 ], [ 16.185437438833901, 48.400075911008251 ], [ 16.286524888430634, 48.400075911008251 ], [ 16.328515059801585, 48.365861697298584 ], [ 16.432712892462831, 48.269051024415553 ], [ 16.21498607794679, 48.11975263731884 ], [ 16.127895352140371, 48.013999613125335 ], [ 16.028363094075896, 47.796272798609294 ], [ 16.047025392462984, 47.61587058086743 ], [ 16.084349989237161, 47.423026830867506 ], [ 16.115453819882312, 47.199079250222439 ], [ 16.21498607794679, 47.006235500222516 ], [ 16.389167529559622, 46.819612516351619 ], [ 16.146557650527463, 46.489911911513047 ], [ 15.991038497301716, 46.402821185706628 ], [ 15.723545553753437, 46.265964330867973 ] ] ] ] } },
{ "type": "Feature", "properties": { "id": 18, "Nombre": "Pannonia Superior" }, "geometry": { "type": "MultiPolygon", "coordinates": [ [ [ [ 14.990272746294035, 45.406721009295751 ], [ 14.585922947907102, 45.770635827843989 ], [ 14.564150266455497, 45.829733106069774 ], [ 14.619262366379887, 45.923141797475964 ], [ 14.82454764863787, 46.084881716830736 ], [ 15.011170632508763, 46.227959337798424 ], [ 15.11070289057324, 46.327491595862902 ], [ 15.723545553753437, 46.265964330867973 ], [ 15.991038497301716, 46.402821185706628 ], [ 16.146557650527463, 46.489911911513047 ], [ 16.389167529559622, 46.819612516351619 ], [ 16.21498607794679, 47.006235500222516 ], [ 16.115453819882312, 47.199079250222439 ], [ 16.084349989237161, 47.423026830867506 ], [ 16.047025392462984, 47.61587058086743 ], [ 16.028363094075896, 47.796272798609294 ], [ 16.127895352140371, 48.013999613125335 ], [ 16.21498607794679, 48.11975263731884 ], [ 16.432712892462831, 48.269051024415553 ], [ 16.586288056273244, 48.155910840443845 ], [ 16.598729588531302, 48.155910840443845 ], [ 16.648495717563542, 48.157466031976099 ], [ 16.788462955466709, 48.17146275576642 ], [ 16.850670616757007, 48.177683521895446 ], [ 16.909767894982792, 48.179238713427708 ], [ 17.003856982684365, 48.224339267863172 ], [ 17.039626387926287, 48.20567696947608 ], [ 17.095613283087555, 48.17457313883093 ], [ 17.153155369781079, 48.126362201330956 ], [ 17.235580520990723, 48.061044156976138 ], [ 17.271349926232645, 48.026829943266478 ], [ 17.277570692361675, 47.989505346492301 ], [ 17.23247013792621, 47.928852876734254 ], [ 17.299343373813279, 47.893083471492339 ], [ 17.417537930264846, 47.844872533992358 ], [ 17.52329095445835, 47.791996021895599 ], [ 17.627488787119599, 47.751561042056906 ], [ 17.694362023006668, 47.751561042056906 ], [ 17.801670238732434, 47.760892191250456 ], [ 17.902757688329167, 47.771778531976253 ], [ 17.957189391958178, 47.737564318266593 ], [ 18.036504160103306, 47.681577423105324 ], [ 18.109598162119404, 47.616259378750513 ], [ 18.181136972603248, 47.554051717460212 ], [ 18.21690637784517, 47.51828231221829 ], [ 18.305552295183844, 47.456852246694119 ], [ 18.317993827441907, 47.264008496694196 ], [ 18.342876891958024, 47.083606278952331 ], [ 18.317993827441907, 46.990294787016886 ], [ 18.212240803248399, 46.766347206371819 ], [ 18.150033141958101, 46.666814948307341 ], [ 18.019397053248476, 46.36199740798488 ], [ 17.751904109700199, 45.858115351533471 ], [ 17.683475682280871, 45.764803859598025 ], [ 17.596384956474452, 45.59684317411422 ], [ 17.546618827442217, 45.385337125727212 ], [ 17.304008948410054, 45.211155674114373 ], [ 17.185814391958488, 45.024532690243483 ], [ 17.185814391958488, 44.887675835404828 ], [ 16.961866811313417, 44.775702045082291 ], [ 16.713036166152229, 44.800585109598408 ], [ 16.333569432281411, 44.931221198308037 ], [ 15.549324266291768, 45.210588411629075 ], [ 14.990272746294035, 45.406721009295751 ] ] ] ] } },
{ "type": "Feature", "properties": { "id": 20, "Nombre": "Pannonia Inferior" }, "geometry": { "type": "MultiPolygon", "coordinates": [ [ [ [ 19.869621988875441, 45.274642913354441 ], [ 19.882380906245153, 45.272069590991443 ], [ 19.90847237901113, 45.266807250276571 ], [ 19.930338648509792, 45.254312239134478 ], [ 20.023650140445238, 45.201435727037726 ], [ 20.138734313832288, 45.173442279457092 ], [ 20.213383507380648, 45.154779981070007 ], [ 20.250708104154825, 45.105013852037764 ], [ 20.303584616251577, 45.045916573811986 ], [ 20.322246914638669, 45.011702360102319 ], [ 20.312915765445123, 44.986819295586201 ], [ 20.334688446896727, 44.930832400424933 ], [ 20.38134419286445, 44.862403973005605 ], [ 20.434220704961202, 44.831300142360455 ], [ 20.41866878963863, 44.793975545586278 ], [ 20.303584616251577, 44.716215968973408 ], [ 20.213383507380648, 44.700664053650833 ], [ 20.129403164638745, 44.675780989134715 ], [ 20.045422821896842, 44.632235626231505 ], [ 19.917897116251734, 44.58246949719927 ], [ 19.581198149517995, 44.529592985102511 ], [ 19.282601375324568, 44.526482602038001 ], [ 18.900024258389237, 44.532703368167027 ], [ 18.281058028550778, 44.610462944779897 ], [ 17.93891589145414, 44.635346009296022 ], [ 17.693195629357465, 44.663339456876656 ], [ 17.472358431776907, 44.682001755263741 ], [ 17.24530046806732, 44.703774436715349 ], [ 16.961866811313417, 44.775702045082291 ], [ 17.185814391958488, 44.887675835404828 ], [ 17.185814391958488, 45.024532690243483 ], [ 17.304008948410054, 45.211155674114373 ], [ 17.546618827442217, 45.385337125727212 ], [ 17.596384956474452, 45.59684317411422 ], [ 17.683475682280871, 45.764803859598025 ], [ 17.751904109700199, 45.858115351533471 ], [ 18.019397053248476, 46.36199740798488 ], [ 18.150033141958101, 46.666814948307341 ], [ 18.212240803248399, 46.766347206371819 ], [ 18.317993827441907, 46.990294787016886 ], [ 18.342876891958024, 47.083606278952331 ], [ 18.317993827441907, 47.264008496694196 ], [ 18.305552295183844, 47.456852246694119 ], [ 18.21690637784517, 47.51828231221829 ], [ 18.181136972603248, 47.554051717460212 ], [ 18.109598162119404, 47.616259378750513 ], [ 18.036504160103306, 47.681577423105324 ], [ 17.957189391958178, 47.737564318266593 ], [ 17.902757688329167, 47.771778531976253 ], [ 18.083743102895614, 47.788302442006461 ], [ 18.101627805516575, 47.789080037772585 ], [ 18.282030023258439, 47.779748888579043 ], [ 18.378451898258401, 47.779748888579043 ], [ 18.475068172199894, 47.782081675877428 ], [ 18.530277471595031, 47.789080037772585 ], [ 18.595595515949846, 47.807742336159677 ], [ 18.685019029054647, 47.841956549869337 ], [ 18.709902093570768, 47.862951635554815 ], [ 18.808267957986047, 47.863729231320946 ], [ 18.914020982179554, 47.832625400675795 ], [ 18.952900770485989, 47.832625400675795 ], [ 19.00111170798597, 47.83418059220805 ], [ 19.057098603147239, 47.857508465191913 ], [ 19.077316093066585, 47.824849443014507 ], [ 19.072650518469814, 47.737758717208088 ], [ 19.05554341161498, 47.620341756522656 ], [ 19.004222091050487, 47.545692562974295 ], [ 18.998001324921457, 47.485040093216256 ], [ 18.985559792663395, 47.432163581119504 ], [ 18.948235195889218, 47.365290345232431 ], [ 18.898469066856979, 47.276644427893757 ], [ 18.896913875324721, 47.25642693797441 ], [ 18.901579449921496, 47.177112169829286 ], [ 18.906245024518267, 47.161560254506711 ], [ 18.932683280566643, 47.100907784748671 ], [ 18.951345578953735, 47.063583187974494 ], [ 18.956011153550506, 47.029368974264827 ], [ 18.88602753459892, 46.919727971240668 ], [ 18.895358683792466, 46.862185884547145 ], [ 18.917131365244071, 46.801533414789105 ], [ 18.973118260405336, 46.734660178902033 ], [ 18.957566345082764, 46.674007709143993 ], [ 18.903134641453754, 46.628907154708529 ], [ 18.847147746292485, 46.594692940998868 ], [ 18.867365236211832, 46.566699493418234 ], [ 18.884472343066662, 46.499826257531161 ], [ 18.88602753459892, 46.445394553902155 ], [ 18.86892042774409, 46.33886393394252 ], [ 18.844037363227969, 46.264214740394159 ], [ 18.811378341050563, 46.183344780716773 ], [ 18.774053744276383, 46.139799417813563 ], [ 18.71029089145383, 46.079146948055524 ], [ 18.71029089145383, 45.999832179910399 ], [ 18.750725871292524, 45.962507583136215 ], [ 18.806712766453792, 45.922072603297522 ], [ 18.876696385405374, 45.875416857329803 ], [ 18.906245024518267, 45.806988429910476 ], [ 18.918686556776326, 45.741670385555658 ], [ 18.920241748308584, 45.6561348512815 ], [ 18.940848036110996, 45.600147956120232 ], [ 18.973507058288401, 45.571376912773474 ], [ 19.061375379860948, 45.551159422854127 ], [ 19.078482486715782, 45.53405231599929 ], [ 19.041157889941601, 45.517722804910591 ], [ 19.00616608046581, 45.495172527692858 ], [ 18.957177547199699, 45.460958313983191 ], [ 19.102782354407303, 45.325851049618322 ], [ 19.118334269729878, 45.314187113126394 ], [ 19.242749592310471, 45.263643388328028 ], [ 19.27540861448788, 45.257422622198995 ], [ 19.48166589145352, 45.232539557682877 ], [ 19.532209616251887, 45.236427536513524 ], [ 19.590529298711541, 45.244981089940936 ], [ 19.672176854155058, 45.249646664537707 ], [ 19.719610195888908, 45.234872344981262 ], [ 19.869621988875441, 45.274642913354441 ] ] ] ] } },
{ "type": "Feature", "properties": { "id": 21, "Nombre": "Moesia Superior" }, "geometry": { "type": "MultiPolygon", "coordinates": [ [ [ [ 20.174698118015741, 41.987632425627723 ], [ 20.051060391201275, 42.000073957885782 ], [ 19.95463851620131, 41.982189255264828 ], [ 19.988852729910974, 42.087942279458339 ], [ 20.010625411362579, 42.262123731071171 ], [ 20.072833072652877, 42.542058206877513 ], [ 20.103936903298024, 42.787778468974189 ], [ 20.159923798459292, 43.049050646393432 ], [ 20.19102762910444, 43.176576352038545 ], [ 20.151370245031874, 43.579759756776291 ], [ 20.176253309547992, 43.736834101534292 ], [ 20.193360416402825, 43.88768768016326 ], [ 20.244681736967319, 44.125631984598648 ], [ 20.280451142209241, 44.334416447804209 ], [ 20.26956480148344, 44.402844875223536 ], [ 20.263344035354407, 44.463497344981576 ], [ 20.303584616251577, 44.716215968973408 ], [ 20.41866878963863, 44.793975545586278 ], [ 20.434220704961202, 44.831300142360455 ], [ 20.592655842309927, 44.863181568771729 ], [ 20.626870056019591, 44.765204502239506 ], [ 20.717071164890523, 44.687444925626636 ], [ 20.818158614487256, 44.657896286513747 ], [ 20.85237282819692, 44.668782627239551 ], [ 20.934797979406564, 44.707662415545983 ], [ 21.014112747551692, 44.730990288529846 ], [ 21.07632040884199, 44.727879905465329 ], [ 21.267997765192721, 44.825856971997553 ], [ 21.32398466035399, 44.838298504255611 ], [ 21.367530023257196, 44.833632929658833 ], [ 21.417296152289435, 44.779201226029826 ], [ 21.445289599870069, 44.779201226029826 ], [ 21.496610920434566, 44.790087566755631 ], [ 21.591866401785332, 44.765204502239506 ], [ 21.621415040898224, 44.713883181675016 ], [ 21.683622702188522, 44.679668967965348 ], [ 21.773823811059454, 44.665672244175035 ], [ 21.892018367511017, 44.645454754255688 ], [ 21.997771391704525, 44.617461306675054 ], [ 22.021099264688388, 44.586357476029903 ], [ 22.078641351381911, 44.521039431675092 ], [ 22.112855565091575, 44.513263474013804 ], [ 22.18905995017219, 44.550588070787981 ], [ 22.274595484446348, 44.605019774416995 ], [ 22.322806421946328, 44.656341094981485 ], [ 22.361686210252767, 44.693665691755669 ], [ 22.439834584748702, 44.732934277945169 ], [ 22.516038969829317, 44.68938891504196 ], [ 22.601574504103475, 44.648953935203266 ], [ 22.670002931522802, 44.614739721493599 ], [ 22.741541742006646, 44.569639167058135 ], [ 22.739986550474388, 44.536980144880729 ], [ 22.683999655313119, 44.501210739638807 ], [ 22.648230250071197, 44.512097080364612 ], [ 22.589132971845416, 44.532314570283958 ], [ 22.540922034345435, 44.516762654961383 ], [ 22.523814927490605, 44.485658824316232 ], [ 22.470938415393849, 44.462330951332376 ], [ 22.491155905313196, 44.452999802138827 ], [ 22.558029141200269, 44.39856809850982 ], [ 22.642009483942168, 44.320808521896943 ], [ 22.691775612974407, 44.288149499719538 ], [ 22.688665229909894, 44.233717796090531 ], [ 22.705772336764724, 44.213500306171184 ], [ 22.970543695131553, 44.123687995183317 ], [ 23.023420207228305, 44.092584164538167 ], [ 23.031196164889593, 44.056814759296245 ], [ 22.993871568115416, 44.017934970989806 ], [ 22.93632948142189, 43.972834416554342 ], [ 22.857014713276762, 43.909071563731786 ], [ 22.880342586260621, 43.87641254155438 ], [ 22.926998332228344, 43.856195051635034 ], [ 23.000092334244446, 43.840643136312458 ], [ 23.08873825158312, 43.84219832784472 ], [ 23.206932808034683, 43.843753519376975 ], [ 23.306465066099161, 43.848419093973746 ], [ 23.387335025776547, 43.848419093973746 ], [ 23.449542687066845, 43.835977561715687 ], [ 23.438267548457979, 43.803318539538282 ], [ 23.422715633135404, 43.762883559699588 ], [ 23.335624907328988, 43.635357854054483 ], [ 23.260975713780631, 43.380306442764258 ], [ 23.074352729909737, 43.184352309699825 ], [ 22.931275108942053, 42.876424386312848 ], [ 22.781976721845339, 42.755119446796769 ], [ 22.629567951684109, 42.63381450728069 ], [ 22.392401243014849, 42.37331992562757 ], [ 22.348855880111643, 42.320443413530818 ], [ 22.246213238982648, 42.211580006272797 ], [ 22.118687533337539, 42.077833534498652 ], [ 22.081362936563362, 41.993853191756756 ], [ 21.708116968821574, 41.86010671998261 ], [ 21.490390154305533, 41.816561357079408 ], [ 21.325539851886244, 41.822782123208434 ], [ 21.086040355918598, 41.847665187724552 ], [ 20.852761626079982, 41.90365208288582 ], [ 20.622593279305882, 41.928535147401938 ], [ 20.426639146241445, 41.953418211918063 ], [ 20.314665355918908, 41.987632425627723 ], [ 20.174698118015741, 41.987632425627723 ] ] ] ] } },
{ "type": "Feature", "properties": { "id": 22, "Nombre": "Dacia" }, "geometry": { "type": "MultiPolygon", "coordinates": [ [ [ [ 20.96939641703371, 46.09661904251098 ], [ 21.621345118342195, 46.09661904251098 ], [ 22.005936147248867, 46.008580132279334 ], [ 22.360519816603563, 45.977476301634184 ], [ 22.802194211764675, 45.940151704860007 ], [ 22.858334523888974, 46.086116516383186 ], [ 22.913249739280236, 46.085539108441928 ], [ 22.984865387994578, 46.385473921776217 ], [ 22.800710862729119, 46.743073286960708 ], [ 22.746919719194093, 46.987062513610802 ], [ 23.121008475877453, 47.240291825827228 ], [ 23.357397588780582, 47.308720253246555 ], [ 23.501534513392944, 47.344754484399644 ], [ 24.120484960464918, 47.374582424696257 ], [ 24.9338341137207, 47.057904584228197 ], [ 25.547682531272233, 46.91150582615456 ], [ 26.008068844435879, 46.575158737100537 ], [ 26.417301122803568, 46.008040967280635 ], [ 26.611686455028224, 45.28252600298876 ], [ 26.575282369349225, 45.123295374897978 ], [ 26.517546782327699, 45.095682702844208 ], [ 26.299819967811658, 45.101903468973241 ], [ 26.032327024263381, 45.1143450012313 ], [ 25.920353233940844, 44.965046614134586 ], [ 25.802158677489277, 44.940163549618468 ], [ 25.615535693618384, 44.983708912521671 ], [ 25.410250411360401, 45.108124235102267 ], [ 25.099212104908915, 45.151669598005476 ], [ 24.943692951683172, 45.02725427542488 ], [ 24.900147588779962, 44.759761331876604 ], [ 24.788173798457429, 44.510930686715412 ], [ 24.794394564586458, 44.293203872199371 ], [ 24.925030653296083, 44.162567783489749 ], [ 25.018342145231529, 44.044373227038179 ], [ 25.043225209747646, 43.951061735102734 ], [ 24.993459080715407, 43.863971009296314 ], [ 25.071996253094419, 43.726336558691557 ], [ 24.720522966804236, 43.729446941756073 ], [ 24.602328410352669, 43.769881921594767 ], [ 24.462361172449501, 43.760550772401217 ], [ 24.319283551481817, 43.713895026433498 ], [ 24.151322865998011, 43.704563877239949 ], [ 24.039349075675478, 43.732557324820583 ], [ 23.921154519223911, 43.754330006272191 ], [ 23.787408047449766, 43.802540943772165 ], [ 23.449542687066845, 43.835977561715687 ], [ 23.387335025776547, 43.848419093973746 ], [ 23.306465066099161, 43.848419093973746 ], [ 23.206932808034683, 43.843753519376975 ], [ 23.08873825158312, 43.84219832784472 ], [ 23.000092334244446, 43.840643136312458 ], [ 22.926998332228344, 43.856195051635034 ], [ 22.880342586260621, 43.87641254155438 ], [ 22.857014713276762, 43.909071563731786 ], [ 22.93632948142189, 43.972834416554342 ], [ 22.993871568115416, 44.017934970989806 ], [ 23.031196164889593, 44.056814759296245 ], [ 23.023420207228305, 44.092584164538167 ], [ 22.970543695131553, 44.123687995183317 ], [ 22.705772336764724, 44.213500306171184 ], [ 22.688665229909894, 44.233717796090531 ], [ 22.691775612974407, 44.288149499719538 ], [ 22.642009483942168, 44.320808521896943 ], [ 22.558029141200269, 44.39856809850982 ], [ 22.491155905313196, 44.452999802138827 ], [ 22.470938415393849, 44.462330951332376 ], [ 22.523814927490605, 44.485658824316232 ], [ 22.540922034345435, 44.516762654961383 ], [ 22.589132971845416, 44.532314570283958 ], [ 22.648230250071197, 44.512097080364612 ], [ 22.683999655313119, 44.501210739638807 ], [ 22.739986550474388, 44.536980144880729 ], [ 22.741541742006646, 44.569639167058135 ], [ 22.670002931522802, 44.614739721493599 ], [ 22.601574504103475, 44.648953935203266 ], [ 22.516038969829317, 44.68938891504196 ], [ 22.439834584748702, 44.732934277945169 ], [ 22.361686210252767, 44.693665691755669 ], [ 22.322806421946328, 44.656341094981485 ], [ 22.274595484446348, 44.605019774416995 ], [ 22.18905995017219, 44.550588070787981 ], [ 22.112855565091575, 44.513263474013804 ], [ 22.078641351381911, 44.521039431675092 ], [ 22.021099264688388, 44.586357476029903 ], [ 21.997771391704525, 44.617461306675054 ], [ 21.892018367511017, 44.645454754255688 ], [ 21.773823811059454, 44.665672244175035 ], [ 21.683622702188522, 44.679668967965348 ], [ 21.621415040898224, 44.713883181675016 ], [ 21.591866401785332, 44.765204502239506 ], [ 21.496610920434566, 44.790087566755631 ], [ 21.445289599870069, 44.779201226029826 ], [ 21.417296152289435, 44.779201226029826 ], [ 21.367530023257196, 44.833632929658833 ], [ 21.32398466035399, 44.838298504255611 ], [ 21.267997765192721, 44.825856971997553 ], [ 21.07632040884199, 44.727879905465329 ], [ 21.014112747551692, 44.730990288529846 ], [ 20.934797979406564, 44.707662415545983 ], [ 20.85237282819692, 44.668782627239551 ], [ 20.818158614487256, 44.657896286513747 ], [ 20.717071164890523, 44.687444925626636 ], [ 20.626870056019591, 44.765204502239506 ], [ 20.592655842309927, 44.863181568771729 ], [ 20.698020068620362, 44.936275570787821 ], [ 20.825545774265471, 45.085573957884534 ], [ 20.842652881120301, 45.566905737118219 ], [ 20.817769816604184, 45.678879527440756 ], [ 20.811549050475151, 45.840619446795529 ], [ 20.643588364991349, 46.064567027440603 ], [ 20.649809131120378, 46.145436987117989 ], [ 20.793815509457385, 46.141436809941958 ], [ 20.96939641703371, 46.09661904251098 ] ] ] ] } },
{ "type": "Feature", "properties": { "id": 26, "Nombre": "Macedonia" }, "geometry": { "type": "MultiPolygon", "coordinates": [ [ [ [ 24.643608093261719, 40.570831298828125 ], [ 24.640830993652344, 40.577079772949219 ], [ 24.601665496826172, 40.610275268554688 ], [ 24.591110229492188, 40.616661071777344 ], [ 24.572359085083008, 40.624717712402344 ], [ 24.53166389465332, 40.621109008789062 ], [ 24.512777328491211, 40.638469696044922 ], [ 24.509441375732422, 40.658050537109375 ], [ 24.521663665771484, 40.692771911621094 ], [ 24.533607482910156, 40.714164733886719 ], [ 24.54083251953125, 40.723884582519531 ], [ 24.5655517578125, 40.75054931640625 ], [ 24.598749160766602, 40.777912139892578 ], [ 24.621387481689453, 40.789993286132812 ], [ 24.643192291259766, 40.797218322753906 ], [ 24.654720306396484, 40.79638671875 ], [ 24.696662902832031, 40.780548095703125 ], [ 24.733329772949219, 40.765548706054688 ], [ 24.761386871337891, 40.749160766601562 ], [ 24.763885498046875, 40.731941223144531 ], [ 24.773330688476562, 40.631660461425781 ], [ 24.766387939453125, 40.611381530761719 ], [ 24.671108245849609, 40.578887939453125 ], [ 24.643608093261719, 40.570831298828125 ] ] ], [ [ [ 24.507774353027344, 40.954994201660156 ], [ 24.431110382080078, 40.944160461425781 ], [ 24.394302368164062, 40.935554504394531 ], [ 24.33721923828125, 40.895271301269531 ], [ 24.317358016967773, 40.87652587890625 ], [ 24.313608169555664, 40.838607788085938 ], [ 24.152915954589844, 40.740966796875 ], [ 24.090414047241211, 40.717636108398438 ], [ 24.060274124145508, 40.716941833496094 ], [ 23.991804122924805, 40.729026794433594 ], [ 23.966110229492188, 40.737495422363281 ], [ 23.912082672119141, 40.756942749023438 ], [ 23.886665344238281, 40.775276184082031 ], [ 23.841386795043945, 40.786800384521484 ], [ 23.722011566162109, 40.744647979736328 ], [ 23.696388244628906, 40.712776184082031 ], [ 23.689373016357422, 40.679439544677734 ], [ 23.794998168945312, 40.583053588867188 ], [ 23.820831298828125, 40.499717712402344 ], [ 23.827011108398438, 40.461315155029297 ], [ 23.858608245849609, 40.421943664550781 ], [ 23.88298225402832, 40.400272369384766 ], [ 23.922775268554688, 40.384162902832031 ], [ 23.961109161376953, 40.378608703613281 ], [ 24.003887176513672, 40.3851318359375 ], [ 24.175554275512695, 40.349857330322266 ], [ 24.239580154418945, 40.312911987304688 ], [ 24.381526947021484, 40.182079315185547 ], [ 24.394094467163086, 40.148017883300781 ], [ 24.309719085693359, 40.119373321533203 ], [ 24.292844772338867, 40.131381988525391 ], [ 24.284721374511719, 40.154441833496094 ], [ 24.162498474121094, 40.278537750244141 ], [ 24.119026184082031, 40.289993286132812 ], [ 24.095554351806641, 40.287773132324219 ], [ 24.049442291259766, 40.292915344238281 ], [ 24.029720306396484, 40.300277709960938 ], [ 23.997638702392578, 40.315273284912109 ], [ 23.96735954284668, 40.332912445068359 ], [ 23.952081680297852, 40.348884582519531 ], [ 23.930553436279297, 40.361244201660156 ], [ 23.90777587890625, 40.367218017578125 ], [ 23.841388702392578, 40.372219085693359 ], [ 23.729721069335938, 40.351249694824219 ], [ 23.699234008789062, 40.320968627929688 ], [ 23.691108703613281, 40.297775268554688 ], [ 23.702081680297852, 40.268466949462891 ], [ 23.724720001220703, 40.240829467773438 ], [ 23.78742790222168, 40.192218780517578 ], [ 23.879997253417969, 40.173881530761719 ], [ 23.908054351806641, 40.163471221923828 ], [ 23.974441528320312, 40.129165649414062 ], [ 23.990970611572266, 40.112495422363281 ], [ 24.014371871948242, 40.013954162597656 ], [ 23.98853874206543, 39.952632904052734 ], [ 23.942218780517578, 39.943328857421875 ], [ 23.932220458984375, 39.94305419921875 ], [ 23.899997711181641, 39.968048095703125 ], [ 23.826942443847656, 40.025550842285156 ], [ 23.790552139282227, 40.088260650634766 ], [ 23.762496948242188, 40.124717712402344 ], [ 23.725555419921875, 40.168052673339844 ], [ 23.703052520751953, 40.191665649414062 ], [ 23.671108245849609, 40.218330383300781 ], [ 23.645969390869141, 40.230831146240234 ], [ 23.401039123535156, 40.279857635498047 ], [ 23.376663208007812, 40.265548706054688 ], [ 23.353610992431641, 40.245277404785156 ], [ 23.332151412963867, 40.2099609375 ], [ 23.368053436279297, 40.143882751464844 ], [ 23.479721069335938, 40.045272827148438 ], [ 23.504858016967773, 40.028884887695312 ], [ 23.604305267333984, 39.997077941894531 ], [ 23.675552368164062, 39.971382141113281 ], [ 23.746664047241211, 39.925273895263672 ], [ 23.718471527099609, 39.913887023925781 ], [ 23.643608093261719, 39.916107177734375 ], [ 23.604026794433594, 39.920692443847656 ], [ 23.436943054199219, 39.971107482910156 ], [ 23.379444122314453, 39.992774963378906 ], [ 23.322498321533203, 40.123050689697266 ], [ 23.324026107788086, 40.182079315185547 ], [ 23.31291389465332, 40.218257904052734 ], [ 23.294582366943359, 40.235832214355469 ], [ 23.263051986694336, 40.248886108398438 ], [ 23.177497863769531, 40.273048400878906 ], [ 23.110832214355469, 40.299163818359375 ], [ 22.899440765380859, 40.396659851074219 ], [ 22.843608856201172, 40.474998474121094 ], [ 22.868747711181641, 40.503330230712891 ], [ 22.888885498046875, 40.503883361816406 ], [ 22.922222137451172, 40.512496948242188 ], [ 22.946662902832031, 40.519721984863281 ], [ 22.977046966552734, 40.549160003662109 ], [ 22.944927215576172, 40.626522064208984 ], [ 22.901454925537109, 40.644439697265625 ], [ 22.863262176513672, 40.629024505615234 ], [ 22.856664657592773, 40.594856262207031 ], [ 22.81513786315918, 40.568744659423828 ], [ 22.704441070556641, 40.518325805664062 ], [ 22.652774810791016, 40.510276794433594 ], [ 22.585206985473633, 40.464996337890625 ], [ 22.616109848022461, 40.400550842285156 ], [ 22.629997253417969, 40.383049011230469 ], [ 22.608331680297852, 40.284580230712891 ], [ 22.548191070556641, 40.149368286132812 ], [ 22.568885803222656, 40.057220458984375 ], [ 22.594997406005859, 40.012214660644531 ], [ 22.615833282470703, 39.995552062988281 ], [ 22.625825881958008, 39.989170074462891 ], [ 22.702844619750977, 39.957912445068359 ], [ 22.843462232814179, 39.796756354560038 ], [ 22.840199204834217, 39.796756354560038 ], [ 22.603810091931088, 39.84963286665679 ], [ 22.277219870157023, 39.883847080366451 ], [ 22.037720374189377, 39.877626314237425 ], [ 21.708019769350802, 39.868295165043875 ], [ 21.515176019350879, 39.89628861262451 ], [ 21.322332269350955, 39.914950911011601 ], [ 21.031511452818812, 40.138898491656676 ], [ 20.950641493141426, 40.23532036665663 ], [ 20.732914678625384, 40.319300709398533 ], [ 20.62405127136736, 40.337963007785625 ], [ 20.524519013302886, 40.322411092463049 ], [ 20.319233731044903, 40.281976112624356 ], [ 20.067292702819199, 40.272644963430814 ], [ 19.877559335883792, 40.272644963430814 ], [ 19.703377884270957, 40.300638411011448 ], [ 19.504313368142004, 40.309969560204991 ], [ 19.466649972777624, 40.340343266144011 ], [ 19.479442596435547, 40.3548583984375 ], [ 19.487638473510742, 40.438743591308594 ], [ 19.453607559204102, 40.563884735107422 ], [ 19.417636871337891, 40.577217102050781 ], [ 19.393331527709961, 40.580966949462891 ], [ 19.337776184082031, 40.618606567382812 ], [ 19.307209014892578, 40.645309448242188 ], [ 19.356107711791992, 40.696174621582031 ], [ 19.404998779296875, 40.819717407226562 ], [ 19.413330078125, 40.866386413574219 ], [ 19.452419281005859, 40.883842468261719 ], [ 19.470621109008789, 40.883190155029297 ], [ 19.521663665771484, 40.909854888916016 ], [ 19.523262023925781, 40.936592102050781 ], [ 19.508607864379883, 40.972774505615234 ], [ 19.461109161376953, 41.006942749023438 ], [ 19.436214447021484, 41.021064758300781 ], [ 19.450553894042969, 41.05999755859375 ], [ 19.513748168945312, 41.254020690917969 ], [ 19.510135650634766, 41.276103973388672 ], [ 19.498607635498047, 41.29388427734375 ], [ 19.475137710571289, 41.309024810791016 ], [ 19.452220916748047, 41.309715270996094 ], [ 19.442497253417969, 41.406944274902344 ], [ 19.519996643066406, 41.569999694824219 ], [ 19.566665649414062, 41.584999084472656 ], [ 19.584720611572266, 41.605827331542969 ], [ 19.586234121135817, 41.62817630265836 ], [ 19.603165229911131, 41.630715968974656 ], [ 19.668483274265942, 41.733358610103643 ], [ 19.752463617007841, 41.808007803651996 ], [ 19.855106258136832, 41.895098529458416 ], [ 19.95463851620131, 41.982189255264828 ], [ 20.051060391201275, 42.000073957885782 ], [ 20.174698118015741, 41.987632425627723 ], [ 20.314665355918908, 41.987632425627723 ], [ 20.426639146241445, 41.953418211918063 ], [ 20.622593279305882, 41.928535147401938 ], [ 20.852761626079982, 41.90365208288582 ], [ 21.086040355918598, 41.847665187724552 ], [ 21.325539851886244, 41.822782123208434 ], [ 21.490390154305533, 41.816561357079408 ], [ 21.708116968821574, 41.86010671998261 ], [ 22.081362936563362, 41.993853191756756 ], [ 22.118687533337539, 42.077833534498652 ], [ 22.213457017334466, 42.007461117663993 ], [ 22.258557571769931, 41.973246903954326 ], [ 22.526828111084338, 41.86827147552696 ], [ 22.688568030439111, 41.821615729559241 ], [ 22.884522163503547, 41.771849600526998 ], [ 23.055593232051866, 41.750076919075397 ], [ 23.239105832858243, 41.740745769881855 ], [ 23.416397667535591, 41.709641939236704 ], [ 23.596799885277456, 41.650544661010919 ], [ 23.767870953825774, 41.588336999720624 ], [ 23.907838191728946, 41.513687806172264 ], [ 24.119344240115957, 41.40793478197876 ], [ 24.271753010277184, 41.280409076333648 ], [ 24.511580830143455, 40.954701267921109 ], [ 24.507774353027344, 40.954994201660156 ] ] ] ] } },
{ "type": "Feature", "properties": { "id": 26, "Nombre": "Mauretania Tingitana" }, "geometry": { "type": "MultiPolygon", "coordinates": [ [ [ [ -5.891587254325533, 33.099511402641184 ], [ -6.075741779590993, 33.403623077569193 ], [ -6.065510972631802, 33.79219286590169 ], [ -6.249665497897261, 33.987127180838307 ], [ -6.525897285795453, 33.987127180838307 ], [ -6.761205845856874, 33.931387006876271 ], [ -6.889766748190459, 33.931387006876271 ], [ -6.910898011879644, 33.960787025922095 ], [ -6.843055725097656, 34.018608093261719 ], [ -6.797500610351562, 34.062076568603516 ], [ -6.716389656066895, 34.19610595703125 ], [ -6.655000686645508, 34.295555114746094 ], [ -6.63972282409668, 34.318328857421875 ], [ -6.5977783203125, 34.376106262207031 ], [ -6.582500457763672, 34.391105651855469 ], [ -6.488333702087402, 34.54083251953125 ], [ -6.379167556762695, 34.721382141113281 ], [ -6.358612060546875, 34.75555419921875 ], [ -6.33416748046875, 34.800277709960938 ], [ -6.315278053283691, 34.834999084472656 ], [ -6.279444694519043, 34.906944274902344 ], [ -6.242500305175781, 35.008331298828125 ], [ -6.211667060852051, 35.093048095703125 ], [ -6.171389579772949, 35.183883666992188 ], [ -6.10472297668457, 35.333053588867188 ], [ -6.05222225189209, 35.450271606445312 ], [ -5.99666690826416, 35.579437255859375 ], [ -5.966111183166504, 35.664718627929688 ], [ -5.9375, 35.759437561035156 ], [ -5.918744087219238, 35.7906494140625 ], [ -5.848333358764648, 35.796661376953125 ], [ -5.744444847106934, 35.805549621582031 ], [ -5.595833778381348, 35.821937561035156 ], [ -5.543750762939453, 35.842494964599609 ], [ -5.50902795791626, 35.871524810791016 ], [ -5.488333702087402, 35.897216796875 ], [ -5.45555591583252, 35.914440155029297 ], [ -5.407777786254883, 35.919166564941406 ], [ -5.395557403564453, 35.916336059570312 ], [ -5.360278129577637, 35.916244506835938 ], [ -5.307649612426758, 35.885791778564453 ], [ -5.345833778381348, 35.841659545898438 ], [ -5.345000267028809, 35.829994201660156 ], [ -5.338889122009277, 35.790550231933594 ], [ -5.32972240447998, 35.737495422363281 ], [ -5.320278167724609, 35.700275421142578 ], [ -5.248958587646484, 35.574371337890625 ], [ -5.210694789886475, 35.550552368164062 ], [ -4.966389656066895, 35.366943359375 ], [ -4.916806221008301, 35.318470001220703 ], [ -4.791666984558105, 35.250831604003906 ], [ -4.730000495910645, 35.220829010009766 ], [ -4.695834159851074, 35.208885192871094 ], [ -4.601944923400879, 35.192214965820312 ], [ -4.519008636474609, 35.179977416992188 ], [ -4.420416831970215, 35.1512451171875 ], [ -4.357917308807373, 35.146110534667969 ], [ -4.317500114440918, 35.156867980957031 ], [ -4.265000820159912, 35.186664581298828 ], [ -4.215556144714355, 35.189720153808594 ], [ -4.119306087493896, 35.202632904052734 ], [ -4.092916965484619, 35.214580535888672 ], [ -4.070000171661377, 35.230136871337891 ], [ -4.020833969116211, 35.245277404785156 ], [ -3.914930820465088, 35.256107330322266 ], [ -3.902083396911621, 35.223674774169922 ], [ -3.864375114440918, 35.202980041503906 ], [ -3.8206946849823, 35.199718475341797 ], [ -3.801666736602783, 35.203048706054688 ], [ -3.755555629730225, 35.241661071777344 ], [ -3.654722452163696, 35.269580841064453 ], [ -3.584791898727417, 35.229507446289062 ], [ -3.410555839538574, 35.194999694824219 ], [ -3.386389255523682, 35.19305419921875 ], [ -3.336250305175781, 35.191383361816406 ], [ -3.306389331817627, 35.195274353027344 ], [ -3.168333530426025, 35.246940612792969 ], [ -3.070764064788818, 35.287704467773438 ], [ -3.023611545562744, 35.346107482910156 ], [ -2.986111164093018, 35.418052673339844 ], [ -2.960833549499512, 35.3619384765625 ], [ -2.946944713592529, 35.32916259765625 ], [ -2.930555820465088, 35.295555114746094 ], [ -2.914722442626953, 35.273605346679688 ], [ -2.901389122009277, 35.259162902832031 ], [ -2.902778148651123, 35.220550537109375 ], [ -2.912083625793457, 35.198329925537109 ], [ -2.905555963516235, 35.169719696044922 ], [ -2.876944780349731, 35.141803741455078 ], [ -2.834861278533936, 35.125133514404297 ], [ -2.783798694610596, 35.122379302978516 ], [ -2.794167041778564, 35.147216796875 ], [ -2.823333740234375, 35.16583251953125 ], [ -2.857500076293945, 35.199440002441406 ], [ -2.883680820465088, 35.234577178955078 ], [ -2.807778120040894, 35.184440612792969 ], [ -2.776389122009277, 35.158332824707031 ], [ -2.748889207839966, 35.139747619628906 ], [ -2.676389217376709, 35.110832214355469 ], [ -2.627222537994385, 35.098468780517578 ], [ -2.549722671508789, 35.093887329101562 ], [ -2.526111364364624, 35.096385955810547 ], [ -2.481389045715332, 35.108192443847656 ], [ -2.386746169848811, 35.11873637519691 ], [ -2.392005810276632, 35.082970820287727 ], [ -2.522641898986256, 34.939893199320039 ], [ -2.671940286082971, 34.778153279965267 ], [ -3.059182977615074, 34.574423189239532 ], [ -3.233364429227907, 34.400241737626693 ], [ -3.382662816324621, 34.157631858594534 ], [ -3.494636606647157, 33.989671173110729 ], [ -3.6501557598729, 33.74706129407857 ], [ -3.755908784066407, 33.510672181175444 ], [ -4.104271687292074, 33.380036092465815 ], [ -4.657919872775722, 33.361373794078723 ], [ -4.993841243743329, 33.224516939240075 ], [ -5.168022695356163, 33.087660084401421 ], [ -5.342204146968996, 32.913478632788582 ], [ -5.680046402227237, 32.896938008296139 ], [ -5.891587254325533, 33.099511402641184 ] ] ] ] } },
{ "type": "Feature", "properties": { "id": 26, "Nombre": "Mauretania Caesariensis" }, "geometry": { "type": "MultiPolygon", "coordinates": [ [ [ [ 4.881452473703909, 34.266369125592561 ], [ 4.523374230132181, 34.257046435012398 ], [ 3.735602094274378, 34.135943525789507 ], [ 3.234292553273958, 33.884964202960766 ], [ 2.477212838293731, 33.69952008975033 ], [ 1.443901335415313, 33.551447266801013 ], [ 0.881206952659739, 33.634707491959269 ], [ 0.482205481251241, 33.857122419667448 ], [ -0.264643426769793, 34.322326596652168 ], [ -0.520413600749599, 34.453036783857698 ], [ -1.400262999240133, 34.537170883946963 ], [ -2.351728046445014, 34.322326596652168 ], [ -2.679113869139166, 34.154563638842028 ], [ -3.01673049879251, 33.884964202960766 ], [ -3.507809232833738, 33.486743722646715 ], [ -3.523582096647857, 33.473347584401253 ], [ -3.552178693340678, 33.473347584401253 ], [ -3.755908784066407, 33.510672181175444 ], [ -3.6501557598729, 33.74706129407857 ], [ -3.494636606647157, 33.989671173110729 ], [ -3.382662816324621, 34.157631858594534 ], [ -3.233364429227907, 34.400241737626693 ], [ -3.059182977615074, 34.574423189239532 ], [ -2.671940286082971, 34.778153279965267 ], [ -2.522641898986256, 34.939893199320039 ], [ -2.392005810276632, 35.082970820287727 ], [ -2.386746169848811, 35.11873637519691 ], [ -2.386746169848811, 35.11873637519691 ], [ -2.343055725097656, 35.123603820800781 ], [ -2.258055686950684, 35.096939086914062 ], [ -2.216944694519043, 35.085830688476562 ], [ -2.209444522857666, 35.085830688476562 ], [ -2.160278081893921, 35.097423553466797 ], [ -2.117916822433472, 35.088329315185547 ], [ -2.098055839538574, 35.079441070556641 ], [ -2.065555572509766, 35.071937561035156 ], [ -2.03000020980835, 35.071937561035156 ], [ -1.979722261428833, 35.073326110839844 ], [ -1.940555572509766, 35.07916259765625 ], [ -1.896666765213013, 35.087493896484375 ], [ -1.780555725097656, 35.117218017578125 ], [ -1.746111273765564, 35.133953094482422 ], [ -1.698889017105103, 35.173606872558594 ], [ -1.556111216545105, 35.261661529541016 ], [ -1.524166822433472, 35.279441833496094 ], [ -1.471389055252075, 35.306526184082031 ], [ -1.442916750907898, 35.307914733886719 ], [ -1.416388988494873, 35.303604125976562 ], [ -1.395555734634399, 35.305137634277344 ], [ -1.369305729866028, 35.312915802001953 ], [ -1.360747814178467, 35.317787170410156 ], [ -1.352222442626953, 35.322494506835938 ], [ -1.297777891159058, 35.359992980957031 ], [ -1.274583458900452, 35.381801605224609 ], [ -1.259166717529297, 35.406661987304688 ], [ -1.24916672706604, 35.436386108398438 ], [ -1.240000009536743, 35.467216491699219 ], [ -1.224027872085571, 35.502635955810547 ], [ -1.19694447517395, 35.551109313964844 ], [ -1.168889045715332, 35.577499389648438 ], [ -1.126111268997192, 35.606666564941406 ], [ -1.03583025932312, 35.67694091796875 ], [ -1.006250023841858, 35.681243896484375 ], [ -0.902777791023254, 35.711387634277344 ], [ -0.791666746139526, 35.764999389648438 ], [ -0.697222232818604, 35.719718933105469 ], [ -0.646111190319061, 35.712635040283203 ], [ -0.618055582046509, 35.718330383300781 ], [ -0.529861092567444, 35.769718170166016 ], [ -0.511388957500458, 35.790134429931641 ], [ -0.493888914585114, 35.819999694824219 ], [ -0.477847248315811, 35.853744506835938 ], [ -0.373125046491623, 35.902774810791016 ], [ -0.340138912200928, 35.898887634277344 ], [ -0.300694435834885, 35.864128112792969 ], [ -0.29666668176651, 35.834159851074219 ], [ -0.244444459676743, 35.810829162597656 ], [ -0.144166678190231, 35.788055419921875 ], [ -0.120833337306976, 35.783607482910156 ], [ -0.114293828606606, 35.783699035644531 ], [ -0.106666676700115, 35.784023284912109 ], [ -0.052222229540348, 35.806106567382812 ], [ 0.017638888210058, 35.847770690917969 ], [ 0.04166666418314, 35.870689392089844 ], [ 0.084444433450699, 35.942497253417969 ], [ 0.117638900876045, 36.011665344238281 ], [ 0.127152770757675, 36.044925689697266 ], [ 0.204166650772095, 36.10333251953125 ], [ 0.329999983310699, 36.167495727539062 ], [ 0.537777662277222, 36.269439697265625 ], [ 0.615833282470703, 36.305831909179688 ], [ 0.677499890327454, 36.328048706054688 ], [ 0.729980230331421, 36.332603454589844 ], [ 0.736944437026978, 36.332221984863281 ], [ 0.762777745723724, 36.336246490478516 ], [ 0.839722156524658, 36.365829467773438 ], [ 0.866944432258606, 36.376663208007812 ], [ 0.914930462837219, 36.404510498046875 ], [ 0.928194344043732, 36.429164886474609 ], [ 0.947499930858612, 36.448883056640625 ], [ 1.024999856948853, 36.473884582519531 ], [ 1.182499885559082, 36.512214660644531 ], [ 1.406388759613037, 36.529716491699219 ], [ 1.496666550636292, 36.523609161376953 ], [ 1.567499876022339, 36.531387329101562 ], [ 1.613888740539551, 36.537216186523438 ], [ 1.649583220481873, 36.546802520751953 ], [ 1.691666603088379, 36.548881530761719 ], [ 1.722218990325928, 36.547218322753906 ], [ 1.742777705192566, 36.553466796875 ], [ 1.842499971389771, 36.567497253417969 ], [ 1.905972123146057, 36.570274353027344 ], [ 1.95027756690979, 36.561386108398438 ], [ 1.972499847412109, 36.560829162597656 ], [ 2.044305324554443, 36.566661834716797 ], [ 2.150694131851196, 36.587356567382812 ], [ 2.176944017410278, 36.599582672119141 ], [ 2.221110820770264, 36.611663818359375 ], [ 2.309033393859863, 36.629585266113281 ], [ 2.339166641235352, 36.635276794433594 ], [ 2.363055229187012, 36.632080078125 ], [ 2.394027471542358, 36.618328094482422 ], [ 2.402638673782349, 36.598049163818359 ], [ 2.434444427490234, 36.59027099609375 ], [ 2.474166393280029, 36.586387634277344 ], [ 2.499999761581421, 36.584300994873047 ], [ 2.572499752044678, 36.589160919189453 ], [ 2.597638607025146, 36.594024658203125 ], [ 2.626111030578613, 36.60333251953125 ], [ 2.779444217681885, 36.677215576171875 ], [ 2.816249847412109, 36.702632904052734 ], [ 2.836249828338623, 36.722080230712891 ], [ 2.900207996368408, 36.794784545898438 ], [ 2.934166431427002, 36.802497863769531 ], [ 2.963609933853149, 36.802215576171875 ], [ 2.991249799728394, 36.808326721191406 ], [ 3.030485868453979, 36.805759429931641 ], [ 3.062499761581421, 36.785133361816406 ], [ 3.089165925979614, 36.75 ], [ 3.106388568878174, 36.741943359375 ], [ 3.130694389343262, 36.738883972167969 ], [ 3.172222137451172, 36.741386413574219 ], [ 3.185553073883057, 36.742774963378906 ], [ 3.228055477142334, 36.778610229492188 ], [ 3.30722188949585, 36.783050537109375 ], [ 3.383471965789795, 36.771244049072266 ], [ 3.479166269302368, 36.768051147460938 ], [ 3.544166564941406, 36.785552978515625 ], [ 3.624999523162842, 36.810554504394531 ], [ 3.652291297912598, 36.823951721191406 ], [ 3.692708015441895, 36.849094390869141 ], [ 3.716249942779541, 36.874996185302734 ], [ 3.747916460037231, 36.88916015625 ], [ 3.81583309173584, 36.903327941894531 ], [ 3.901666402816772, 36.914718627929688 ], [ 3.928402423858643, 36.894371032714844 ], [ 3.958888530731201, 36.888607025146484 ], [ 3.997498035430908, 36.894721984863281 ], [ 4.07611083984375, 36.885551452636719 ], [ 4.106110572814941, 36.884162902832031 ], [ 4.245277404785156, 36.903327941894531 ], [ 4.294999122619629, 36.904441833496094 ], [ 4.389444351196289, 36.895271301269531 ], [ 4.557499408721924, 36.884441375732422 ], [ 4.603357315063477, 36.887908935546875 ], [ 4.635555267333984, 36.886383056640625 ], [ 4.699166297912598, 36.8861083984375 ], [ 4.724443912506104, 36.886245727539062 ], [ 4.749444007873535, 36.890689849853516 ], [ 4.788749217987061, 36.893886566162109 ], [ 4.923333168029785, 36.846939086914062 ], [ 5.100485324859619, 36.771312713623047 ], [ 5.079670429229736, 36.732620239257812 ], [ 5.091318607330322, 36.710620880126953 ], [ 5.161943912506104, 36.672355651855469 ], [ 5.194999694824219, 36.66082763671875 ], [ 5.24263858795166, 36.646732330322266 ], [ 5.299444198608398, 36.640274047851562 ], [ 5.328055381774902, 36.640274047851562 ], [ 5.424444198608398, 36.653053283691406 ], [ 5.436500549316406, 36.665321350097656 ], [ 5.462638378143311, 36.663745880126953 ], [ 5.531388282775879, 36.694164276123047 ], [ 5.54777717590332, 36.713607788085938 ], [ 5.563749313354492, 36.738609313964844 ], [ 5.588332653045654, 36.765758514404297 ], [ 5.704582691192627, 36.821941375732422 ], [ 5.742499351501465, 36.832775115966797 ], [ 5.774930000305176, 36.830585479736328 ], [ 5.815693855285645, 36.813053131103516 ], [ 5.866944313049316, 36.816383361816406 ], [ 6.0, 36.837776184082031 ], [ 6.02430534362793, 36.843467712402344 ], [ 6.089942064946021, 36.866301605082519 ], [ 6.152216467945744, 36.824785336416035 ], [ 6.307735621171489, 36.607058521899994 ], [ 6.494358605042381, 36.488863965448424 ], [ 6.506800137300441, 36.308461747706559 ], [ 6.394826346977904, 36.177825658996937 ], [ 6.102450338913506, 36.103176465448584 ], [ 5.866061226010375, 35.978761142867988 ], [ 5.592347516333066, 35.810800457384182 ], [ 5.50525679052665, 35.487320618674637 ], [ 5.430607596978293, 35.170061546094118 ], [ 5.331075338913816, 34.877685538029716 ], [ 5.362179169558965, 34.6848417880298 ], [ 5.368399935687995, 34.474890931175054 ], [ 5.323680423848967, 34.318372639738456 ], [ 4.881452473703909, 34.266369125592561 ] ] ] ] } },
{ "type": "Feature", "properties": { "id": 28, "Nombre": "Africa" }, "geometry": { "type": "MultiPolygon", "coordinates": [ [ [ [ 10.864999771118164, 33.63861083984375 ], [ 10.861388206481934, 33.684162139892578 ], [ 10.856388092041016, 33.696662902832031 ], [ 10.850276947021484, 33.704994201660156 ], [ 10.839166641235352, 33.716384887695312 ], [ 10.822498321533203, 33.729721069335938 ], [ 10.806942939758301, 33.734161376953125 ], [ 10.795555114746094, 33.73388671875 ], [ 10.778055191040039, 33.728050231933594 ], [ 10.766595840454102, 33.715690612792969 ], [ 10.759998321533203, 33.706108093261719 ], [ 10.740415573120117, 33.706523895263672 ], [ 10.730277061462402, 33.711246490478516 ], [ 10.719165802001953, 33.730827331542969 ], [ 10.714165687561035, 33.743610382080078 ], [ 10.714443206787109, 33.760276794433594 ], [ 10.727360725402832, 33.883190155029297 ], [ 10.735137939453125, 33.890415191650391 ], [ 10.765275955200195, 33.895553588867188 ], [ 10.796388626098633, 33.896110534667969 ], [ 10.912221908569336, 33.8780517578125 ], [ 10.968332290649414, 33.857498168945312 ], [ 11.043054580688477, 33.816665649414062 ], [ 11.052637100219727, 33.807632446289062 ], [ 11.054998397827148, 33.793605804443359 ], [ 11.049165725708008, 33.785270690917969 ], [ 11.007777214050293, 33.754997253417969 ], [ 10.993610382080078, 33.75 ], [ 10.937776565551758, 33.72332763671875 ], [ 10.882776260375977, 33.673049926757812 ], [ 10.872220993041992, 33.654159545898438 ], [ 10.864999771118164, 33.63861083984375 ] ] ], [ [ [ 11.128887176513672, 34.668609619140625 ], [ 11.117220878601074, 34.674575805664062 ], [ 11.122220993041992, 34.700412750244141 ], [ 11.13055419921875, 34.710830688476562 ], [ 11.237984657287598, 34.822841644287109 ], [ 11.269721984863281, 34.81805419921875 ], [ 11.287776947021484, 34.811943054199219 ], [ 11.302221298217773, 34.803329467773438 ], [ 11.282360076904297, 34.742774963378906 ], [ 11.257221221923828, 34.731941223144531 ], [ 11.221942901611328, 34.720550537109375 ], [ 11.192499160766602, 34.711105346679688 ], [ 11.177221298217773, 34.703605651855469 ], [ 11.139443397521973, 34.67694091796875 ], [ 11.128887176513672, 34.668609619140625 ] ] ], [ [ [ 18.399652778027068, 29.012019813028687 ], [ 17.536960682224727, 29.100749779543133 ], [ 16.166032549692964, 29.330519994223575 ], [ 14.738691395715165, 29.953686668726554 ], [ 14.534698826813347, 30.157679237628372 ], [ 14.124128262297383, 30.282094560208968 ], [ 13.589142375200824, 30.456276011821799 ], [ 12.909513050010748, 30.551662583778302 ], [ 12.349941553914258, 30.854702554900257 ], [ 11.725862329403533, 31.214635760931593 ], [ 10.764166475239456, 31.793345824054487 ], [ 10.467473073422882, 32.020368518130219 ], [ 10.088933215932768, 32.439540865320609 ], [ 9.6490085166875, 32.970806285019378 ], [ 9.10677574785031, 33.329803521842678 ], [ 8.738466697319391, 33.736577408615055 ], [ 8.093925858890277, 34.201131566363948 ], [ 8.032541017135125, 34.201131566363948 ], [ 7.439154213501975, 34.294343287442757 ], [ 7.142460811685399, 34.499767659911427 ], [ 6.866229023787208, 34.499767659911427 ], [ 5.323680423848967, 34.318372639738456 ], [ 5.368399935687995, 34.474890931175054 ], [ 5.362179169558965, 34.6848417880298 ], [ 5.331075338913816, 34.877685538029716 ], [ 5.430607596978293, 35.170061546094118 ], [ 5.50525679052665, 35.487320618674637 ], [ 5.592347516333066, 35.810800457384182 ], [ 5.866061226010375, 35.978761142867988 ], [ 6.102450338913506, 36.103176465448584 ], [ 6.394826346977904, 36.177825658996937 ], [ 6.506800137300441, 36.308461747706559 ], [ 6.494358605042381, 36.488863965448424 ], [ 6.307735621171489, 36.607058521899994 ], [ 6.152216467945744, 36.824785336416035 ], [ 6.089942064946021, 36.866301605082519 ], [ 6.164443969726562, 36.892219543457031 ], [ 6.233332633972168, 36.913604736328125 ], [ 6.242221832275391, 36.92041015625 ], [ 6.263888359069824, 36.948745727539062 ], [ 6.253749370574951, 36.974514007568359 ], [ 6.270555019378662, 37.020275115966797 ], [ 6.366943836212158, 37.081802368164062 ], [ 6.398332595825195, 37.086387634277344 ], [ 6.47166633605957, 37.089859008789062 ], [ 6.503888130187988, 37.078327178955078 ], [ 6.522360801696777, 37.065830230712891 ], [ 6.541943550109863, 37.044998168945312 ], [ 6.572360515594482, 37.005413055419922 ], [ 6.582152366638184, 36.983814239501953 ], [ 6.920415878295898, 36.884300231933594 ], [ 6.956388473510742, 36.884162902832031 ], [ 7.141388416290283, 36.911663055419922 ], [ 7.170555114746094, 36.919998168945312 ], [ 7.225138664245605, 36.957633972167969 ], [ 7.250416278839111, 36.984439849853516 ], [ 7.258055210113525, 37.006523132324219 ], [ 7.24888801574707, 37.027496337890625 ], [ 7.22041654586792, 37.041942596435547 ], [ 7.203055381774902, 37.054718017578125 ], [ 7.189652442932129, 37.078815460205078 ], [ 7.229722023010254, 37.086387634277344 ], [ 7.253749847412109, 37.07666015625 ], [ 7.269993782043457, 37.067775726318359 ], [ 7.292499542236328, 37.077220916748047 ], [ 7.463610649108887, 37.042495727539062 ], [ 7.553888320922852, 37.004997253417969 ], [ 7.573332786560059, 36.993331909179688 ], [ 7.593610763549805, 36.982498168945312 ], [ 7.614721775054932, 36.975692749023438 ], [ 7.729722023010254, 36.966384887695312 ], [ 7.761388301849365, 36.965969085693359 ], [ 7.772499084472656, 36.927772521972656 ], [ 7.773053169250488, 36.879718780517578 ], [ 7.784721851348877, 36.872219085693359 ], [ 7.816388607025146, 36.860271453857422 ], [ 7.876666069030762, 36.847496032714844 ], [ 7.932221412658691, 36.844444274902344 ], [ 7.954721927642822, 36.846660614013672 ], [ 8.051387786865234, 36.874717712402344 ], [ 8.160276412963867, 36.921943664550781 ], [ 8.225624084472656, 36.952774047851562 ], [ 8.390275955200195, 36.91888427734375 ], [ 8.545831680297852, 36.92138671875 ], [ 8.622030258178711, 36.941368103027344 ], [ 8.667221069335938, 36.953887939453125 ], [ 8.766179084777832, 36.962425231933594 ], [ 8.826943397521973, 36.979579925537109 ], [ 8.858055114746094, 36.995277404785156 ], [ 8.877777099609375, 37.006942749023438 ], [ 8.89628791809082, 37.018623352050781 ], [ 8.915554046630859, 37.030830383300781 ], [ 8.940553665161133, 37.051666259765625 ], [ 8.959444046020508, 37.070274353027344 ], [ 8.973331451416016, 37.086387634277344 ], [ 8.985553741455078, 37.110549926757812 ], [ 9.043333053588867, 37.1522216796875 ], [ 9.066110610961914, 37.16082763671875 ], [ 9.080926895141602, 37.162322998046875 ], [ 9.158332824707031, 37.187774658203125 ], [ 9.327775955200195, 37.228050231933594 ], [ 9.560276031494141, 37.301383972167969 ], [ 9.659235000610352, 37.335205078125 ], [ 9.738748550415039, 37.340412139892578 ], [ 9.858680725097656, 37.328334808349609 ], [ 9.869582176208496, 37.281387329101562 ], [ 9.849925994873047, 37.254573822021484 ], [ 9.808465957641602, 37.235538482666016 ], [ 9.777424812316895, 37.223659515380859 ], [ 9.784433364868164, 37.178855895996094 ], [ 9.808313369750977, 37.150772094726562 ], [ 9.838443756103516, 37.140743255615234 ], [ 9.860386848449707, 37.140316009521484 ], [ 9.88094425201416, 37.147407531738281 ], [ 9.902058601379395, 37.160896301269531 ], [ 9.925995826721191, 37.206008911132812 ], [ 9.858604431152344, 37.228866577148438 ], [ 9.926939010620117, 37.248046875 ], [ 10.048332214355469, 37.261524200439453 ], [ 10.194304466247559, 37.211524963378906 ], [ 10.254859924316406, 37.179580688476562 ], [ 10.212081909179688, 37.163360595703125 ], [ 10.146387100219727, 37.167911529541016 ], [ 10.132012367248535, 37.145515441894531 ], [ 10.191387176513672, 37.127494812011719 ], [ 10.211767196655273, 37.128074645996094 ], [ 10.169443130493164, 37.064022064208984 ], [ 10.172359466552734, 37.039577484130859 ], [ 10.200624465942383, 36.986869812011719 ], [ 10.332672119140625, 36.889328002929688 ], [ 10.344235420227051, 36.877147674560547 ], [ 10.286179542541504, 36.815273284912109 ], [ 10.275588989257812, 36.8385009765625 ], [ 10.202776908874512, 36.830966949462891 ], [ 10.192776679992676, 36.810829162597656 ], [ 10.196735382080078, 36.790134429931641 ], [ 10.243888854980469, 36.78582763671875 ], [ 10.25615119934082, 36.786788940429688 ], [ 10.319026947021484, 36.744579315185547 ], [ 10.336943626403809, 36.735137939453125 ], [ 10.374859809875488, 36.724578857421875 ], [ 10.407220840454102, 36.722770690917969 ], [ 10.415315628051758, 36.724037170410156 ], [ 10.43610954284668, 36.729721069335938 ], [ 10.458610534667969, 36.738609313964844 ], [ 10.484165191650391, 36.752220153808594 ], [ 10.524443626403809, 36.775619506835938 ], [ 10.547222137451172, 36.817771911621094 ], [ 10.566388130187988, 36.857357025146484 ], [ 10.599164962768555, 36.878326416015625 ], [ 10.622776031494141, 36.876388549804688 ], [ 10.654998779296875, 36.876937866210938 ], [ 10.677498817443848, 36.878883361816406 ], [ 10.713193893432617, 36.886802673339844 ], [ 10.81916618347168, 36.950828552246094 ], [ 10.868331909179688, 36.996383666992188 ], [ 10.893887519836426, 37.039371490478516 ], [ 11.039373397827148, 37.085968017578125 ], [ 11.067777633666992, 37.051383972167969 ], [ 11.10222053527832, 36.904441833496094 ], [ 11.035693168640137, 36.811386108398438 ], [ 10.980833053588867, 36.760276794433594 ], [ 10.967498779296875, 36.743606567382812 ], [ 10.897220611572266, 36.648048400878906 ], [ 10.864721298217773, 36.591941833496094 ], [ 10.836804389953613, 36.542633056640625 ], [ 10.821943283081055, 36.5030517578125 ], [ 10.812776565551758, 36.482772827148438 ], [ 10.796387672424316, 36.465343475341797 ], [ 10.740833282470703, 36.453330993652344 ], [ 10.673610687255859, 36.434165954589844 ], [ 10.572221755981445, 36.397773742675781 ], [ 10.54749870300293, 36.384162902832031 ], [ 10.530277252197266, 36.370826721191406 ], [ 10.52244758605957, 36.36285400390625 ], [ 10.512777328491211, 36.351104736328125 ], [ 10.497776985168457, 36.328189849853516 ], [ 10.480276107788086, 36.287498474121094 ], [ 10.469027519226074, 36.255134582519531 ], [ 10.45596981048584, 36.179164886474609 ], [ 10.456178665161133, 36.117355346679688 ], [ 10.47166633605957, 36.056663513183594 ], [ 10.519996643066406, 35.972221374511719 ], [ 10.604860305786133, 35.862358093261719 ], [ 10.624998092651367, 35.840827941894531 ], [ 10.685832977294922, 35.788604736328125 ], [ 10.688772201538086, 35.787040710449219 ], [ 10.739721298217773, 35.771659851074219 ], [ 10.814859390258789, 35.724441528320312 ], [ 10.827081680297852, 35.705898284912109 ], [ 10.87138843536377, 35.682079315185547 ], [ 10.907220840454102, 35.673332214355469 ], [ 10.929721832275391, 35.670829772949219 ], [ 10.973054885864258, 35.664161682128906 ], [ 11.001387596130371, 35.656387329101562 ], [ 11.027082443237305, 35.637355804443359 ], [ 11.013713836669922, 35.562721252441406 ], [ 11.029998779296875, 35.521659851074219 ], [ 11.054490089416504, 35.501735687255859 ], [ 11.01958179473877, 35.389095306396484 ], [ 11.025971412658691, 35.338607788085938 ], [ 11.050832748413086, 35.305133819580078 ], [ 11.084720611572266, 35.274993896484375 ], [ 11.100831985473633, 35.263053894042969 ], [ 11.126665115356445, 35.241943359375 ], [ 11.072498321533203, 35.170623779296875 ], [ 11.048818588256836, 35.158050537109375 ], [ 11.019513130187988, 35.1240234375 ], [ 11.014291763305664, 35.092674255371094 ], [ 11.014859199523926, 35.062149047851562 ], [ 10.909442901611328, 34.88861083984375 ], [ 10.823055267333984, 34.793609619140625 ], [ 10.731388092041016, 34.670276641845703 ], [ 10.708748817443848, 34.651382446289062 ], [ 10.680276870727539, 34.644721984863281 ], [ 10.65888786315918, 34.642494201660156 ], [ 10.632776260375977, 34.631801605224609 ], [ 10.575310707092285, 34.545795440673828 ], [ 10.496526718139648, 34.522632598876953 ], [ 10.43034553527832, 34.496246337890625 ], [ 10.39527702331543, 34.460273742675781 ], [ 10.374998092651367, 34.435829162597656 ], [ 10.336111068725586, 34.407493591308594 ], [ 10.152220726013184, 34.324783325195312 ], [ 10.116040229797363, 34.314231872558594 ], [ 10.036943435668945, 34.218048095703125 ], [ 10.021387100219727, 34.191108703613281 ], [ 10.012470245361328, 34.171134948730469 ], [ 10.007082939147949, 34.168605804443359 ], [ 10.014165878295898, 34.109718322753906 ], [ 10.0191650390625, 34.080276489257812 ], [ 10.030832290649414, 34.036384582519531 ], [ 10.039304733276367, 34.009578704833984 ], [ 10.068887710571289, 33.953048706054688 ], [ 10.079721450805664, 33.935272216796875 ], [ 10.09638786315918, 33.914443969726562 ], [ 10.166110992431641, 33.82916259765625 ], [ 10.266387939453125, 33.748603820800781 ], [ 10.314443588256836, 33.712776184082031 ], [ 10.331944465637207, 33.700271606445312 ], [ 10.356109619140625, 33.686103820800781 ], [ 10.390275955200195, 33.673049926757812 ], [ 10.457204818725586, 33.650741577148438 ], [ 10.478331565856934, 33.638675689697266 ], [ 10.530277252197266, 33.649436950683594 ], [ 10.605554580688477, 33.67138671875 ], [ 10.631387710571289, 33.683883666992188 ], [ 10.659095764160156, 33.70166015625 ], [ 10.694721221923828, 33.712493896484375 ], [ 10.715970993041992, 33.70416259765625 ], [ 10.724721908569336, 33.679580688476562 ], [ 10.717222213745117, 33.605552673339844 ], [ 10.705901145935059, 33.578605651855469 ], [ 10.67277717590332, 33.548328399658203 ], [ 10.691526412963867, 33.491802215576172 ], [ 10.751666069030762, 33.473743438720703 ], [ 10.909790992736816, 33.536243438720703 ], [ 10.929998397827148, 33.567081451416016 ], [ 10.920762062072754, 33.593467712402344 ], [ 10.901943206787109, 33.613674163818359 ], [ 10.933610916137695, 33.629997253417969 ], [ 10.979652404785156, 33.636730194091797 ], [ 11.025833129882812, 33.62554931640625 ], [ 11.055832862854004, 33.612636566162109 ], [ 11.078887939453125, 33.594161987304688 ], [ 11.091666221618652, 33.577079772949219 ], [ 11.10736083984375, 33.549720764160156 ], [ 11.114443778991699, 33.522216796875 ], [ 11.113749504089355, 33.492496490478516 ], [ 11.103654861450195, 33.460445404052734 ], [ 11.101110458374023, 33.429718017578125 ], [ 11.121109962463379, 33.285831451416016 ], [ 11.174304008483887, 33.210063934326172 ], [ 11.342777252197266, 33.182777404785156 ], [ 11.364999771118164, 33.181663513183594 ], [ 11.431595802307129, 33.189163208007812 ], [ 11.481943130493164, 33.187774658203125 ], [ 11.526081085205078, 33.171134948730469 ], [ 11.606943130493164, 33.117080688476562 ], [ 11.638054847717285, 33.101661682128906 ], [ 11.740833282470703, 33.085548400878906 ], [ 11.792498588562012, 33.083118438720703 ], [ 11.87763786315918, 33.064994812011719 ], [ 11.908054351806641, 33.050277709960938 ], [ 11.992221832275391, 33.003883361816406 ], [ 12.025554656982422, 32.983604431152344 ], [ 12.077775955200195, 32.95166015625 ], [ 12.173887252807617, 32.900550842285156 ], [ 12.27610969543457, 32.848052978515625 ], [ 12.301248550415039, 32.837776184082031 ], [ 12.343942642211914, 32.828399658203125 ], [ 12.366109848022461, 32.825553894042969 ], [ 12.517221450805664, 32.807220458984375 ], [ 12.559444427490234, 32.800827026367188 ], [ 12.741109848022461, 32.794715881347656 ], [ 12.771871566772461, 32.796630859375 ], [ 12.813888549804688, 32.7994384765625 ], [ 12.853887557983398, 32.805549621582031 ], [ 12.909027099609375, 32.815692901611328 ], [ 13.000831604003906, 32.8427734375 ], [ 13.015424728393555, 32.848457336425781 ], [ 13.091943740844727, 32.871940612792969 ], [ 13.122360229492188, 32.88360595703125 ], [ 13.140692710876465, 32.898746490478516 ], [ 13.160138130187988, 32.909580230712891 ], [ 13.206110000610352, 32.917221069335938 ], [ 13.251110076904297, 32.918888092041016 ], [ 13.334999084472656, 32.904441833496094 ], [ 13.362499237060547, 32.896247863769531 ], [ 13.467498779296875, 32.84832763671875 ], [ 13.519721984863281, 32.822219848632812 ], [ 13.543888092041016, 32.808052062988281 ], [ 13.579026222229004, 32.795551300048828 ], [ 13.612776756286621, 32.788745880126953 ], [ 13.642775535583496, 32.788055419921875 ], [ 13.722776412963867, 32.7913818359375 ], [ 13.748332023620605, 32.796524047851562 ], [ 13.775832176208496, 32.799720764160156 ], [ 13.892775535583496, 32.778327941894531 ], [ 13.912776947021484, 32.773330688476562 ], [ 13.929985046386719, 32.766029357910156 ], [ 13.952220916748047, 32.754299163818359 ], [ 13.993331909179688, 32.736663818359375 ], [ 14.018054962158203, 32.729438781738281 ], [ 14.038887023925781, 32.725830078125 ], [ 14.079442977905273, 32.723884582519531 ], [ 14.149999618530273, 32.7177734375 ], [ 14.170832633972168, 32.714160919189453 ], [ 14.200277328491211, 32.703887939453125 ], [ 14.317220687866211, 32.632495880126953 ], [ 14.414860725402832, 32.556938171386719 ], [ 14.438591003417969, 32.533050537109375 ], [ 14.448610305786133, 32.525619506835938 ], [ 14.486665725708008, 32.510551452636719 ], [ 14.545555114746094, 32.5030517578125 ], [ 14.624582290649414, 32.491104125976562 ], [ 14.654165267944336, 32.481109619140625 ], [ 14.725034713745117, 32.449302673339844 ], [ 14.790554046630859, 32.44610595703125 ], [ 14.934999465942383, 32.437217712402344 ], [ 15.128610610961914, 32.409721374511719 ], [ 15.165833473205566, 32.398605346679688 ], [ 15.189304351806641, 32.387218475341797 ], [ 15.274651527404785, 32.319026947021484 ], [ 15.369373321533203, 32.154510498046875 ], [ 15.35999870300293, 32.038055419921875 ], [ 15.354948043823242, 32.021839141845703 ], [ 15.354721069335938, 32.021110534667969 ], [ 15.351943969726562, 31.995830535888672 ], [ 15.35999870300293, 31.960275650024414 ], [ 15.378332138061523, 31.902914047241211 ], [ 15.398611068725586, 31.856941223144531 ], [ 15.488055229187012, 31.659858703613281 ], [ 15.619998931884766, 31.490137100219727 ], [ 15.688749313354492, 31.430553436279297 ], [ 15.754304885864258, 31.389720916748047 ], [ 15.863887786865234, 31.338886260986328 ], [ 15.896387100219727, 31.324718475341797 ], [ 15.976804733276367, 31.291248321533203 ], [ 16.080829620361328, 31.261943817138672 ], [ 16.115779876708984, 31.255828857421875 ], [ 16.182777404785156, 31.241386413574219 ], [ 16.224720001220703, 31.23388671875 ], [ 16.254859924316406, 31.230691909790039 ], [ 16.500274658203125, 31.218608856201172 ], [ 16.523609161376953, 31.217777252197266 ], [ 16.564720153808594, 31.221385955810547 ], [ 16.598052978515625, 31.225555419921875 ], [ 16.656108856201172, 31.227218627929688 ], [ 16.705829620361328, 31.228054046630859 ], [ 16.732219696044922, 31.224441528320312 ], [ 16.759719848632812, 31.219165802001953 ], [ 16.929580688476562, 31.183469772338867 ], [ 16.992496490478516, 31.16583251953125 ], [ 17.022220611572266, 31.155551910400391 ], [ 17.058887481689453, 31.141109466552734 ], [ 17.113330841064453, 31.126663208007812 ], [ 17.133052825927734, 31.121944427490234 ], [ 17.269996643066406, 31.094718933105469 ], [ 17.367219924926758, 31.082220077514648 ], [ 17.402637481689453, 31.066665649414062 ], [ 17.424720764160156, 31.050971984863281 ], [ 17.443470001220703, 31.035970687866211 ], [ 17.469858169555664, 31.023330688476562 ], [ 17.5, 31.016666412353516 ], [ 17.571109771728516, 31.004997253417969 ], [ 17.604164123535156, 30.996944427490234 ], [ 17.808330535888672, 30.923053741455078 ], [ 17.894163131713867, 30.867080688476562 ], [ 17.923192977905273, 30.851526260375977 ], [ 18.057220458984375, 30.814720153808594 ], [ 18.179164886474609, 30.781942367553711 ], [ 18.179271884797231, 30.781882862781728 ], [ 18.399652778027068, 29.012019813028687 ] ] ] ] } },
{ "type": "Feature", "properties": { "id": 40, "Nombre": "Britannia" }, "geometry": { "type": "MultiPolygon", "coordinates": [ [ [ [ -4.351388931274414, 53.124443054199219 ], [ -4.402222633361816, 53.125831604003906 ], [ -4.478889465332031, 53.176666259765625 ], [ -4.494444847106934, 53.189437866210938 ], [ -4.567500114440918, 53.273330688476562 ], [ -4.568056106567383, 53.389720916748047 ], [ -4.560000419616699, 53.396659851074219 ], [ -4.474722862243652, 53.418609619140625 ], [ -4.426111221313477, 53.424716949462891 ], [ -4.416111946105957, 53.424995422363281 ], [ -4.313889503479004, 53.411941528320312 ], [ -4.288055896759033, 53.405410766601562 ], [ -4.276945114135742, 53.398330688476562 ], [ -4.270000457763672, 53.38861083984375 ], [ -4.222222328186035, 53.321662902832031 ], [ -4.124583721160889, 53.311248779296875 ], [ -4.112917423248291, 53.312355041503906 ], [ -4.060000419616699, 53.305549621582031 ], [ -4.046528339385986, 53.301525115966797 ], [ -4.090000152587891, 53.254997253417969 ], [ -4.101388931274414, 53.247772216796875 ], [ -4.218055725097656, 53.200271606445312 ], [ -4.325555801391602, 53.144996643066406 ], [ -4.351388931274414, 53.124443054199219 ] ] ], [ [ [ -4.777778625488281, 54.055549621582031 ], [ -4.787153244018555, 54.061660766601562 ], [ -4.71208381652832, 54.215827941894531 ], [ -4.69888973236084, 54.219161987304688 ], [ -4.643611431121826, 54.239025115966797 ], [ -4.621528148651123, 54.25152587890625 ], [ -4.598889350891113, 54.270832061767578 ], [ -4.588055610656738, 54.283607482910156 ], [ -4.578056335449219, 54.296943664550781 ], [ -4.554028511047363, 54.33319091796875 ], [ -4.552778244018555, 54.343887329101562 ], [ -4.541389465332031, 54.356109619140625 ], [ -4.527500152587891, 54.367218017578125 ], [ -4.485000610351562, 54.387214660644531 ], [ -4.443056106567383, 54.398048400878906 ], [ -4.364167213439941, 54.416385650634766 ], [ -4.353472709655762, 54.409996032714844 ], [ -4.308681011199951, 54.296035766601562 ], [ -4.321666717529297, 54.276664733886719 ], [ -4.386111259460449, 54.195549011230469 ], [ -4.394444465637207, 54.186386108398438 ], [ -4.470556259155273, 54.137496948242188 ], [ -4.491111755371094, 54.126663208007812 ], [ -4.550556182861328, 54.097770690917969 ], [ -4.623888969421387, 54.068603515625 ], [ -4.687500476837158, 54.07763671875 ], [ -4.70472240447998, 54.079719543457031 ], [ -4.720833778381348, 54.07611083984375 ], [ -4.777778625488281, 54.055549621582031 ] ] ], [ [ [ -3.324415470516635, 56.030027089440722 ], [ -3.344027996063232, 56.023330688476562 ], [ -3.395833730697632, 56.010829925537109 ], [ -3.409444808959961, 56.012496948242188 ], [ -3.44111156463623, 56.0191650390625 ], [ -3.472906125498328, 56.027777231031912 ], [ -3.324415470516635, 56.030027089440722 ] ] ], [ [ [ -1.282500028610229, 50.578887939453125 ], [ -1.367500066757202, 50.618606567382812 ], [ -1.473055601119995, 50.66082763671875 ], [ -1.496389031410217, 50.667915344238281 ], [ -1.512222290039062, 50.66888427734375 ], [ -1.523333549499512, 50.667495727539062 ], [ -1.538055658340454, 50.663604736328125 ], [ -1.569583535194397, 50.659023284912109 ], [ -1.550833463668823, 50.675277709960938 ], [ -1.523333549499512, 50.695274353027344 ], [ -1.308888912200928, 50.771110534667969 ], [ -1.294166803359985, 50.771663665771484 ], [ -1.115972280502319, 50.736385345458984 ], [ -1.093888998031616, 50.720550537109375 ], [ -1.059722423553467, 50.687492370605469 ], [ -1.168333530426025, 50.601943969726562 ], [ -1.191389083862305, 50.593605041503906 ], [ -1.215277910232544, 50.58721923828125 ], [ -1.241666793823242, 50.582496643066406 ], [ -1.282500028610229, 50.578887939453125 ] ] ], [ [ [ 0.899166584014893, 51.357215881347656 ], [ 0.88527774810791, 51.358329772949219 ], [ 0.784305453300476, 51.3699951171875 ], [ 0.76277768611908, 51.378330230712891 ], [ 0.745277762413025, 51.394439697265625 ], [ 0.737916588783264, 51.404304504394531 ], [ 0.74055552482605, 51.429718017578125 ], [ 0.748888850212097, 51.443603515625 ], [ 0.76027774810791, 51.444717407226562 ], [ 0.791110992431641, 51.439994812011719 ], [ 0.892222166061401, 51.42138671875 ], [ 0.906527698040009, 51.417911529541016 ], [ 0.933611035346985, 51.396247863769531 ], [ 0.943888783454895, 51.384994506835938 ], [ 0.946180522441864, 51.373397827148438 ], [ 0.904722213745117, 51.358055114746094 ], [ 0.899166584014893, 51.357215881347656 ] ] ], [ [ [ -4.900224883245119, 55.80075880196393 ], [ -4.592410513537677, 55.92315512255648 ], [ -4.570278167724609, 55.921104431152344 ], [ -4.523056030273438, 55.918609619140625 ], [ -4.485417366027832, 55.923606872558594 ], [ -4.50111198425293, 55.929161071777344 ], [ -4.558538689657549, 55.936623586093859 ], [ -4.541120735712118, 55.943549492370416 ], [ -4.325067216417213, 55.962521202890905 ], [ -4.317721725094482, 55.962194736609895 ], [ -4.238025710583349, 55.970164338061011 ], [ -4.238025710583332, 55.970164338061011 ], [ -3.917041511201393, 55.998350036364833 ], [ -3.731241083370108, 56.020842800782333 ], [ -3.710932246139217, 56.022873684505427 ], [ -3.664166927337646, 56.006523132324219 ], [ -3.646111488342285, 56.004997253417969 ], [ -3.45472240447998, 55.991943359375 ], [ -3.254722595214844, 55.971664428710938 ], [ -3.088055610656738, 55.948051452636719 ], [ -3.067500114440918, 55.944442749023438 ], [ -3.053055763244629, 55.943603515625 ], [ -3.01805591583252, 55.949440002441406 ], [ -2.935000419616699, 55.969444274902344 ], [ -2.924444675445557, 55.972496032714844 ], [ -2.908333539962769, 55.979022979736328 ], [ -2.895555973052979, 55.988609313964844 ], [ -2.866180896759033, 56.028400421142578 ], [ -2.833889007568359, 56.051109313964844 ], [ -2.820278167724609, 56.056938171386719 ], [ -2.794167041778564, 56.060272216796875 ], [ -2.782222270965576, 56.061386108398438 ], [ -2.657222270965576, 56.059715270996094 ], [ -2.631111145019531, 56.054718017578125 ], [ -2.600555896759033, 56.043327331542969 ], [ -2.502222537994385, 56.002777099609375 ], [ -2.375277996063232, 55.956939697265625 ], [ -2.260278224945068, 55.918609619140625 ], [ -2.13027811050415, 55.885826110839844 ], [ -2.07972240447998, 55.867218017578125 ], [ -2.070555925369263, 55.850551605224609 ], [ -2.061111450195312, 55.839996337890625 ], [ -2.02166748046875, 55.806106567382812 ], [ -2.013611316680908, 55.794998168945312 ], [ -2.000833511352539, 55.7802734375 ], [ -1.976805567741394, 55.754161834716797 ], [ -1.851388931274414, 55.657218933105469 ], [ -1.817638993263245, 55.633052825927734 ], [ -1.805000066757202, 55.631107330322266 ], [ -1.794722318649292, 55.636940002441406 ], [ -1.746944665908813, 55.624992370605469 ], [ -1.690000057220459, 55.605552673339844 ], [ -1.635972261428833, 55.581939697265625 ], [ -1.58097231388092, 55.483608245849609 ], [ -1.574444532394409, 55.415271759033203 ], [ -1.582500100135803, 55.399993896484375 ], [ -1.59743058681488, 55.385341644287109 ], [ -1.565833568572998, 55.287216186523438 ], [ -1.520555734634399, 55.164161682128906 ], [ -1.515000104904175, 55.14971923828125 ], [ -1.482916831970215, 55.086246490478516 ], [ -1.412777900695801, 54.999443054199219 ], [ -1.381388902664185, 54.976387023925781 ], [ -1.365000009536743, 54.927772521972656 ], [ -1.345555782318115, 54.871383666992188 ], [ -1.304444551467896, 54.771385192871094 ], [ -1.297500133514404, 54.76361083984375 ], [ -1.16527795791626, 54.64971923828125 ], [ -1.061388969421387, 54.617218017578125 ], [ -1.043889045715332, 54.613052368164062 ], [ -0.87583339214325, 54.570274353027344 ], [ -0.564722299575806, 54.479995727539062 ], [ -0.51847231388092, 54.447494506835938 ], [ -0.457500040531158, 54.376937866210938 ], [ -0.436111152172089, 54.350273132324219 ], [ -0.42166668176651, 54.332221984863281 ], [ -0.393333375453949, 54.272773742675781 ], [ -0.393472254276276, 54.267498016357422 ], [ -0.381944477558136, 54.25555419921875 ], [ -0.262500047683716, 54.1744384765625 ], [ -0.200528651475906, 54.151710510253906 ], [ -0.151666671037674, 54.141387939453125 ], [ -0.116944447159767, 54.132217407226562 ], [ -0.079305559396744, 54.113399505615234 ], [ -0.112500011920929, 54.09832763671875 ], [ -0.138750016689301, 54.094856262207031 ], [ -0.161111116409302, 54.088050842285156 ], [ -0.173888891935349, 54.0816650390625 ], [ -0.2056944668293, 54.051525115966797 ], [ -0.214583337306976, 54.031246185302734 ], [ -0.215555563569069, 54.018749237060547 ], [ -0.212222248315811, 54.008331298828125 ], [ -0.169166684150696, 53.918468475341797 ], [ -0.127500027418137, 53.863883972167969 ], [ -0.112777777016163, 53.850555419921875 ], [ -0.099444448947906, 53.8397216796875 ], [ -0.053888894617558, 53.803054809570312 ], [ -0.013055557385087, 53.768608093261719 ], [ 0.062638886272907, 53.703887939453125 ], [ 0.126388877630234, 53.645271301269531 ], [ 0.141111105680466, 53.627220153808594 ], [ 0.149444431066513, 53.614715576171875 ], [ 0.153888866305351, 53.602775573730469 ], [ 0.149444431066513, 53.588470458984375 ], [ 0.142083317041397, 53.580551147460938 ], [ 0.116041652858257, 53.566799163818359 ], [ 0.123333320021629, 53.575553894042969 ], [ 0.137708321213722, 53.593605041503906 ], [ 0.130555540323257, 53.608329772949219 ], [ 0.109166651964188, 53.619163513183594 ], [ 0.089166656136513, 53.626663208007812 ], [ 0.067499995231628, 53.633331298828125 ], [ 0.044166661798954, 53.63916015625 ], [ 0.029722221195698, 53.639999389648438 ], [ 0.014027776196599, 53.639026641845703 ], [ 0.0, 53.635536193847656 ], [ -0.034722223877907, 53.62554931640625 ], [ -0.051666669547558, 53.623054504394531 ], [ -0.07513889670372, 53.622913360595703 ], [ -0.08555556833744, 53.624443054199219 ], [ -0.10583333671093, 53.631660461425781 ], [ -0.129722237586975, 53.641387939453125 ], [ -0.141944468021393, 53.648048400878906 ], [ -0.17166668176651, 53.675277709960938 ], [ -0.23138889670372, 53.721664428710938 ], [ -0.249444454908371, 53.729721069335938 ], [ -0.272500038146973, 53.735549926757812 ], [ -0.293888926506042, 53.736663818359375 ], [ -0.357277810573578, 53.730552673339844 ], [ -0.380944490432739, 53.726551055908203 ], [ -0.422611117362976, 53.717552185058594 ], [ -0.549166679382324, 53.706108093261719 ], [ -0.565000057220459, 53.711383819580078 ], [ -0.581944525241852, 53.724163055419922 ], [ -0.605833411216736, 53.729721069335938 ], [ -0.619722247123718, 53.729995727539062 ], [ -0.632222294807434, 53.729164123535156 ], [ -0.654444456100464, 53.725273132324219 ], [ -0.678750038146973, 53.717494964599609 ], [ -0.716527879238129, 53.696384429931641 ], [ -0.693055629730225, 53.686103820800781 ], [ -0.519722282886505, 53.685272216796875 ], [ -0.504888951778412, 53.686439514160156 ], [ -0.457888931035995, 53.69610595703125 ], [ -0.390222281217575, 53.707942962646484 ], [ -0.301666706800461, 53.713191986083984 ], [ -0.287777781486511, 53.708610534667969 ], [ -0.264444470405579, 53.690826416015625 ], [ -0.241567641496658, 53.668052673339844 ], [ -0.230555564165115, 53.653327941894531 ], [ -0.222777783870697, 53.644439697265625 ], [ -0.20722222328186, 53.630828857421875 ], [ -0.117222227156162, 53.581939697265625 ], [ -0.100833341479301, 53.573051452636719 ], [ 0.026944443583488, 53.509719848632812 ], [ 0.085277765989304, 53.486381530761719 ], [ 0.125694423913956, 53.474437713623047 ], [ 0.143472209572792, 53.475273132324219 ], [ 0.168611109256744, 53.459999084472656 ], [ 0.216944426298141, 53.416938781738281 ], [ 0.235555529594421, 53.399436950683594 ], [ 0.247499972581863, 53.38055419921875 ], [ 0.254999995231628, 53.367774963378906 ], [ 0.269999980926514, 53.346382141113281 ], [ 0.339583307504654, 53.234718322753906 ], [ 0.353888869285583, 53.187217712402344 ], [ 0.356388866901398, 53.176383972167969 ], [ 0.357777774333954, 53.16082763671875 ], [ 0.355416625738144, 53.144023895263672 ], [ 0.339166641235352, 53.092357635498047 ], [ 0.326666653156281, 53.08319091796875 ], [ 0.276666641235352, 53.066940307617188 ], [ 0.203888863325119, 53.028053283691406 ], [ 0.173333317041397, 53.009162902832031 ], [ 0.032222218811512, 52.917221069335938 ], [ 0.002109796507284, 52.879856109619141 ], [ 0.028055552393198, 52.880828857421875 ], [ 0.057777777314186, 52.88916015625 ], [ 0.072083331644535, 52.890968322753906 ], [ 0.086388885974884, 52.889717102050781 ], [ 0.122222207486629, 52.877494812011719 ], [ 0.147499978542328, 52.868606567382812 ], [ 0.161249980330467, 52.862495422363281 ], [ 0.173888877034187, 52.852077484130859 ], [ 0.186944425106049, 52.837776184082031 ], [ 0.217777758836746, 52.806938171386719 ], [ 0.240069434046745, 52.796173095703125 ], [ 0.363333284854889, 52.7802734375 ], [ 0.378888845443726, 52.781387329101562 ], [ 0.429027736186981, 52.824024200439453 ], [ 0.434999972581863, 52.832912445068359 ], [ 0.438333332538605, 52.845550537109375 ], [ 0.444305539131165, 52.865692138671875 ], [ 0.491388857364655, 52.934299468994141 ], [ 0.547777652740479, 52.966178894042969 ], [ 0.667222142219543, 52.976104736328125 ], [ 0.884722113609314, 52.966381072998047 ], [ 0.898611068725586, 52.957771301269531 ], [ 0.909583270549774, 52.952632904052734 ], [ 0.942222118377686, 52.950828552246094 ], [ 0.969722151756287, 52.949996948242188 ], [ 0.994722127914429, 52.95111083984375 ], [ 1.005833148956299, 52.952774047851562 ], [ 1.183888673782349, 52.938888549804688 ], [ 1.282222032546997, 52.927497863769531 ], [ 1.305833101272583, 52.921661376953125 ], [ 1.352499961853027, 52.909721374511719 ], [ 1.372777700424194, 52.902496337890625 ], [ 1.393333196640015, 52.893608093261719 ], [ 1.432222127914429, 52.874717712402344 ], [ 1.468611001968384, 52.854438781738281 ], [ 1.503611087799072, 52.837493896484375 ], [ 1.517222166061401, 52.831382751464844 ], [ 1.53083324432373, 52.825271606445312 ], [ 1.645277738571167, 52.771110534667969 ], [ 1.656944274902344, 52.76416015625 ], [ 1.675277709960938, 52.748054504394531 ], [ 1.686388731002808, 52.736663818359375 ], [ 1.702499866485596, 52.715827941894531 ], [ 1.707221984863281, 52.706108093261719 ], [ 1.721111059188843, 52.676666259765625 ], [ 1.745902538299561, 52.620204925537109 ], [ 1.748982429504395, 52.529106140136719 ], [ 1.749444246292114, 52.455825805664062 ], [ 1.73027777671814, 52.411384582519531 ], [ 1.733055353164673, 52.393051147460938 ], [ 1.726666450500488, 52.381660461425781 ], [ 1.685751438140869, 52.326301574707031 ], [ 1.629999876022339, 52.195274353027344 ], [ 1.626388669013977, 52.178050994873047 ], [ 1.587360978126526, 52.083885192871094 ], [ 1.579722166061401, 52.076385498046875 ], [ 1.390277624130249, 51.969993591308594 ], [ 1.331249833106995, 51.928745269775391 ], [ 1.317777633666992, 51.943603515625 ], [ 1.277499914169312, 51.985549926757812 ], [ 1.264722108840942, 51.99249267578125 ], [ 1.163472056388855, 52.023609161376953 ], [ 1.208333253860474, 51.950828552246094 ], [ 1.280972123146057, 51.880966186523438 ], [ 1.293263792991638, 51.874092102050781 ], [ 1.283333301544189, 51.85235595703125 ], [ 1.266110897064209, 51.839164733886719 ], [ 1.223610877990723, 51.808883666992188 ], [ 1.204027652740479, 51.798049926757812 ], [ 1.181388854980469, 51.789718627929688 ], [ 1.132222175598145, 51.776939392089844 ], [ 1.111666440963745, 51.773330688476562 ], [ 1.088333129882812, 51.770553588867188 ], [ 1.049999952316284, 51.770553588867188 ], [ 1.035694360733032, 51.774162292480469 ], [ 0.997499942779541, 51.810829162597656 ], [ 0.982777714729309, 51.825275421142578 ], [ 0.9323610663414, 51.805831909179688 ], [ 0.862111032009125, 51.773605346679688 ], [ 0.724166631698608, 51.726661682128906 ], [ 0.701111018657684, 51.718471527099609 ], [ 0.761397778987885, 51.691642761230469 ], [ 0.863055467605591, 51.711662292480469 ], [ 0.876388847827911, 51.716941833496094 ], [ 0.90256941318512, 51.734649658203125 ], [ 0.92249995470047, 51.740413665771484 ], [ 0.935694396495819, 51.736526489257812 ], [ 0.946944355964661, 51.725555419921875 ], [ 0.952499866485596, 51.609230041503906 ], [ 0.909999966621399, 51.581382751464844 ], [ 0.875277757644653, 51.561103820800781 ], [ 0.820833325386047, 51.535552978515625 ], [ 0.808055520057678, 51.529998779296875 ], [ 0.789444327354431, 51.524162292480469 ], [ 0.779166579246521, 51.521942138671875 ], [ 0.766944408416748, 51.521385192871094 ], [ 0.680555462837219, 51.532218933105469 ], [ 0.651944398880005, 51.536800384521484 ], [ 0.464999973773956, 51.5030517578125 ], [ 0.451666653156281, 51.498054504394531 ], [ 0.388935327529907, 51.448219299316406 ], [ 0.41222220659256, 51.446937561035156 ], [ 0.452152729034424, 51.455619812011719 ], [ 0.46597221493721, 51.471248626708984 ], [ 0.474999964237213, 51.480133056640625 ], [ 0.489166617393494, 51.484443664550781 ], [ 0.536110997200012, 51.488052368164062 ], [ 0.548888802528381, 51.488052368164062 ], [ 0.591944396495819, 51.487773895263672 ], [ 0.697499990463257, 51.470832824707031 ], [ 0.711944401264191, 51.465415954589844 ], [ 0.72472208738327, 51.45416259765625 ], [ 0.721597135066986, 51.440410614013672 ], [ 0.70888888835907, 51.436103820800781 ], [ 0.687499940395355, 51.435413360595703 ], [ 0.665833234786987, 51.439163208007812 ], [ 0.642361044883728, 51.440414428710938 ], [ 0.55944436788559, 51.405967712402344 ], [ 0.584027707576752, 51.38763427734375 ], [ 0.619722127914429, 51.383049011230469 ], [ 0.704166650772095, 51.377494812011719 ], [ 0.908055484294891, 51.340690612792969 ], [ 0.981388807296753, 51.345550537109375 ], [ 0.99916660785675, 51.347770690917969 ], [ 1.012222051620483, 51.351943969726562 ], [ 1.033333301544189, 51.3619384765625 ], [ 1.052777767181396, 51.367218017578125 ], [ 1.066249966621399, 51.369163513183594 ], [ 1.191944360733032, 51.378608703613281 ], [ 1.385555505752563, 51.387771606445312 ], [ 1.427499771118164, 51.331108093261719 ], [ 1.411110877990723, 51.20111083984375 ], [ 1.407638788223267, 51.183887481689453 ], [ 1.398333311080933, 51.163887023925781 ], [ 1.390277624130249, 51.154159545898438 ], [ 1.368888854980469, 51.135826110839844 ], [ 1.355833172798157, 51.127635955810547 ], [ 1.262499809265137, 51.101661682128906 ], [ 1.23194432258606, 51.100830078125 ], [ 1.220555543899536, 51.099716186523438 ], [ 1.100277662277222, 51.0736083984375 ], [ 1.086944341659546, 51.068603515625 ], [ 1.045555353164673, 51.0494384765625 ], [ 1.029999971389771, 51.04083251953125 ], [ 0.997777700424194, 51.019023895263672 ], [ 0.986111044883728, 51.007217407226562 ], [ 0.978888869285583, 50.996665954589844 ], [ 0.971249938011169, 50.981109619140625 ], [ 0.968055486679077, 50.968330383300781 ], [ 0.96999990940094, 50.945274353027344 ], [ 0.974999904632568, 50.931938171386719 ], [ 0.856666564941406, 50.925552368164062 ], [ 0.814166665077209, 50.934440612792969 ], [ 0.793333292007446, 50.936103820800781 ], [ 0.781388878822327, 50.935554504394531 ], [ 0.716388821601868, 50.904998779296875 ], [ 0.705833315849304, 50.897773742675781 ], [ 0.67888879776001, 50.876804351806641 ], [ 0.662222146987915, 50.869438171386719 ], [ 0.567222118377686, 50.847770690917969 ], [ 0.498611092567444, 50.838050842285156 ], [ 0.452777743339539, 50.833885192871094 ], [ 0.430833280086517, 50.831108093261719 ], [ 0.400555551052094, 50.824440002441406 ], [ 0.371944427490234, 50.816383361816406 ], [ 0.349444389343262, 50.808609008789062 ], [ 0.307222187519073, 50.780548095703125 ], [ 0.296388864517212, 50.773330688476562 ], [ 0.286944389343262, 50.764999389648438 ], [ 0.274027734994888, 50.748744964599609 ], [ 0.263611078262329, 50.741386413574219 ], [ 0.253888845443726, 50.738609313964844 ], [ 0.242222219705582, 50.738052368164062 ], [ 0.227777749300003, 50.73944091796875 ], [ 0.215277761220932, 50.741661071777344 ], [ 0.123333320021629, 50.759437561035156 ], [ 0.098333328962326, 50.767776489257812 ], [ 0.056944437325001, 50.780830383300781 ], [ -0.094444453716278, 50.810272216796875 ], [ -0.138055562973022, 50.818328857421875 ], [ -0.156944453716278, 50.821388244628906 ], [ -0.190833359956741, 50.825828552246094 ], [ -0.206111133098602, 50.82666015625 ], [ -0.255000054836273, 50.826385498046875 ], [ -0.577222228050232, 50.795272827148438 ], [ -0.637500047683716, 50.787216186523438 ], [ -0.675277829170227, 50.781105041503906 ], [ -0.711388945579529, 50.773887634277344 ], [ -0.746111154556274, 50.765830993652344 ], [ -0.767361164093018, 50.749721527099609 ], [ -0.767916738986969, 50.739021301269531 ], [ -0.78187507390976, 50.727214813232422 ], [ -0.799444496631622, 50.726245880126953 ], [ -0.908263921737671, 50.773952484130859 ], [ -0.892500042915344, 50.790412902832031 ], [ -0.865833401679993, 50.799648284912109 ], [ -0.871944546699524, 50.808883666992188 ], [ -0.928420901298523, 50.839656829833984 ], [ -0.939166784286499, 50.840827941894531 ], [ -1.094444513320923, 50.845832824707031 ], [ -1.158889055252075, 50.840827941894531 ], [ -1.146666765213013, 50.831108093261719 ], [ -1.116944551467896, 50.806941986083984 ], [ -1.131597280502319, 50.783119201660156 ], [ -1.14430570602417, 50.777912139892578 ], [ -1.3313889503479, 50.7913818359375 ], [ -1.408055782318115, 50.770828247070312 ], [ -1.592777967453003, 50.724159240722656 ], [ -1.614166736602783, 50.729721069335938 ], [ -1.667986273765564, 50.737876892089844 ], [ -1.684444665908813, 50.738883972167969 ], [ -1.701389074325562, 50.7369384765625 ], [ -1.816389083862305, 50.723052978515625 ], [ -1.93416690826416, 50.712776184082031 ], [ -2.009444713592529, 50.714996337890625 ], [ -2.024028062820435, 50.719997406005859 ], [ -2.03493070602417, 50.731525421142578 ], [ -2.066805601119995, 50.714302062988281 ], [ -2.080069541931152, 50.696590423583984 ], [ -1.974722385406494, 50.670272827148438 ], [ -1.954409837722778, 50.665355682373047 ], [ -1.935555696487427, 50.639442443847656 ], [ -1.964375138282776, 50.596733093261719 ], [ -2.054444789886475, 50.585689544677734 ], [ -2.121944904327393, 50.607215881347656 ], [ -2.133889198303223, 50.613327026367188 ], [ -2.144722461700439, 50.616943359375 ], [ -2.197222232818604, 50.626106262207031 ], [ -2.390972375869751, 50.64166259765625 ], [ -2.431111335754395, 50.634994506835938 ], [ -2.446666717529297, 50.626388549804688 ], [ -2.465972423553467, 50.594161987304688 ], [ -2.46583366394043, 50.583885192871094 ], [ -2.458611488342285, 50.574996948242188 ], [ -2.424722671508789, 50.55999755859375 ], [ -2.43445086479187, 50.541790008544922 ], [ -2.455231428146362, 50.548900604248047 ], [ -2.458239078521729, 50.561748504638672 ], [ -2.494604825973511, 50.595653533935547 ], [ -2.563055992126465, 50.632217407226562 ], [ -2.66194486618042, 50.673332214355469 ], [ -2.700555801391602, 50.686943054199219 ], [ -2.721111297607422, 50.693328857421875 ], [ -2.771389007568359, 50.708610534667969 ], [ -2.823055744171143, 50.72027587890625 ], [ -2.863889217376709, 50.72833251953125 ], [ -2.882778167724609, 50.731109619140625 ], [ -2.906944751739502, 50.733329772949219 ], [ -2.927500247955322, 50.731246948242188 ], [ -2.94444465637207, 50.72332763671875 ], [ -2.959444522857666, 50.712776184082031 ], [ -2.978055953979492, 50.706382751464844 ], [ -3.094444751739502, 50.692214965820312 ], [ -3.17347240447998, 50.688327789306641 ], [ -3.244166851043701, 50.6744384765625 ], [ -3.254167079925537, 50.671943664550781 ], [ -3.411389350891113, 50.616104125976562 ], [ -3.437222480773926, 50.604995727539062 ], [ -3.461805820465088, 50.587913513183594 ], [ -3.494166851043701, 50.54638671875 ], [ -3.500277996063232, 50.53582763671875 ], [ -3.551389217376709, 50.438331604003906 ], [ -3.553333759307861, 50.425552368164062 ], [ -3.651944637298584, 50.231109619140625 ], [ -3.675000190734863, 50.22027587890625 ], [ -3.706666946411133, 50.209716796875 ], [ -3.716666698455811, 50.2066650390625 ], [ -3.728888988494873, 50.206382751464844 ], [ -3.789444446563721, 50.21221923828125 ], [ -3.803055763244629, 50.214164733886719 ], [ -3.813333511352539, 50.217216491699219 ], [ -3.836528062820435, 50.229717254638672 ], [ -3.845000267028809, 50.238052368164062 ], [ -3.851944446563721, 50.251663208007812 ], [ -3.877639055252075, 50.281387329101562 ], [ -3.943889141082764, 50.313465118408203 ], [ -3.955278158187866, 50.3155517578125 ], [ -3.975833415985107, 50.313888549804688 ], [ -3.985555648803711, 50.311386108398438 ], [ -4.008333683013916, 50.303607940673828 ], [ -4.018472671508789, 50.29638671875 ], [ -4.030833721160889, 50.292911529541016 ], [ -4.057083606719971, 50.29791259765625 ], [ -4.11138916015625, 50.330276489257812 ], [ -4.165555953979492, 50.370277404785156 ], [ -4.175000190734863, 50.377777099609375 ], [ -4.380000114440918, 50.363883972167969 ], [ -4.429722785949707, 50.351387023925781 ], [ -4.440983772277832, 50.344436645507812 ], [ -4.452084064483643, 50.335548400878906 ], [ -4.466389656066895, 50.32916259765625 ], [ -4.482778549194336, 50.325828552246094 ], [ -4.510556221008301, 50.322494506835938 ], [ -4.543334007263184, 50.322219848632812 ], [ -4.645277976989746, 50.3236083984375 ], [ -4.678611755371094, 50.325828552246094 ], [ -4.762500762939453, 50.311386108398438 ], [ -4.857500076293945, 50.231666564941406 ], [ -4.952777862548828, 50.193328857421875 ], [ -5.048055648803711, 50.171104431152344 ], [ -5.059445381164551, 50.13916015625 ], [ -5.070902824401855, 50.081661224365234 ], [ -5.0541672706604, 50.060134887695312 ], [ -5.057500839233398, 50.046108245849609 ], [ -5.065555572509766, 50.037498474121094 ], [ -5.086112022399902, 50.022773742675781 ], [ -5.16069507598877, 50.003189086914062 ], [ -5.178889274597168, 49.979579925537109 ], [ -5.193056106567383, 49.955276489257812 ], [ -5.200833797454834, 49.956661224365234 ], [ -5.228611946105957, 49.97332763671875 ], [ -5.237500190734863, 49.981109619140625 ], [ -5.256736278533936, 50.005134582519531 ], [ -5.252153396606445, 50.025341033935547 ], [ -5.276667594909668, 50.059715270996094 ], [ -5.289722442626953, 50.069442749023438 ], [ -5.333611488342285, 50.091384887695312 ], [ -5.470556259155273, 50.124992370605469 ], [ -5.48597240447998, 50.127079010009766 ], [ -5.50111198425293, 50.126106262207031 ], [ -5.51138973236084, 50.123886108398438 ], [ -5.534167289733887, 50.115688323974609 ], [ -5.541666984558105, 50.103885650634766 ], [ -5.537917137145996, 50.084579467773438 ], [ -5.541666984558105, 50.070549011230469 ], [ -5.555555820465088, 50.057079315185547 ], [ -5.567222595214844, 50.051109313964844 ], [ -5.582777976989746, 50.047775268554688 ], [ -5.661736488342285, 50.036312103271484 ], [ -5.677778244018555, 50.038604736328125 ], [ -5.6875, 50.041938781738281 ], [ -5.716805934906006, 50.060825347900391 ], [ -5.710000038146973, 50.129165649414062 ], [ -5.69194507598877, 50.155136108398438 ], [ -5.546389579772949, 50.205276489257812 ], [ -5.511667251586914, 50.214164733886719 ], [ -5.495833396911621, 50.216941833496094 ], [ -5.481250762939453, 50.214164733886719 ], [ -5.469236373901367, 50.200553894042969 ], [ -5.431944847106934, 50.193260192871094 ], [ -5.26805591583252, 50.273887634277344 ], [ -5.152083873748779, 50.343746185302734 ], [ -5.047292232513428, 50.427497863769531 ], [ -5.025694847106934, 50.472705841064453 ], [ -5.039166927337646, 50.498050689697266 ], [ -5.017500400543213, 50.542636871337891 ], [ -4.915833473205566, 50.577217102050781 ], [ -4.897500038146973, 50.578887939453125 ], [ -4.873888969421387, 50.578887939453125 ], [ -4.801389694213867, 50.589439392089844 ], [ -4.783611297607422, 50.593608856201172 ], [ -4.77166748046875, 50.601943969726562 ], [ -4.761667251586914, 50.614715576171875 ], [ -4.751667022705078, 50.641387939453125 ], [ -4.743611335754395, 50.667495727539062 ], [ -4.700834274291992, 50.688331604003906 ], [ -4.651389122009277, 50.71527099609375 ], [ -4.561389446258545, 50.7762451171875 ], [ -4.553611755371094, 50.785270690917969 ], [ -4.549445152282715, 50.802497863769531 ], [ -4.547361850738525, 50.820690155029297 ], [ -4.547430992126465, 50.859512329101562 ], [ -4.543334007263184, 50.92694091796875 ], [ -4.52131986618042, 51.014232635498047 ], [ -4.474445343017578, 51.01416015625 ], [ -4.427361488342285, 51.009578704833984 ], [ -4.411945343017578, 51.002777099609375 ], [ -4.376389503479004, 50.991104125976562 ], [ -4.357778549194336, 50.98944091796875 ], [ -4.339445114135742, 50.990554809570312 ], [ -4.324722290039062, 50.995277404785156 ], [ -4.303611755371094, 51.004165649414062 ], [ -4.237014293670654, 51.046592712402344 ], [ -4.210278034210205, 51.072357177734375 ], [ -4.220277786254883, 51.110549926757812 ], [ -4.228055953979492, 51.187774658203125 ], [ -4.208611488342285, 51.195831298828125 ], [ -4.198611259460449, 51.198326110839844 ], [ -4.116666793823242, 51.21221923828125 ], [ -4.071666717529297, 51.213882446289062 ], [ -3.98472261428833, 51.216941833496094 ], [ -3.883889198303223, 51.224159240722656 ], [ -3.792500019073486, 51.239166259765625 ], [ -3.700277805328369, 51.229995727539062 ], [ -3.632222652435303, 51.218048095703125 ], [ -3.618611335754395, 51.216659545898438 ], [ -3.592222452163696, 51.2218017578125 ], [ -3.570138931274414, 51.230274200439453 ], [ -3.507222414016724, 51.22332763671875 ], [ -3.437291860580444, 51.206382751464844 ], [ -3.420000314712524, 51.1905517578125 ], [ -3.408611297607422, 51.184440612792969 ], [ -3.393611431121826, 51.181385040283203 ], [ -3.370277881622314, 51.181106567382812 ], [ -3.301389217376709, 51.181106567382812 ], [ -3.02833366394043, 51.206108093261719 ], [ -3.012778043746948, 51.256313323974609 ], [ -3.013333797454834, 51.272773742675781 ], [ -3.00694465637207, 51.307220458984375 ], [ -2.960000038146973, 51.374992370605469 ], [ -2.85277795791626, 51.444717407226562 ], [ -2.770555973052979, 51.489166259765625 ], [ -2.65333366394043, 51.563888549804688 ], [ -2.639444828033447, 51.578887939453125 ], [ -2.553055763244629, 51.657218933105469 ], [ -2.471666812896729, 51.724441528320312 ], [ -2.454861402511597, 51.731662750244141 ], [ -2.428889274597168, 51.7369384765625 ], [ -2.403889179229736, 51.740409851074219 ], [ -2.388333559036255, 51.746662139892578 ], [ -2.380000114440918, 51.761734008789062 ], [ -2.392777919769287, 51.775131225585938 ], [ -2.460556030273438, 51.746665954589844 ], [ -2.578888893127441, 51.677772521972656 ], [ -2.629167079925537, 51.6441650390625 ], [ -2.665000438690186, 51.614997863769531 ], [ -2.674722671508789, 51.606941223144531 ], [ -2.698889255523682, 51.589439392089844 ], [ -2.714722633361816, 51.580825805664062 ], [ -2.847777843475342, 51.544998168945312 ], [ -2.892777919769287, 51.538604736328125 ], [ -2.918889045715332, 51.537773132324219 ], [ -2.95472240447998, 51.539718627929688 ], [ -2.966389179229736, 51.541664123535156 ], [ -3.021111488342285, 51.525276184082031 ], [ -3.118750333786011, 51.487495422363281 ], [ -3.127778053283691, 51.4788818359375 ], [ -3.15166711807251, 51.453048706054688 ], [ -3.158889055252075, 51.430549621582031 ], [ -3.164583444595337, 51.409091949462891 ], [ -3.181111335754395, 51.397357940673828 ], [ -3.270972490310669, 51.380134582519531 ], [ -3.346111297607422, 51.378608703613281 ], [ -3.359444618225098, 51.378608703613281 ], [ -3.40333366394043, 51.379714965820312 ], [ -3.416388988494873, 51.38055419921875 ], [ -3.451111316680908, 51.384719848632812 ], [ -3.488611221313477, 51.389999389648438 ], [ -3.542500019073486, 51.397773742675781 ], [ -3.560277938842773, 51.405548095703125 ], [ -3.671944618225098, 51.473884582519531 ], [ -3.751600742340088, 51.529308319091797 ], [ -3.761111259460449, 51.544441223144531 ], [ -3.78166675567627, 51.567497253417969 ], [ -3.83791708946228, 51.6199951171875 ], [ -3.949722290039062, 51.612777709960938 ], [ -3.965555667877197, 51.609718322753906 ], [ -4.204861640930176, 51.535274505615234 ], [ -4.217223167419434, 51.53277587890625 ], [ -4.242777824401855, 51.54083251953125 ], [ -4.277778625488281, 51.556663513183594 ], [ -4.292084217071533, 51.607425689697266 ], [ -4.250555992126465, 51.628608703613281 ], [ -4.231945037841797, 51.633049011230469 ], [ -4.211389541625977, 51.626663208007812 ], [ -4.17750072479248, 51.622356414794922 ], [ -4.162500381469727, 51.623329162597656 ], [ -4.116389274597168, 51.634162902832031 ], [ -4.076528549194336, 51.647357940673828 ], [ -4.066145420074463, 51.668033599853516 ], [ -4.074722290039062, 51.677215576171875 ], [ -4.197500228881836, 51.679161071777344 ], [ -4.262222290039062, 51.67694091796875 ], [ -4.436111450195312, 51.737220764160156 ], [ -4.574444770812988, 51.734161376953125 ], [ -4.628334045410156, 51.7288818359375 ], [ -4.645833969116211, 51.726661682128906 ], [ -4.671528339385986, 51.720691680908203 ], [ -4.684306144714355, 51.709857940673828 ], [ -4.686667442321777, 51.689437866210938 ], [ -4.690278053283691, 51.666664123535156 ], [ -4.710972785949707, 51.649581909179688 ], [ -4.790625095367432, 51.633396148681641 ], [ -4.807222366333008, 51.640548706054688 ], [ -4.835694789886475, 51.645339965820312 ], [ -4.864167213439941, 51.64013671875 ], [ -4.890277862548828, 51.626937866210938 ], [ -4.941389083862305, 51.594161987304688 ], [ -5.005278587341309, 51.60638427734375 ], [ -5.042500495910645, 51.616661071777344 ], [ -5.051389694213867, 51.620277404785156 ], [ -5.021278381347656, 51.668609619140625 ], [ -4.970611572265625, 51.675773620605469 ], [ -4.905000686645508, 51.696937561035156 ], [ -4.894166946411133, 51.699440002441406 ], [ -4.861111640930176, 51.713333129882812 ], [ -4.867222785949707, 51.722770690917969 ], [ -4.884445190429688, 51.746665954589844 ], [ -4.890278339385986, 51.728744506835938 ], [ -4.895972728729248, 51.718467712402344 ], [ -4.908750534057617, 51.712493896484375 ], [ -5.007389068603516, 51.703495025634766 ], [ -5.065055847167969, 51.704994201660156 ], [ -5.19111156463623, 51.708885192871094 ], [ -5.228611946105957, 51.723052978515625 ], [ -5.246945381164551, 51.730270385742188 ], [ -5.161111831665039, 51.762214660644531 ], [ -5.148194789886475, 51.765274047851562 ], [ -5.124167442321777, 51.765274047851562 ], [ -5.110000610351562, 51.767494201660156 ], [ -5.102569580078125, 51.778953552246094 ], [ -5.115278244018555, 51.833328247070312 ], [ -5.120973110198975, 51.847217559814453 ], [ -5.131667137145996, 51.85638427734375 ], [ -5.185000419616699, 51.869579315185547 ], [ -5.213334083557129, 51.870552062988281 ], [ -5.258889198303223, 51.870552062988281 ], [ -5.239167213439941, 51.9163818359375 ], [ -5.09944486618042, 51.960552215576172 ], [ -5.080694675445557, 51.976940155029297 ], [ -5.076666831970215, 51.996109008789062 ], [ -4.84444522857666, 52.013885498046875 ], [ -4.830278396606445, 52.016246795654297 ], [ -4.767778396606445, 52.064437866210938 ], [ -4.759166717529297, 52.073051452636719 ], [ -4.746111869812012, 52.09027099609375 ], [ -4.736945152282715, 52.103607177734375 ], [ -4.7227783203125, 52.113052368164062 ], [ -4.669445037841797, 52.130271911621094 ], [ -4.644028186798096, 52.134441375732422 ], [ -4.626667022705078, 52.134162902832031 ], [ -4.590556144714355, 52.131660461425781 ], [ -4.527222633361816, 52.130828857421875 ], [ -4.497639179229736, 52.137077331542969 ], [ -4.29194450378418, 52.222496032714844 ], [ -4.231667518615723, 52.248886108398438 ], [ -4.193611145019531, 52.276382446289062 ], [ -4.14305591583252, 52.320274353027344 ], [ -4.130833625793457, 52.334716796875 ], [ -4.096666812896729, 52.385829925537109 ], [ -4.091944694519043, 52.397773742675781 ], [ -4.059722900390625, 52.485832214355469 ], [ -4.061111450195312, 52.506103515625 ], [ -4.08055591583252, 52.553329467773438 ], [ -4.125972747802734, 52.603744506835938 ], [ -4.106389045715332, 52.650833129882812 ], [ -4.05333423614502, 52.716659545898438 ], [ -4.063333511352539, 52.724159240722656 ], [ -4.130556106567383, 52.77777099609375 ], [ -4.148333549499512, 52.800411224365234 ], [ -4.135694980621338, 52.878883361816406 ], [ -4.129861354827881, 52.887218475341797 ], [ -4.11833381652832, 52.894439697265625 ], [ -4.133611679077148, 52.914443969726562 ], [ -4.233333587646484, 52.914993286132812 ], [ -4.312917232513428, 52.904994964599609 ], [ -4.414167404174805, 52.884719848632812 ], [ -4.440555572509766, 52.87249755859375 ], [ -4.477222442626953, 52.854995727539062 ], [ -4.500278472900391, 52.829437255859375 ], [ -4.539444923400879, 52.793052673339844 ], [ -4.727778434753418, 52.781387329101562 ], [ -4.744167327880859, 52.781246185302734 ], [ -4.758487224578857, 52.787261962890625 ], [ -4.752223014831543, 52.806938171386719 ], [ -4.741111755371094, 52.819442749023438 ], [ -4.721944808959961, 52.836105346679688 ], [ -4.651111602783203, 52.886940002441406 ], [ -4.618889808654785, 52.909164428710938 ], [ -4.586112022399902, 52.923881530761719 ], [ -4.552778244018555, 52.928886413574219 ], [ -4.540278434753418, 52.930549621582031 ], [ -4.526667594909668, 52.935829162597656 ], [ -4.505833625793457, 52.94610595703125 ], [ -4.46250057220459, 52.97027587890625 ], [ -4.36097240447998, 53.028884887695312 ], [ -4.352639675140381, 53.038051605224609 ], [ -4.344583511352539, 53.065135955810547 ], [ -4.330278396606445, 53.112220764160156 ], [ -4.196389198303223, 53.206108093261719 ], [ -4.15333366394043, 53.225555419921875 ], [ -4.134583473205566, 53.229721069335938 ], [ -4.105278015136719, 53.227493286132812 ], [ -4.066389083862305, 53.226387023925781 ], [ -4.018611907958984, 53.237495422363281 ], [ -4.003055572509766, 53.241943359375 ], [ -3.85444450378418, 53.284439086914062 ], [ -3.730139255523682, 53.289440155029297 ], [ -3.692500114440918, 53.285552978515625 ], [ -3.609861373901367, 53.279438018798828 ], [ -3.589444637298584, 53.282218933105469 ], [ -3.461667060852051, 53.320549011230469 ], [ -3.388055801391602, 53.343605041503906 ], [ -3.362778186798096, 53.346107482910156 ], [ -3.336389064788818, 53.347221374511719 ], [ -3.318889141082764, 53.346942901611328 ], [ -3.211667060852051, 53.297492980957031 ], [ -3.125972270965576, 53.25555419921875 ], [ -3.102222442626953, 53.247772216796875 ], [ -3.088598728179932, 53.260009765625 ], [ -3.08256983757019, 53.268535614013672 ], [ -3.126111507415771, 53.324996948242188 ], [ -3.154166698455811, 53.34832763671875 ], [ -3.16694450378418, 53.357082366943359 ], [ -3.176389217376709, 53.362777709960938 ], [ -3.188889026641846, 53.377773284912109 ], [ -3.189722537994385, 53.388328552246094 ], [ -3.180277824401855, 53.396110534667969 ], [ -3.170833587646484, 53.400276184082031 ], [ -3.072479963302612, 53.40936279296875 ], [ -3.058139085769653, 53.410163879394531 ], [ -3.043638944625854, 53.403617858886719 ], [ -3.028889179229736, 53.381912231445312 ], [ -2.989444732666016, 53.367218017578125 ], [ -2.942500114440918, 53.310554504394531 ], [ -2.928291797637939, 53.302162170410156 ], [ -2.899722576141357, 53.289161682128906 ], [ -2.882500171661377, 53.285270690917969 ], [ -2.862222671508789, 53.28277587890625 ], [ -2.776389122009277, 53.292495727539062 ], [ -2.753194570541382, 53.304302215576172 ], [ -2.704930782318115, 53.350620269775391 ], [ -2.71750020980835, 53.352493286132812 ], [ -2.769444704055786, 53.339302062988281 ], [ -2.777778148651123, 53.332775115966797 ], [ -2.857361316680908, 53.320827484130859 ], [ -2.878333568572998, 53.325691223144531 ], [ -2.953888893127441, 53.360275268554688 ], [ -2.963889122009277, 53.367774963378906 ], [ -3.006778001785278, 53.417385101318359 ], [ -3.013278007507324, 53.425052642822266 ], [ -3.105625152587891, 53.559928894042969 ], [ -3.093611240386963, 53.576385498046875 ], [ -3.073055744171143, 53.598052978515625 ], [ -2.977291822433472, 53.693813323974609 ], [ -2.942222595214844, 53.708053588867188 ], [ -2.899791717529297, 53.724994659423828 ], [ -2.907222270965576, 53.73236083984375 ], [ -2.924444675445557, 53.734443664550781 ], [ -2.939444541931152, 53.734718322753906 ], [ -2.966111183166504, 53.733604431152344 ], [ -2.992777824401855, 53.732772827148438 ], [ -3.006389141082764, 53.734992980957031 ], [ -3.021667003631592, 53.739715576171875 ], [ -3.037083625793457, 53.749439239501953 ], [ -3.052778005599976, 53.767356872558594 ], [ -3.058889150619507, 53.784858703613281 ], [ -3.059722423553467, 53.797492980957031 ], [ -3.052639007568359, 53.907634735107422 ], [ -3.043472528457642, 53.918743133544922 ], [ -3.025000095367432, 53.926109313964844 ], [ -2.93250036239624, 53.950553894042969 ], [ -2.896944522857666, 53.998886108398438 ], [ -2.833611488342285, 54.084999084472656 ], [ -2.817500114440918, 54.142776489257812 ], [ -2.813611507415771, 54.222770690917969 ], [ -2.930972337722778, 54.153327941894531 ], [ -3.152222633361816, 54.081939697265625 ], [ -3.214722633361816, 54.095550537109375 ], [ -3.230000257492065, 54.100971221923828 ], [ -3.380555629730225, 54.244438171386719 ], [ -3.410555839538574, 54.280136108398438 ], [ -3.412222385406494, 54.291107177734375 ], [ -3.433888912200928, 54.348052978515625 ], [ -3.466111183166504, 54.378608703613281 ], [ -3.493055820465088, 54.403327941894531 ], [ -3.524722576141357, 54.426109313964844 ], [ -3.556944847106934, 54.448326110839844 ], [ -3.61305570602417, 54.488609313964844 ], [ -3.632639169692993, 54.512214660644531 ], [ -3.569167137145996, 54.642494201660156 ], [ -3.429166793823242, 54.8155517578125 ], [ -3.391666889190674, 54.876388549804688 ], [ -3.381111145019531, 54.884437561035156 ], [ -3.289305686950684, 54.937915802001953 ], [ -3.270000457763672, 54.941383361816406 ], [ -3.208611488342285, 54.949440002441406 ], [ -3.188125133514404, 54.946731567382812 ], [ -3.178889274597168, 54.9405517578125 ], [ -3.132916927337646, 54.931388854980469 ], [ -3.103333473205566, 54.933883666992188 ], [ -3.025694608688354, 54.947494506835938 ], [ -3.0270836353302, 54.972911834716797 ], [ -3.041388988494873, 54.9788818359375 ], [ -3.051025867462158, 54.979866027832031 ], [ -3.066389083862305, 54.974716186523438 ], [ -3.146944761276245, 54.964996337890625 ], [ -3.360555648803711, 54.971382141113281 ], [ -3.376389026641846, 54.972496032714844 ], [ -3.390555858612061, 54.974159240722656 ], [ -3.445278167724609, 54.986381530761719 ], [ -3.57111120223999, 54.990829467773438 ], [ -3.580694675445557, 54.969440460205078 ], [ -3.615833759307861, 54.875274658203125 ], [ -3.628889083862305, 54.877494812011719 ], [ -3.692500114440918, 54.881103515625 ], [ -3.812222480773926, 54.848884582519531 ], [ -3.869722366333008, 54.805274963378906 ], [ -3.953611373901367, 54.767494201660156 ], [ -3.965000152587891, 54.765274047851562 ], [ -3.97944450378418, 54.765274047851562 ], [ -4.095556259155273, 54.767776489257812 ], [ -4.135833740234375, 54.77471923828125 ], [ -4.350555896759033, 54.859024047851562 ], [ -4.378472805023193, 54.881942749023438 ], [ -4.38069486618042, 54.893192291259766 ], [ -4.384791851043701, 54.905551910400391 ], [ -4.398056030273438, 54.906387329101562 ], [ -4.424445152282715, 54.881523132324219 ], [ -4.428541660308838, 54.864093780517578 ], [ -4.411111831665039, 54.825828552246094 ], [ -4.359723091125488, 54.771110534667969 ], [ -4.345694541931152, 54.709163665771484 ], [ -4.348055839538574, 54.699165344238281 ], [ -4.355834007263184, 54.68804931640625 ], [ -4.36500072479248, 54.680274963378906 ], [ -4.375833511352539, 54.676666259765625 ], [ -4.387222290039062, 54.675552368164062 ], [ -4.402222633361816, 54.67694091796875 ], [ -4.496389389038086, 54.698883056640625 ], [ -4.506111145019531, 54.702774047851562 ], [ -4.55791711807251, 54.739025115966797 ], [ -4.560833930969238, 54.749996185302734 ], [ -4.598611831665039, 54.7802734375 ], [ -4.68083381652832, 54.799720764160156 ], [ -4.740555763244629, 54.821662902832031 ], [ -4.801250457763672, 54.855552673339844 ], [ -4.814167022705078, 54.861663818359375 ], [ -4.825555801391602, 54.86444091796875 ], [ -4.852222442626953, 54.868606567382812 ], [ -4.893889427185059, 54.851943969726562 ], [ -4.924306392669678, 54.837078094482422 ], [ -4.935556411743164, 54.829719543457031 ], [ -4.960764408111572, 54.796871185302734 ], [ -4.944723129272461, 54.767494201660156 ], [ -4.911945343017578, 54.716659545898438 ], [ -4.90000057220459, 54.70111083984375 ], [ -4.887917041778564, 54.69610595703125 ], [ -4.870903015136719, 54.685340881347656 ], [ -4.857223033905029, 54.629581451416016 ], [ -4.864167213439941, 54.627220153808594 ], [ -4.922500610351562, 54.640548706054688 ], [ -4.936806201934814, 54.646663665771484 ], [ -4.95013952255249, 54.654994964599609 ], [ -4.962292194366455, 54.681243896484375 ], [ -4.952639579772949, 54.696662902832031 ], [ -4.95847225189209, 54.724163055419922 ], [ -5.005000114440918, 54.763328552246094 ], [ -5.0352783203125, 54.782218933105469 ], [ -5.074722290039062, 54.805831909179688 ], [ -5.102500915527344, 54.821662902832031 ], [ -5.1166672706604, 54.831802368164062 ], [ -5.13194465637207, 54.84527587890625 ], [ -5.14222240447998, 54.857215881347656 ], [ -5.170000076293945, 54.891105651855469 ], [ -5.17791748046875, 54.904300689697266 ], [ -5.184445381164551, 54.921661376953125 ], [ -5.185625076293945, 54.936214447021484 ], [ -5.17833423614502, 54.988883972167969 ], [ -5.174166679382324, 55.00054931640625 ], [ -5.162222862243652, 55.008888244628906 ], [ -5.152222633361816, 55.011665344238281 ], [ -5.105000495910645, 55.023887634277344 ], [ -5.053611278533936, 55.049022674560547 ], [ -5.012500762939453, 55.133468627929688 ], [ -4.999167442321777, 55.141937255859375 ], [ -4.973889350891113, 55.154998779296875 ], [ -4.935000419616699, 55.178604125976562 ], [ -4.865417003631592, 55.223396301269531 ], [ -4.8477783203125, 55.269439697265625 ], [ -4.837153434753418, 55.318813323974609 ], [ -4.748472690582275, 55.410552978515625 ], [ -4.728889465332031, 55.420272827148438 ], [ -4.713611602783203, 55.424995422363281 ], [ -4.682500839233398, 55.433883666992188 ], [ -4.653750419616699, 55.437217712402344 ], [ -4.639583587646484, 55.442634582519531 ], [ -4.613611698150635, 55.490688323974609 ], [ -4.622917175292969, 55.513881683349609 ], [ -4.659444808959961, 55.561943054199219 ], [ -4.687222957611084, 55.597496032714844 ], [ -4.696805953979492, 55.605690002441406 ], [ -4.707777976989746, 55.611106872558594 ], [ -4.72944450378418, 55.617774963378906 ], [ -4.769166946411133, 55.628608703613281 ], [ -4.81361198425293, 55.645553588867188 ], [ -4.860834121704102, 55.672218322753906 ], [ -4.875833511352539, 55.681938171386719 ], [ -4.903889656066895, 55.689720153808594 ], [ -4.916388988494873, 55.700828552246094 ], [ -4.900224883245119, 55.80075880196393 ] ] ] ] } },
{ "type": "Feature", "properties": { "id": 41, "Nombre": "Dalmatia" }, "geometry": { "type": "MultiPolygon", "coordinates": [ [ [ [ 15.19416618347168, 43.871109008789062 ], [ 15.184304237365723, 43.873607635498047 ], [ 15.148332595825195, 43.889999389648438 ], [ 15.13749885559082, 43.896385192871094 ], [ 15.108055114746094, 43.919998168945312 ], [ 15.099721908569336, 43.927497863769531 ], [ 15.071664810180664, 43.957496643066406 ], [ 15.057220458984375, 43.973884582519531 ], [ 15.047222137451172, 43.988883972167969 ], [ 15.036109924316406, 44.003608703613281 ], [ 15.028888702392578, 44.011940002441406 ], [ 14.989442825317383, 44.055549621582031 ], [ 14.974581718444824, 44.067638397216797 ], [ 14.916942596435547, 44.109161376953125 ], [ 14.881942749023438, 44.130271911621094 ], [ 14.871386528015137, 44.142776489257812 ], [ 14.85999870300293, 44.156944274902344 ], [ 14.85423469543457, 44.172565460205078 ], [ 14.992498397827148, 44.083610534667969 ], [ 15.036664962768555, 44.026939392089844 ], [ 15.050277709960938, 44.013885498046875 ], [ 15.084026336669922, 43.985691070556641 ], [ 15.143054962158203, 43.95166015625 ], [ 15.219582557678223, 43.909717559814453 ], [ 15.225137710571289, 43.899578094482422 ], [ 15.217222213745117, 43.890830993652344 ], [ 15.19416618347168, 43.871109008789062 ] ] ], [ [ [ 16.687221527099609, 43.261665344238281 ], [ 16.628887176513672, 43.261940002441406 ], [ 16.577499389648438, 43.268608093261719 ], [ 16.519721984863281, 43.276382446289062 ], [ 16.487777709960938, 43.285270690917969 ], [ 16.41472053527832, 43.314720153808594 ], [ 16.405553817749023, 43.326038360595703 ], [ 16.432149887084961, 43.390480041503906 ], [ 16.601108551025391, 43.379165649414062 ], [ 16.700275421142578, 43.368606567382812 ], [ 16.7530517578125, 43.362777709960938 ], [ 16.776107788085938, 43.359443664550781 ], [ 16.80735969543457, 43.351387023925781 ], [ 16.884719848632812, 43.317214965820312 ], [ 16.887218475341797, 43.297775268554688 ], [ 16.847358703613281, 43.267913818359375 ], [ 16.82611083984375, 43.267494201660156 ], [ 16.793331146240234, 43.268608093261719 ], [ 16.716388702392578, 43.266105651855469 ], [ 16.706108093261719, 43.265274047851562 ], [ 16.687221527099609, 43.261665344238281 ] ] ], [ [ [ 17.057777404785156, 43.112495422363281 ], [ 16.879718780517578, 43.120552062988281 ], [ 16.666110992431641, 43.119163513183594 ], [ 16.654163360595703, 43.119720458984375 ], [ 16.533885955810547, 43.143608093261719 ], [ 16.4647216796875, 43.160270690917969 ], [ 16.430553436279297, 43.169441223144531 ], [ 16.377775192260742, 43.195343017578125 ], [ 16.457221984863281, 43.210273742675781 ], [ 16.475830078125, 43.211936950683594 ], [ 16.565277099609375, 43.218048095703125 ], [ 16.613330841064453, 43.213882446289062 ], [ 16.662220001220703, 43.200271606445312 ], [ 16.811107635498047, 43.161384582519531 ], [ 16.961387634277344, 43.149162292480469 ], [ 17.116386413574219, 43.1361083984375 ], [ 17.109996795654297, 43.116386413574219 ], [ 17.057777404785156, 43.112495422363281 ] ] ], [ [ [ 17.739997863769531, 42.691665649414062 ], [ 17.727497100830078, 42.698326110839844 ], [ 17.699718475341797, 42.705551147460938 ], [ 17.689441680908203, 42.707771301269531 ], [ 17.634719848632812, 42.718330383300781 ], [ 17.611385345458984, 42.720550537109375 ], [ 17.548610687255859, 42.72833251953125 ], [ 17.37249755859375, 42.757217407226562 ], [ 17.358608245849609, 42.761665344238281 ], [ 17.3316650390625, 42.774860382080078 ], [ 17.323469161987305, 42.789024353027344 ], [ 17.363052368164062, 42.802215576171875 ], [ 17.3780517578125, 42.80194091796875 ], [ 17.399440765380859, 42.797775268554688 ], [ 17.664859771728516, 42.735969543457031 ], [ 17.730552673339844, 42.709999084472656 ], [ 17.740276336669922, 42.703048706054688 ], [ 17.745553970336914, 42.693050384521484 ], [ 17.739997863769531, 42.691665649414062 ] ] ], [ [ [ 16.866107940673828, 42.897773742675781 ], [ 16.8316650390625, 42.903884887695312 ], [ 16.723609924316406, 42.919441223144531 ], [ 16.672222137451172, 42.926109313964844 ], [ 16.633886337280273, 42.982357025146484 ], [ 16.643329620361328, 42.986663818359375 ], [ 16.686107635498047, 42.990829467773438 ], [ 16.721107482910156, 42.984992980957031 ], [ 16.733608245849609, 42.979995727539062 ], [ 16.756942749023438, 42.972770690917969 ], [ 16.772220611572266, 42.969161987304688 ], [ 16.820552825927734, 42.959999084472656 ], [ 16.863330841064453, 42.956108093261719 ], [ 16.873607635498047, 42.956939697265625 ], [ 16.896385192871094, 42.961936950683594 ], [ 16.911388397216797, 42.968887329101562 ], [ 16.9405517578125, 42.97332763671875 ], [ 16.965553283691406, 42.976387023925781 ], [ 17.019721984863281, 42.976661682128906 ], [ 17.044719696044922, 42.975273132324219 ], [ 17.135829925537109, 42.961936950683594 ], [ 17.183609008789062, 42.918609619140625 ], [ 17.134441375732422, 42.911659240722656 ], [ 17.123886108398438, 42.911384582519531 ], [ 16.941108703613281, 42.911384582519531 ], [ 16.866107940673828, 42.897773742675781 ] ] ], [ [ [ 16.093330383300781, 43.009994506835938 ], [ 16.064441680908203, 43.010551452636719 ], [ 16.050552368164062, 43.06304931640625 ], [ 16.066108703613281, 43.070274353027344 ], [ 16.084999084472656, 43.077499389648438 ], [ 16.103610992431641, 43.081108093261719 ], [ 16.113887786865234, 43.082221984863281 ], [ 16.139720916748047, 43.082496643066406 ], [ 16.18499755859375, 43.0816650390625 ], [ 16.230552673339844, 43.078330993652344 ], [ 16.252115249633789, 43.064609527587891 ], [ 16.209859848022461, 43.023468017578125 ], [ 16.093330383300781, 43.009994506835938 ] ] ], [ [ [ 19.586554425837292, 41.632906025346443 ], [ 19.586940765380859, 41.63861083984375 ], [ 19.570829391479492, 41.685268402099609 ], [ 19.581941604614258, 41.695690155029297 ], [ 19.599164962768555, 41.779720306396484 ], [ 19.597705841064453, 41.806106567382812 ], [ 19.524757385253906, 41.835243225097656 ], [ 19.479442596435547, 41.852218627929688 ], [ 19.440414428710938, 41.860969543457031 ], [ 19.416248321533203, 41.861244201660156 ], [ 19.367771148681641, 41.8489990234375 ], [ 19.299442291259766, 41.894721984863281 ], [ 19.278888702392578, 41.903327941894531 ], [ 19.232358932495117, 41.911731719970703 ], [ 19.176109313964844, 41.931522369384766 ], [ 19.152776718139648, 41.948886871337891 ], [ 19.137983322143555, 41.982772827148438 ], [ 19.145969390869141, 42.019580841064453 ], [ 19.13861083984375, 42.043327331542969 ], [ 19.078609466552734, 42.111663818359375 ], [ 19.050067901611328, 42.137008666992188 ], [ 19.004997253417969, 42.157493591308594 ], [ 18.964443206787109, 42.189994812011719 ], [ 18.879371643066406, 42.279438018798828 ], [ 18.847358703613281, 42.286937713623047 ], [ 18.810832977294922, 42.284721374511719 ], [ 18.64708137512207, 42.374301910400391 ], [ 18.620067596435547, 42.365066528320312 ], [ 18.577220916748047, 42.387214660644531 ], [ 18.553539276123047, 42.427219390869141 ], [ 18.585830688476562, 42.429718017578125 ], [ 18.625621795654297, 42.418952941894531 ], [ 18.703470230102539, 42.399021148681641 ], [ 18.707635879516602, 42.419857025146484 ], [ 18.678609848022461, 42.460552215576172 ], [ 18.508052825927734, 42.453884124755859 ], [ 18.503196716308594, 42.449440002441406 ], [ 18.522775650024414, 42.430133819580078 ], [ 18.516942977905273, 42.399993896484375 ], [ 18.357067108154297, 42.496559143066406 ], [ 18.2147216796875, 42.579437255859375 ], [ 18.057777404785156, 42.663604736328125 ], [ 17.877220153808594, 42.767776489257812 ], [ 17.742637634277344, 42.797080993652344 ], [ 17.552497863769531, 42.840827941894531 ], [ 17.439163208007812, 42.873886108398438 ], [ 17.364997863769531, 42.915275573730469 ], [ 17.203746795654297, 42.981941223144531 ], [ 17.180482864379883, 42.975482940673828 ], [ 17.145275115966797, 42.976661682128906 ], [ 17.071662902832031, 42.986381530761719 ], [ 17.012359619140625, 43.006244659423828 ], [ 17.010622024536133, 43.048049926757812 ], [ 17.268886566162109, 43.011940002441406 ], [ 17.298885345458984, 43.006942749023438 ], [ 17.438955307006836, 42.953952789306641 ], [ 17.522777557373047, 42.920272827148438 ], [ 17.657358169555664, 42.880828857421875 ], [ 17.64984130859375, 42.889076232910156 ], [ 17.578525543212891, 42.943824768066406 ], [ 17.518886566162109, 42.952770233154297 ], [ 17.480693817138672, 42.981246948242188 ], [ 17.471664428710938, 42.990554809570312 ], [ 17.470554351806641, 43.017776489257812 ], [ 17.454998016357422, 43.033332824707031 ], [ 17.326526641845703, 43.116386413574219 ], [ 17.251663208007812, 43.154159545898438 ], [ 17.222499847412109, 43.161384582519531 ], [ 17.177845001220703, 43.173885345458984 ], [ 17.131385803222656, 43.198883056640625 ], [ 17.068193435668945, 43.240970611572266 ], [ 17.044998168945312, 43.272495269775391 ], [ 16.939998626708984, 43.364715576171875 ], [ 16.881664276123047, 43.403606414794922 ], [ 16.860832214355469, 43.4052734375 ], [ 16.838054656982422, 43.4052734375 ], [ 16.813610076904297, 43.406944274902344 ], [ 16.764163970947266, 43.411384582519531 ], [ 16.736385345458984, 43.416107177734375 ], [ 16.637777328491211, 43.441108703613281 ], [ 16.618888854980469, 43.448883056640625 ], [ 16.499164581298828, 43.5030517578125 ], [ 16.469232559204102, 43.533538818359375 ], [ 16.430553436279297, 43.545688629150391 ], [ 16.354026794433594, 43.550827026367188 ], [ 16.310276031494141, 43.543052673339844 ], [ 16.1905517578125, 43.511665344238281 ], [ 16.170276641845703, 43.491939544677734 ], [ 16.102706909179688, 43.475830078125 ], [ 16.036943435668945, 43.481803894042969 ], [ 15.988332748413086, 43.504440307617188 ], [ 15.918818473815918, 43.566940307617188 ], [ 15.92583179473877, 43.627738952636719 ], [ 15.965901374816895, 43.631801605224609 ], [ 15.940832138061523, 43.683609008789062 ], [ 15.78215217590332, 43.756244659423828 ], [ 15.688888549804688, 43.778884887695312 ], [ 15.599443435668945, 43.84527587890625 ], [ 15.53388786315918, 43.881942749023438 ], [ 15.526035308837891, 43.895038604736328 ], [ 15.490971565246582, 43.913051605224609 ], [ 15.457499504089355, 43.922634124755859 ], [ 15.405553817749023, 43.96527099609375 ], [ 15.281665802001953, 44.073051452636719 ], [ 15.232221603393555, 44.119163513183594 ], [ 15.151666641235352, 44.196388244628906 ], [ 15.117984771728516, 44.270759582519531 ], [ 15.145137786865234, 44.280067443847656 ], [ 15.203887939453125, 44.254997253417969 ], [ 15.291317939758301, 44.253398895263672 ], [ 15.279998779296875, 44.305831909179688 ], [ 15.32138729095459, 44.300495147705078 ], [ 15.341888427734375, 44.287494659423828 ], [ 15.385054588317871, 44.270164489746094 ], [ 15.414443969726562, 44.259994506835938 ], [ 15.522290229797363, 44.263256072998047 ], [ 15.503332138061523, 44.276107788085938 ], [ 15.478610038757324, 44.275550842285156 ], [ 15.448610305786133, 44.283187866210938 ], [ 15.27055549621582, 44.369163513183594 ], [ 15.181665420532227, 44.438606262207031 ], [ 15.140832901000977, 44.473052978515625 ], [ 15.095832824707031, 44.518051147460938 ], [ 15.013748168945312, 44.565479278564453 ], [ 14.990554809570312, 44.579437255859375 ], [ 14.971110343933105, 44.601661682128906 ], [ 14.926387786865234, 44.654998779296875 ], [ 14.894721031188965, 44.695274353027344 ], [ 14.887777328491211, 44.716243743896484 ], [ 14.878609657287598, 44.811386108398438 ], [ 14.880275726318359, 44.852077484130859 ], [ 14.894026756286621, 44.889442443847656 ], [ 14.909582138061523, 44.911521911621094 ], [ 14.919303894042969, 44.965969085693359 ], [ 14.831526756286621, 45.115413665771484 ], [ 14.800277709960938, 45.123054504394531 ], [ 14.752777099609375, 45.135688781738281 ], [ 14.724860191345215, 45.148605346679688 ], [ 14.688155571724462, 45.173078333199925 ], [ 14.585922947907102, 45.770635827843989 ], [ 14.990272746294035, 45.406721009295751 ], [ 15.549324266291768, 45.210588411629075 ], [ 16.333569432281411, 44.931221198308037 ], [ 16.713036166152229, 44.800585109598408 ], [ 16.961866811313417, 44.775702045082291 ], [ 17.24530046806732, 44.703774436715349 ], [ 17.472358431776907, 44.682001755263741 ], [ 17.693195629357465, 44.663339456876656 ], [ 17.93891589145414, 44.635346009296022 ], [ 18.281058028550778, 44.610462944779897 ], [ 18.900024258389237, 44.532703368167027 ], [ 19.282601375324568, 44.526482602038001 ], [ 19.581198149517995, 44.529592985102511 ], [ 19.917897116251734, 44.58246949719927 ], [ 20.045422821896842, 44.632235626231505 ], [ 20.129403164638745, 44.675780989134715 ], [ 20.213383507380648, 44.700664053650833 ], [ 20.303584616251577, 44.716215968973408 ], [ 20.263344035354407, 44.463497344981576 ], [ 20.26956480148344, 44.402844875223536 ], [ 20.280451142209241, 44.334416447804209 ], [ 20.244681736967319, 44.125631984598648 ], [ 20.193360416402825, 43.88768768016326 ], [ 20.176253309547992, 43.736834101534292 ], [ 20.151370245031874, 43.579759756776291 ], [ 20.19102762910444, 43.176576352038545 ], [ 20.159923798459292, 43.049050646393432 ], [ 20.103936903298024, 42.787778468974189 ], [ 20.072833072652877, 42.542058206877513 ], [ 20.010625411362579, 42.262123731071171 ], [ 19.988852729910974, 42.087942279458339 ], [ 19.95463851620131, 41.982189255264828 ], [ 19.855106258136832, 41.895098529458416 ], [ 19.752463617007841, 41.808007803651996 ], [ 19.668483274265942, 41.733358610103643 ], [ 19.603165229911131, 41.630715968974656 ], [ 19.586554425837292, 41.632906025346443 ] ] ], [ [ [ 14.733610153198242, 44.939994812011719 ], [ 14.728010343870727, 44.940124145935016 ], [ 14.706323765690922, 45.066883851796412 ], [ 14.792499542236328, 45.009162902832031 ], [ 14.806665420532227, 44.996383666992188 ], [ 14.81444263458252, 44.980411529541016 ], [ 14.804998397827148, 44.969444274902344 ], [ 14.758193969726562, 44.941940307617188 ], [ 14.733610153198242, 44.939994812011719 ] ] ], [ [ [ 14.745277404785156, 44.694442749023438 ], [ 14.87388801574707, 44.608051300048828 ], [ 14.90916633605957, 44.607772827148438 ], [ 14.928609848022461, 44.59832763671875 ], [ 14.960277557373047, 44.57916259765625 ], [ 15.042637825012207, 44.522842407226562 ], [ 15.073332786560059, 44.479995727539062 ], [ 15.058470726013184, 44.481662750244141 ], [ 15.010831832885742, 44.51416015625 ], [ 14.976276397705078, 44.519161224365234 ], [ 15.007943153381348, 44.489994049072266 ], [ 15.042444229125977, 44.464492797851562 ], [ 15.036943435668945, 44.482078552246094 ], [ 15.050068855285645, 44.476104736328125 ], [ 15.085277557373047, 44.458610534667969 ], [ 15.116943359375, 44.439437866210938 ], [ 15.240554809570312, 44.350273132324219 ], [ 15.250068664550781, 44.335483551025391 ], [ 15.219165802001953, 44.305831909179688 ], [ 15.171526908874512, 44.295829772949219 ], [ 15.140275955200195, 44.303886413574219 ], [ 15.128888130187988, 44.309860229492188 ], [ 15.109722137451172, 44.3236083984375 ], [ 15.100136756896973, 44.334716796875 ], [ 15.023665428161621, 44.422386169433594 ], [ 15.012664794921875, 44.441883087158203 ], [ 14.917832374572754, 44.504886627197266 ], [ 14.744720458984375, 44.675552368164062 ], [ 14.736665725708008, 44.687774658203125 ], [ 14.735206604003906, 44.697772979736328 ], [ 14.745277404785156, 44.694442749023438 ] ] ] ] } }
]
}
