{
"type": "FeatureCollection",
"name": "Unidades",
"crs": { "type": "name", "properties": { "name": "urn:ogc:def:crs:OGC:1.3:CRS84" } },
"features": [
{ "type": "Feature", "properties": { "Id": 1.0, "Unidad": "I Aquitanorum Vet", "Tipo": "Cohorte Equitata", "Provincia": "Britannia", "X": 55.034595701299999, "Y": -2.2221794615400001, "Num": 600.0, "Pedites": 480.0, "Equites": 120.0, "Localizaci": "Brocolitia", "Origo": "Aquitanos", "RoadKM": 29.0, "Off_RoadKM": 15.0, "ForceKM": 35.0, "EmergencyK": 60.0, "1HKM": 0.0, "2HKM": 0.0, "3HKM": 0.0, "4HKM": 0.0, "5HKM": 0.0, "Tribuni": 0.0, "Legati": 0.0 }, "geometry": { "type": "Point", "coordinates": [ -2.22217946154, 55.034595701299999 ] } },
{ "type": "Feature", "properties": { "Id": 2.0, "Unidad": "I Hispanorum Aravacorum", "Tipo": "Alae", "Provincia": "Pannonia Inferior", "X": 47.74467865, "Y": 18.1991534, "Num": 480.0, "Pedites": 0.0, "Equites": 480.0, "Localizaci": "Kelamantia", "Origo": "Arevacos", "RoadKM": 29.0, "Off_RoadKM": 15.0, "ForceKM": 35.0, "EmergencyK": 60.0, "1HKM": 0.0, "2HKM": 0.0, "3HKM": 0.0, "4HKM": 0.0, "5HKM": 0.0, "Tribuni": 0.0, "Legati": 0.0 }, "geometry": { "type": "Point", "coordinates": [ 18.1991534, 47.74467865 ] } },
{ "type": "Feature", "properties": { "Id": 3.0, "Unidad": "I Scubulorum", "Tipo": "Alae", "Provincia": "Germania Superior", "X": 48.811975, "Y": 9.210606, "Num": 480.0, "Pedites": 0.0, "Equites": 480.0, "Localizaci": "Stuttgart-Bad Cannstatt", "Origo": "Scubuli", "RoadKM": 29.0, "Off_RoadKM": 15.0, "ForceKM": 35.0, "EmergencyK": 60.0, "1HKM": 0.0, "2HKM": 0.0, "3HKM": 0.0, "4HKM": 0.0, "5HKM": 0.0, "Tribuni": 0.0, "Legati": 0.0 }, "geometry": { "type": "Point", "coordinates": [ 9.210606, 48.811975 ] } },
{ "type": "Feature", "properties": { "Id": 4.0, "Unidad": "II Aquitanorum Eq.", "Tipo": "Cohorte Equitata", "Provincia": "Norico", "X": 48.997419, "Y": 12.400461, "Num": 600.0, "Pedites": 480.0, "Equites": 120.0, "Localizaci": "W”rth an der Donau", "Origo": "Aquitanos", "RoadKM": 29.0, "Off_RoadKM": 15.0, "ForceKM": 35.0, "EmergencyK": 60.0, "1HKM": 0.0, "2HKM": 0.0, "3HKM": 0.0, "4HKM": 0.0, "5HKM": 0.0, "Tribuni": 0.0, "Legati": 0.0 }, "geometry": { "type": "Point", "coordinates": [ 12.400461, 48.997419 ] } },
{ "type": "Feature", "properties": { "Id": 5.0, "Unidad": "III Aquitanorum Eq.", "Tipo": "Cohorte Equitata", "Provincia": "Germania Superior", "X": 49.377003, "Y": 9.1692505, "Num": 600.0, "Pedites": 480.0, "Equites": 120.0, "Localizaci": "AdÿFlexum", "Origo": "Aquitanos", "RoadKM": 29.0, "Off_RoadKM": 15.0, "ForceKM": 35.0, "EmergencyK": 60.0, "1HKM": 0.0, "2HKM": 0.0, "3HKM": 0.0, "4HKM": 0.0, "5HKM": 0.0, "Tribuni": 0.0, "Legati": 0.0 }, "geometry": { "type": "Point", "coordinates": [ 9.1692505, 49.377003 ] } },
{ "type": "Feature", "properties": { "Id": 6.0, "Unidad": "Ala Afrorum veterana", "Tipo": "Alae", "Provincia": "Germania Inferior", "X": 51.79476, "Y": 6.303544, "Num": 480.0, "Pedites": 0.0, "Equites": 480.0, "Localizaci": "Kalkar, 158", "Origo": "Afri", "RoadKM": 29.0, "Off_RoadKM": 15.0, "ForceKM": 35.0, "EmergencyK": 60.0, "1HKM": 0.0, "2HKM": 0.0, "3HKM": 0.0, "4HKM": 0.0, "5HKM": 0.0, "Tribuni": 0.0, "Legati": 0.0 }, "geometry": { "type": "Point", "coordinates": [ 6.303544, 51.79476 ] } },
{ "type": "Feature", "properties": { "Id": 7.0, "Unidad": "Ala Apriana", "Tipo": "Alae", "Provincia": "Egipto", "X": 28.649751, "Y": 30.8668, "Num": 480.0, "Pedites": 0.0, "Equites": 480.0, "Localizaci": "Hipponos", "Origo": "Galos", "RoadKM": 29.0, "Off_RoadKM": 15.0, "ForceKM": 35.0, "EmergencyK": 60.0, "1HKM": 0.0, "2HKM": 0.0, "3HKM": 0.0, "4HKM": 0.0, "5HKM": 0.0, "Tribuni": 0.0, "Legati": 0.0 }, "geometry": { "type": "Point", "coordinates": [ 30.8668, 28.649751 ] } },
{ "type": "Feature", "properties": { "Id": 8.0, "Unidad": "Ala Augusta Gemelliana c.R", "Tipo": "Alae", "Provincia": "Mauretania Ting.", "X": 34.334964, "Y": -6.490479, "Num": 480.0, "Pedites": 0.0, "Equites": 480.0, "Localizaci": "Thamusida", "Origo": "Romanos", "RoadKM": 29.0, "Off_RoadKM": 15.0, "ForceKM": 35.0, "EmergencyK": 60.0, "1HKM": 0.0, "2HKM": 0.0, "3HKM": 0.0, "4HKM": 0.0, "5HKM": 0.0, "Tribuni": 0.0, "Legati": 0.0 }, "geometry": { "type": "Point", "coordinates": [ -6.490479, 34.334964 ] } },
{ "type": "Feature", "properties": { "Id": 9.0, "Unidad": "Ala Augusta Xoitiana", "Tipo": "Alae", "Provincia": "Egipto", "X": 31.108961, "Y": 30.93728, "Num": 480.0, "Pedites": 0.0, "Equites": 480.0, "Localizaci": "Xois", "Origo": "Egipcios", "RoadKM": 29.0, "Off_RoadKM": 15.0, "ForceKM": 35.0, "EmergencyK": 60.0, "1HKM": 0.0, "2HKM": 0.0, "3HKM": 0.0, "4HKM": 0.0, "5HKM": 0.0, "Tribuni": 0.0, "Legati": 0.0 }, "geometry": { "type": "Point", "coordinates": [ 30.93728, 31.108961 ] } },
{ "type": "Feature", "properties": { "Id": 10.0, "Unidad": "Ala I Augusta Gemina Colonorum", "Tipo": "Alae", "Provincia": "Cappadocia", "X": 38.684612, "Y": 38.387036, "Num": 480.0, "Pedites": 0.0, "Equites": 480.0, "Localizaci": "Kiakis", "Origo": "Romanos", "RoadKM": 29.0, "Off_RoadKM": 15.0, "ForceKM": 35.0, "EmergencyK": 60.0, "1HKM": 0.0, "2HKM": 0.0, "3HKM": 0.0, "4HKM": 0.0, "5HKM": 0.0, "Tribuni": 0.0, "Legati": 0.0 }, "geometry": { "type": "Point", "coordinates": [ 38.387036, 38.684612 ] } },
{ "type": "Feature", "properties": { "Id": 11.0, "Unidad": "Ala I Augusta Ituraeorum", "Tipo": "Alae", "Provincia": "Pannonia Inferior", "X": 45.066373, "Y": 20.321621, "Num": 480.0, "Pedites": 0.0, "Equites": 480.0, "Localizaci": "Rittium", "Origo": "Itureos", "RoadKM": 29.0, "Off_RoadKM": 15.0, "ForceKM": 35.0, "EmergencyK": 60.0, "1HKM": 0.0, "2HKM": 0.0, "3HKM": 0.0, "4HKM": 0.0, "5HKM": 0.0, "Tribuni": 0.0, "Legati": 0.0 }, "geometry": { "type": "Point", "coordinates": [ 20.321621, 45.066373 ] } },
{ "type": "Feature", "properties": { "Id": 12.0, "Unidad": "Ala I Commagenorum", "Tipo": "Ala Milliaria", "Provincia": "Norico", "X": 48.3310275, "Y": 16.052051, "Num": 1000.0, "Pedites": 0.0, "Equites": 1000.0, "Localizaci": "Comagena", "Origo": "Commagene", "RoadKM": 29.0, "Off_RoadKM": 15.0, "ForceKM": 35.0, "EmergencyK": 60.0, "1HKM": 0.0, "2HKM": 0.0, "3HKM": 0.0, "4HKM": 0.0, "5HKM": 0.0, "Tribuni": 0.0, "Legati": 0.0 }, "geometry": { "type": "Point", "coordinates": [ 16.052051, 48.3310275 ] } },
{ "type": "Feature", "properties": { "Id": 13.0, "Unidad": "Ala I Flavia", "Tipo": "Alae", "Provincia": "Germania Superior", "X": 50.391956, "Y": 8.8840215, "Num": 480.0, "Pedites": 0.0, "Equites": 480.0, "Localizaci": "Echzell", "Origo": "Romanos", "RoadKM": 29.0, "Off_RoadKM": 15.0, "ForceKM": 35.0, "EmergencyK": 60.0, "1HKM": 0.0, "2HKM": 0.0, "3HKM": 0.0, "4HKM": 0.0, "5HKM": 0.0, "Tribuni": 0.0, "Legati": 0.0 }, "geometry": { "type": "Point", "coordinates": [ 8.8840215, 50.391956 ] } },
{ "type": "Feature", "properties": { "Id": 14.0, "Unidad": "Ala I Flavia Agrippiana", "Tipo": "Alae", "Provincia": "Syriae", "X": 37.754402, "Y": 38.871403, "Num": 480.0, "Pedites": 0.0, "Equites": 480.0, "Localizaci": "Tille", "Origo": "Judios", "RoadKM": 29.0, "Off_RoadKM": 15.0, "ForceKM": 35.0, "EmergencyK": 60.0, "1HKM": 0.0, "2HKM": 0.0, "3HKM": 0.0, "4HKM": 0.0, "5HKM": 0.0, "Tribuni": 0.0, "Legati": 0.0 }, "geometry": { "type": "Point", "coordinates": [ 38.871403, 37.754402 ] } },
{ "type": "Feature", "properties": { "Id": 15.0, "Unidad": "Ala I Flavia Augusta Britannica", "Tipo": "Ala Milliaria", "Provincia": "Pannonia Inferior", "X": 46.9754585, "Y": 18.936992, "Num": 1000.0, "Pedites": 0.0, "Equites": 1000.0, "Localizaci": "Intercisa", "Origo": "Britanos", "RoadKM": 29.0, "Off_RoadKM": 15.0, "ForceKM": 35.0, "EmergencyK": 60.0, "1HKM": 0.0, "2HKM": 0.0, "3HKM": 0.0, "4HKM": 0.0, "5HKM": 0.0, "Tribuni": 0.0, "Legati": 0.0 }, "geometry": { "type": "Point", "coordinates": [ 18.936992, 46.9754585 ] } },
{ "type": "Feature", "properties": { "Id": 16.0, "Unidad": "Ala I Flavia Numidica", "Tipo": "Alae", "Provincia": "Mauretania Caes.", "X": 35.915902, "Y": 5.295675, "Num": 480.0, "Pedites": 0.0, "Equites": 480.0, "Localizaci": "A‹n Oulmene", "Origo": "Romanos", "RoadKM": 29.0, "Off_RoadKM": 15.0, "ForceKM": 35.0, "EmergencyK": 60.0, "1HKM": 0.0, "2HKM": 0.0, "3HKM": 0.0, "4HKM": 0.0, "5HKM": 0.0, "Tribuni": 0.0, "Legati": 0.0 }, "geometry": { "type": "Point", "coordinates": [ 5.295675, 35.915902 ] } },
{ "type": "Feature", "properties": { "Id": 17.0, "Unidad": "Ala I Gallorum Flaviana", "Tipo": "Alae", "Provincia": "Moesia Inf", "X": 44.685985, "Y": 27.951966, "Num": 480.0, "Pedites": 0.0, "Equites": 480.0, "Localizaci": "Carsium (Hƒr?ova", "Origo": "Galos", "RoadKM": 29.0, "Off_RoadKM": 15.0, "ForceKM": 35.0, "EmergencyK": 60.0, "1HKM": 0.0, "2HKM": 0.0, "3HKM": 0.0, "4HKM": 0.0, "5HKM": 0.0, "Tribuni": 0.0, "Legati": 0.0 }, "geometry": { "type": "Point", "coordinates": [ 27.951966, 44.685985 ] } },
{ "type": "Feature", "properties": { "Id": 18.0, "Unidad": "Ala I Nerviana Augusta", "Tipo": "Ala Milliaria", "Provincia": "Mauretania Caes.", "X": 35.31646, "Y": -0.049719, "Num": 1000.0, "Pedites": 0.0, "Equites": 1000.0, "Localizaci": "Aquae Sirensis", "Origo": "Britanos", "RoadKM": 29.0, "Off_RoadKM": 15.0, "ForceKM": 35.0, "EmergencyK": 60.0, "1HKM": 0.0, "2HKM": 0.0, "3HKM": 0.0, "4HKM": 0.0, "5HKM": 0.0, "Tribuni": 2.0, "Legati": 5.0 }, "geometry": { "type": "Point", "coordinates": [ -0.049719, 35.31646 ] } },
{ "type": "Feature", "properties": { "Id": 19.0, "Unidad": "Ala I Noricorum", "Tipo": "Alae", "Provincia": "Germania Superior", "X": 51.093062, "Y": 6.842095, "Num": 480.0, "Pedites": 0.0, "Equites": 480.0, "Localizaci": "Durnomagus", "Origo": "Norico", "RoadKM": 29.0, "Off_RoadKM": 15.0, "ForceKM": 35.0, "EmergencyK": 60.0, "1HKM": 0.0, "2HKM": 0.0, "3HKM": 0.0, "4HKM": 0.0, "5HKM": 0.0, "Tribuni": 0.0, "Legati": 0.0 }, "geometry": { "type": "Point", "coordinates": [ 6.842095, 51.093062 ] } },
{ "type": "Feature", "properties": { "Id": 20.0, "Unidad": "Ala I Pannoniorum", "Tipo": "Alae", "Provincia": "Moesia Inf", "X": 45.153802, "Y": 28.1920735, "Num": 480.0, "Pedites": 0.0, "Equites": 480.0, "Localizaci": "Troesmis", "Origo": "Panonios", "RoadKM": 29.0, "Off_RoadKM": 15.0, "ForceKM": 35.0, "EmergencyK": 60.0, "1HKM": 0.0, "2HKM": 0.0, "3HKM": 0.0, "4HKM": 0.0, "5HKM": 0.0, "Tribuni": 0.0, "Legati": 0.0 }, "geometry": { "type": "Point", "coordinates": [ 28.1920735, 45.153802 ] } },
{ "type": "Feature", "properties": { "Id": 21.0, "Unidad": "Ala I Pannoniorum (2)", "Tipo": "Alae", "Provincia": "µfrica", "X": 35.566667, "Y": 8.447222, "Num": 480.0, "Pedites": 0.0, "Equites": 480.0, "Localizaci": "Haidra", "Origo": "Panonios", "RoadKM": 29.0, "Off_RoadKM": 15.0, "ForceKM": 35.0, "EmergencyK": 60.0, "1HKM": 0.0, "2HKM": 0.0, "3HKM": 0.0, "4HKM": 0.0, "5HKM": 0.0, "Tribuni": 0.0, "Legati": 0.0 }, "geometry": { "type": "Point", "coordinates": [ 8.447222, 35.566667 ] } },
{ "type": "Feature", "properties": { "Id": 22.0, "Unidad": "Ala I Parthorum", "Tipo": "Alae", "Provincia": "Tarraconenis", "X": 42.594547, "Y": -4.33076, "Num": 480.0, "Pedites": 0.0, "Equites": 480.0, "Localizaci": "Pisoraca", "Origo": "Partos", "RoadKM": 29.0, "Off_RoadKM": 15.0, "ForceKM": 35.0, "EmergencyK": 60.0, "1HKM": 0.0, "2HKM": 0.0, "3HKM": 0.0, "4HKM": 0.0, "5HKM": 0.0, "Tribuni": 0.0, "Legati": 0.0 }, "geometry": { "type": "Point", "coordinates": [ -4.33076, 42.594547 ] } },
{ "type": "Feature", "properties": { "Id": 23.0, "Unidad": "Ala I Thracum Herculana", "Tipo": "Alae", "Provincia": "Egipto", "X": 25.996402, "Y": 32.815787, "Num": 480.0, "Pedites": 0.0, "Equites": 480.0, "Localizaci": "Koptos", "Origo": "Tracios", "RoadKM": 29.0, "Off_RoadKM": 15.0, "ForceKM": 35.0, "EmergencyK": 60.0, "1HKM": 0.0, "2HKM": 0.0, "3HKM": 0.0, "4HKM": 0.0, "5HKM": 0.0, "Tribuni": 0.0, "Legati": 0.0 }, "geometry": { "type": "Point", "coordinates": [ 32.815787, 25.996402 ] } },
{ "type": "Feature", "properties": { "Id": 24.0, "Unidad": "Ala I Thracum Mauretana", "Tipo": "Alae", "Provincia": "Egipto", "X": 55.036649, "Y": -2.945877, "Num": 480.0, "Pedites": 0.0, "Equites": 480.0, "Localizaci": "Castra Caesarias", "Origo": "Mixta", "RoadKM": 29.0, "Off_RoadKM": 15.0, "ForceKM": 35.0, "EmergencyK": 60.0, "1HKM": 0.0, "2HKM": 0.0, "3HKM": 0.0, "4HKM": 0.0, "5HKM": 0.0, "Tribuni": 0.0, "Legati": 0.0 }, "geometry": { "type": "Point", "coordinates": [ -2.945877, 55.036649 ] } },
{ "type": "Feature", "properties": { "Id": 25.0, "Unidad": "Ala I Tungrorum Frontoniana (1)", "Tipo": "Alae", "Provincia": "Pannonia Inferior", "X": 47.38697, "Y": 18.970035, "Num": 480.0, "Pedites": 0.0, "Equites": 480.0, "Localizaci": "Campona", "Origo": "Mixta", "RoadKM": 29.0, "Off_RoadKM": 15.0, "ForceKM": 35.0, "EmergencyK": 60.0, "1HKM": 0.0, "2HKM": 0.0, "3HKM": 0.0, "4HKM": 0.0, "5HKM": 0.0, "Tribuni": 0.0, "Legati": 0.0 }, "geometry": { "type": "Point", "coordinates": [ 18.970035, 47.38697 ] } },
{ "type": "Feature", "properties": { "Id": 26.0, "Unidad": "Ala I Tungrorum Frontoniana (2)", "Tipo": "Alae", "Provincia": "Dacia", "X": 45.122668, "Y": 21.300193, "Num": 480.0, "Pedites": 0.0, "Equites": 480.0, "Localizaci": "Vrsa‡", "Origo": "Mixta", "RoadKM": 29.0, "Off_RoadKM": 15.0, "ForceKM": 35.0, "EmergencyK": 60.0, "1HKM": 0.0, "2HKM": 0.0, "3HKM": 0.0, "4HKM": 0.0, "5HKM": 0.0, "Tribuni": 0.0, "Legati": 0.0 }, "geometry": { "type": "Point", "coordinates": [ 21.300193, 45.122668 ] } },
{ "type": "Feature", "properties": { "Id": 27.0, "Unidad": "Ala I Vespasiana Dardanorum", "Tipo": "Alae", "Provincia": "Moesia Inf", "X": 45.2462004, "Y": 28.13208745, "Num": 480.0, "Pedites": 0.0, "Equites": 480.0, "Localizaci": "Arubium", "Origo": "Dardania", "RoadKM": 29.0, "Off_RoadKM": 15.0, "ForceKM": 35.0, "EmergencyK": 60.0, "1HKM": 0.0, "2HKM": 0.0, "3HKM": 0.0, "4HKM": 0.0, "5HKM": 0.0, "Tribuni": 0.0, "Legati": 0.0 }, "geometry": { "type": "Point", "coordinates": [ 28.13208745, 45.2462004 ] } },
{ "type": "Feature", "properties": { "Id": 28.0, "Unidad": "Ala II Asturum", "Tipo": "Alae", "Provincia": "Britannia", "X": 55.02587545, "Y": -2.139793804, "Num": 480.0, "Pedites": 0.0, "Equites": 480.0, "Localizaci": "Cilurnum", "Origo": "Hispanos", "RoadKM": 29.0, "Off_RoadKM": 15.0, "ForceKM": 35.0, "EmergencyK": 60.0, "1HKM": 0.0, "2HKM": 0.0, "3HKM": 0.0, "4HKM": 0.0, "5HKM": 0.0, "Tribuni": 0.0, "Legati": 0.0 }, "geometry": { "type": "Point", "coordinates": [ -2.139793804, 55.02587545 ] } },
{ "type": "Feature", "properties": { "Id": 29.0, "Unidad": "Ala II Flavia", "Tipo": "Ala Milliaria", "Provincia": "Raetia", "X": 48.835778, "Y": 10.0873105, "Num": 1000.0, "Pedites": 0.0, "Equites": 1000.0, "Localizaci": "Aalen", "Origo": "Romanos", "RoadKM": 29.0, "Off_RoadKM": 15.0, "ForceKM": 35.0, "EmergencyK": 60.0, "1HKM": 0.0, "2HKM": 0.0, "3HKM": 0.0, "4HKM": 0.0, "5HKM": 0.0, "Tribuni": 0.0, "Legati": 0.0 }, "geometry": { "type": "Point", "coordinates": [ 10.0873105, 48.835778 ] } },
{ "type": "Feature", "properties": { "Id": 30.0, "Unidad": "Ala II Flavia Hispanorum", "Tipo": "Alae", "Provincia": "Tarraconenis", "X": 42.0898132, "Y": -5.9981701, "Num": 480.0, "Pedites": 0.0, "Equites": 480.0, "Localizaci": "Petavonium", "Origo": "Hispanos", "RoadKM": 29.0, "Off_RoadKM": 15.0, "ForceKM": 35.0, "EmergencyK": 60.0, "1HKM": 0.0, "2HKM": 0.0, "3HKM": 0.0, "4HKM": 0.0, "5HKM": 0.0, "Tribuni": 0.0, "Legati": 0.0 }, "geometry": { "type": "Point", "coordinates": [ -5.9981701, 42.0898132 ] } },
{ "type": "Feature", "properties": { "Id": 31.0, "Unidad": "Ala II Flavia milliaria", "Tipo": "Ala Milliaria", "Provincia": "Raetia", "X": 48.835778, "Y": 10.0873105, "Num": 1000.0, "Pedites": 0.0, "Equites": 1000.0, "Localizaci": "Aalen", "Origo": "Mixta", "RoadKM": 29.0, "Off_RoadKM": 15.0, "ForceKM": 35.0, "EmergencyK": 60.0, "1HKM": 0.0, "2HKM": 0.0, "3HKM": 0.0, "4HKM": 0.0, "5HKM": 0.0, "Tribuni": 0.0, "Legati": 0.0 }, "geometry": { "type": "Point", "coordinates": [ 10.0873105, 48.835778 ] } },
{ "type": "Feature", "properties": { "Id": 32.0, "Unidad": "Ala Sebastena", "Tipo": "Alae", "Provincia": "Syriae", "X": 34.568572, "Y": 38.29334, "Num": 480.0, "Pedites": 0.0, "Equites": 480.0, "Localizaci": "Palmyra", "Origo": "S mara", "RoadKM": 29.0, "Off_RoadKM": 15.0, "ForceKM": 35.0, "EmergencyK": 60.0, "1HKM": 0.0, "2HKM": 0.0, "3HKM": 0.0, "4HKM": 0.0, "5HKM": 0.0, "Tribuni": 0.0, "Legati": 0.0 }, "geometry": { "type": "Point", "coordinates": [ 38.29334, 34.568572 ] } },
{ "type": "Feature", "properties": { "Id": 33.0, "Unidad": "Ala Veterana Gallica", "Tipo": "Alae", "Provincia": "Egipto", "X": 31.2135, "Y": 29.927661, "Num": 480.0, "Pedites": 0.0, "Equites": 480.0, "Localizaci": "Alexandria", "Origo": "Galos", "RoadKM": 29.0, "Off_RoadKM": 15.0, "ForceKM": 35.0, "EmergencyK": 60.0, "1HKM": 0.0, "2HKM": 0.0, "3HKM": 0.0, "4HKM": 0.0, "5HKM": 0.0, "Tribuni": 0.0, "Legati": 0.0 }, "geometry": { "type": "Point", "coordinates": [ 29.927661, 31.2135 ] } },
{ "type": "Feature", "properties": { "Id": 34.0, "Unidad": "Antiana Gallorum", "Tipo": "Alae", "Provincia": "Iudea", "X": 32.5033615, "Y": 35.502981, "Num": 480.0, "Pedites": 0.0, "Equites": 480.0, "Localizaci": "Scythopolis", "Origo": "Galos", "RoadKM": 29.0, "Off_RoadKM": 15.0, "ForceKM": 35.0, "EmergencyK": 60.0, "1HKM": 0.0, "2HKM": 0.0, "3HKM": 0.0, "4HKM": 0.0, "5HKM": 0.0, "Tribuni": 0.0, "Legati": 0.0 }, "geometry": { "type": "Point", "coordinates": [ 35.502981, 32.5033615 ] } },
{ "type": "Feature", "properties": { "Id": 35.0, "Unidad": "Augusta Gallorum Petriana", "Tipo": "Alae", "Provincia": "Britannia", "X": 54.95134, "Y": -2.60565, "Num": 480.0, "Pedites": 0.0, "Equites": 480.0, "Localizaci": "Corbridge", "Origo": "Galos", "RoadKM": 29.0, "Off_RoadKM": 15.0, "ForceKM": 35.0, "EmergencyK": 60.0, "1HKM": 0.0, "2HKM": 0.0, "3HKM": 0.0, "4HKM": 0.0, "5HKM": 0.0, "Tribuni": 0.0, "Legati": 0.0 }, "geometry": { "type": "Point", "coordinates": [ -2.60565, 54.95134 ] } },
{ "type": "Feature", "properties": { "Id": 36.0, "Unidad": "Augusta Gallorum Proculeiana", "Tipo": "Alae", "Provincia": "Britannia", "X": 55.02587545, "Y": -2.13979380446, "Num": 480.0, "Pedites": 0.0, "Equites": 480.0, "Localizaci": "Cilurnum", "Origo": "Galos", "RoadKM": 29.0, "Off_RoadKM": 15.0, "ForceKM": 35.0, "EmergencyK": 60.0, "1HKM": 0.0, "2HKM": 0.0, "3HKM": 0.0, "4HKM": 0.0, "5HKM": 0.0, "Tribuni": 0.0, "Legati": 0.0 }, "geometry": { "type": "Point", "coordinates": [ -2.13979380446, 55.02587545 ] } },
{ "type": "Feature", "properties": { "Id": 37.0, "Unidad": "Augusta Vocontiorum c.R", "Tipo": "Alae", "Provincia": "Britannia", "X": 55.59958, "Y": -2.699279, "Num": 480.0, "Pedites": 0.0, "Equites": 480.0, "Localizaci": "Newstead", "Origo": "Galos", "RoadKM": 29.0, "Off_RoadKM": 15.0, "ForceKM": 35.0, "EmergencyK": 60.0, "1HKM": 0.0, "2HKM": 0.0, "3HKM": 0.0, "4HKM": 0.0, "5HKM": 0.0, "Tribuni": 0.0, "Legati": 0.0 }, "geometry": { "type": "Point", "coordinates": [ -2.699279, 55.59958 ] } },
{ "type": "Feature", "properties": { "Id": 38.0, "Unidad": "Cohors II Italica", "Tipo": "Cohorte", "Provincia": "Iudea", "X": 32.501833, "Y": 34.900416, "Num": 480.0, "Pedites": 480.0, "Equites": 0.0, "Localizaci": "Caesarea", "Origo": "Italianos", "RoadKM": 29.0, "Off_RoadKM": 15.0, "ForceKM": 35.0, "EmergencyK": 60.0, "1HKM": 0.0, "2HKM": 0.0, "3HKM": 0.0, "4HKM": 0.0, "5HKM": 0.0, "Tribuni": 0.0, "Legati": 0.0 }, "geometry": { "type": "Point", "coordinates": [ 34.900416, 32.501833 ] } },
{ "type": "Feature", "properties": { "Id": 39.0, "Unidad": "Gallorum Atectorigiana", "Tipo": "Alae", "Provincia": "Moesia Inf", "X": 43.987675, "Y": 26.245621, "Num": 480.0, "Pedites": 0.0, "Equites": 480.0, "Localizaci": "Appiaria", "Origo": "Galos", "RoadKM": 29.0, "Off_RoadKM": 15.0, "ForceKM": 35.0, "EmergencyK": 60.0, "1HKM": 0.0, "2HKM": 0.0, "3HKM": 0.0, "4HKM": 0.0, "5HKM": 0.0, "Tribuni": 0.0, "Legati": 0.0 }, "geometry": { "type": "Point", "coordinates": [ 26.245621, 43.987675 ] } },
{ "type": "Feature", "properties": { "Id": 40.0, "Unidad": "Gallorum Picentiana", "Tipo": "Alae", "Provincia": "Britannia", "X": 54.670589, "Y": -3.38215, "Num": 480.0, "Pedites": 0.0, "Equites": 480.0, "Localizaci": "Derventio", "Origo": "Galos", "RoadKM": 29.0, "Off_RoadKM": 15.0, "ForceKM": 35.0, "EmergencyK": 60.0, "1HKM": 0.0, "2HKM": 0.0, "3HKM": 0.0, "4HKM": 0.0, "5HKM": 0.0, "Tribuni": 0.0, "Legati": 0.0 }, "geometry": { "type": "Point", "coordinates": [ -3.38215, 54.670589 ] } },
{ "type": "Feature", "properties": { "Id": 41.0, "Unidad": "I Adiutrix", "Tipo": "Legi¢n", "Provincia": "Pannonia Inferior", "X": 47.735239, "Y": 18.169507, "Num": 5200.0, "Pedites": 5200.0, "Equites": 120.0, "Localizaci": "Brigetio", "Origo": "Legio", "RoadKM": 29.0, "Off_RoadKM": 15.0, "ForceKM": 35.0, "EmergencyK": 60.0, "1HKM": 0.0, "2HKM": 0.0, "3HKM": 0.0, "4HKM": 0.0, "5HKM": 0.0, "Tribuni": 2.0, "Legati": 5.0 }, "geometry": { "type": "Point", "coordinates": [ 18.169507, 47.735239 ] } },
{ "type": "Feature", "properties": { "Id": 42.0, "Unidad": "I Aelia Athoitarum", "Tipo": "Alae", "Provincia": "Tracia", "X": 43.138793, "Y": 24.715914, "Num": 480.0, "Pedites": 0.0, "Equites": 480.0, "Localizaci": "Lovec", "Origo": "Tracios", "RoadKM": 29.0, "Off_RoadKM": 15.0, "ForceKM": 35.0, "EmergencyK": 60.0, "1HKM": 0.0, "2HKM": 0.0, "3HKM": 0.0, "4HKM": 0.0, "5HKM": 0.0, "Tribuni": 0.0, "Legati": 0.0 }, "geometry": { "type": "Point", "coordinates": [ 24.715914, 43.138793 ] } },
{ "type": "Feature", "properties": { "Id": 43.0, "Unidad": "I Aelia Classica", "Tipo": "Cohorte", "Provincia": "Britannia", "X": 54.97709445, "Y": -1.664241498, "Num": 480.0, "Pedites": 480.0, "Equites": 0.0, "Localizaci": "Traiectum", "Origo": "Morini", "RoadKM": 29.0, "Off_RoadKM": 15.0, "ForceKM": 35.0, "EmergencyK": 60.0, "1HKM": 0.0, "2HKM": 0.0, "3HKM": 0.0, "4HKM": 0.0, "5HKM": 0.0, "Tribuni": 0.0, "Legati": 0.0 }, "geometry": { "type": "Point", "coordinates": [ -1.664241498, 54.97709445 ] } },
{ "type": "Feature", "properties": { "Id": 44.0, "Unidad": "I Aelia Dacorum", "Tipo": "Cohorte Milliaria", "Provincia": "Britannia", "X": 54.988916929799998, "Y": -2.6088523907900001, "Num": 800.0, "Pedites": 800.0, "Equites": 0.0, "Localizaci": "Birdoswald", "Origo": "Dacios", "RoadKM": 29.0, "Off_RoadKM": 15.0, "ForceKM": 35.0, "EmergencyK": 60.0, "1HKM": 0.0, "2HKM": 0.0, "3HKM": 0.0, "4HKM": 0.0, "5HKM": 0.0, "Tribuni": 0.0, "Legati": 0.0 }, "geometry": { "type": "Point", "coordinates": [ -2.60885239079, 54.988916929799998 ] } },
{ "type": "Feature", "properties": { "Id": 45.0, "Unidad": "I Aelia Gaesatorum milliaria sagitt", "Tipo": "Cohorte Milliaria", "Provincia": "Dacia", "X": 46.886715, "Y": 22.879381, "Num": 800.0, "Pedites": 800.0, "Equites": 0.0, "Localizaci": "Resculum", "Origo": "Sirios", "RoadKM": 29.0, "Off_RoadKM": 15.0, "ForceKM": 35.0, "EmergencyK": 60.0, "1HKM": 0.0, "2HKM": 0.0, "3HKM": 0.0, "4HKM": 0.0, "5HKM": 0.0, "Tribuni": 0.0, "Legati": 0.0 }, "geometry": { "type": "Point", "coordinates": [ 22.879381, 46.886715 ] } },
{ "type": "Feature", "properties": { "Id": 46.0, "Unidad": "I Aelia Hispanorum Mill. Eq.", "Tipo": "Cohorte Milliaria Eq.", "Provincia": "Britannia", "X": 54.715608, "Y": -3.491554, "Num": 1056.0, "Pedites": 800.0, "Equites": 256.0, "Localizaci": "Maryport", "Origo": "Hispanos", "RoadKM": 29.0, "Off_RoadKM": 15.0, "ForceKM": 35.0, "EmergencyK": 60.0, "1HKM": 0.0, "2HKM": 0.0, "3HKM": 0.0, "4HKM": 0.0, "5HKM": 0.0, "Tribuni": 0.0, "Legati": 0.0 }, "geometry": { "type": "Point", "coordinates": [ -3.491554, 54.715608 ] } },
{ "type": "Feature", "properties": { "Id": 47.0, "Unidad": "I Aelia Sagittariorum", "Tipo": "Cohor Milliaria Equitata", "Provincia": "Norico", "X": 48.311189, "Y": 16.327477, "Num": 1056.0, "Pedites": 800.0, "Equites": 256.0, "Localizaci": "Klosterneuburg", "Origo": "Caesarea", "RoadKM": 29.0, "Off_RoadKM": 15.0, "ForceKM": 35.0, "EmergencyK": 60.0, "1HKM": 0.0, "2HKM": 0.0, "3HKM": 0.0, "4HKM": 0.0, "5HKM": 0.0, "Tribuni": 0.0, "Legati": 0.0 }, "geometry": { "type": "Point", "coordinates": [ 16.327477, 48.311189 ] } },
{ "type": "Feature", "properties": { "Id": 48.0, "Unidad": "I Alpinorum", "Tipo": "Cohorte", "Provincia": "Pannonia Inferior", "X": 46.655866, "Y": 18.881816, "Num": 480.0, "Pedites": 480.0, "Equites": 0.0, "Localizaci": "Lussonium", "Origo": "Alpinos", "RoadKM": 29.0, "Off_RoadKM": 15.0, "ForceKM": 35.0, "EmergencyK": 60.0, "1HKM": 0.0, "2HKM": 0.0, "3HKM": 0.0, "4HKM": 0.0, "5HKM": 0.0, "Tribuni": 0.0, "Legati": 0.0 }, "geometry": { "type": "Point", "coordinates": [ 18.881816, 46.655866 ] } },
{ "type": "Feature", "properties": { "Id": 49.0, "Unidad": "I Alpinorum equitata", "Tipo": "Cohorte Equitata", "Provincia": "Pannonia Inferior", "X": 47.3086945, "Y": 18.9147455, "Num": 600.0, "Pedites": 480.0, "Equites": 120.0, "Localizaci": "Matrica", "Origo": "Alpinos", "RoadKM": 29.0, "Off_RoadKM": 15.0, "ForceKM": 35.0, "EmergencyK": 60.0, "1HKM": 0.0, "2HKM": 0.0, "3HKM": 0.0, "4HKM": 0.0, "5HKM": 0.0, "Tribuni": 0.0, "Legati": 0.0 }, "geometry": { "type": "Point", "coordinates": [ 18.9147455, 47.3086945 ] } },
{ "type": "Feature", "properties": { "Id": 50.0, "Unidad": "I Antiana Gallorum Thracum Sagittaria", "Tipo": "Alae", "Provincia": "Iudea", "X": 31.5977755, "Y": 34.8919565, "Num": 480.0, "Pedites": 0.0, "Equites": 480.0, "Localizaci": "ÿBeit Guvrin", "Origo": "Mixta", "RoadKM": 29.0, "Off_RoadKM": 15.0, "ForceKM": 35.0, "EmergencyK": 60.0, "1HKM": 0.0, "2HKM": 0.0, "3HKM": 0.0, "4HKM": 0.0, "5HKM": 0.0, "Tribuni": 0.0, "Legati": 0.0 }, "geometry": { "type": "Point", "coordinates": [ 34.8919565, 31.5977755 ] } },
{ "type": "Feature", "properties": { "Id": 51.0, "Unidad": "I Antiochensium sagittaria", "Tipo": "Cohorte", "Provincia": "Dacia", "X": 45.023624, "Y": 24.312234, "Num": 480.0, "Pedites": 480.0, "Equites": 0.0, "Localizaci": "Limes Alutanus", "Origo": "Antiochia", "RoadKM": 29.0, "Off_RoadKM": 15.0, "ForceKM": 35.0, "EmergencyK": 60.0, "1HKM": 0.0, "2HKM": 0.0, "3HKM": 0.0, "4HKM": 0.0, "5HKM": 0.0, "Tribuni": 0.0, "Legati": 0.0 }, "geometry": { "type": "Point", "coordinates": [ 24.312234, 45.023624 ] } },
{ "type": "Feature", "properties": { "Id": 52.0, "Unidad": "I Apamenorum", "Tipo": "Cohorte Equitata", "Provincia": "Egipto", "X": 26.779471, "Y": 31.555114, "Num": 600.0, "Pedites": 480.0, "Equites": 120.0, "Localizaci": "Selino", "Origo": "Apameos", "RoadKM": 29.0, "Off_RoadKM": 15.0, "ForceKM": 35.0, "EmergencyK": 60.0, "1HKM": 0.0, "2HKM": 0.0, "3HKM": 0.0, "4HKM": 0.0, "5HKM": 0.0, "Tribuni": 0.0, "Legati": 0.0 }, "geometry": { "type": "Point", "coordinates": [ 31.555114, 26.779471 ] } },
{ "type": "Feature", "properties": { "Id": 53.0, "Unidad": "I Aquitanorum Biturigum", "Tipo": "Cohorte", "Provincia": "Germania Superior", "X": 48.166687, "Y": 8.627925, "Num": 480.0, "Pedites": 480.0, "Equites": 0.0, "Localizaci": "Arae Flaviae", "Origo": "Aquitanos", "RoadKM": 29.0, "Off_RoadKM": 15.0, "ForceKM": 35.0, "EmergencyK": 60.0, "1HKM": 0.0, "2HKM": 0.0, "3HKM": 0.0, "4HKM": 0.0, "5HKM": 0.0, "Tribuni": 0.0, "Legati": 0.0 }, "geometry": { "type": "Point", "coordinates": [ 8.627925, 48.166687 ] } },
{ "type": "Feature", "properties": { "Id": 54.0, "Unidad": "I Ascalonitarum Sagittaria", "Tipo": "Cohorte Equitata", "Provincia": "Syriae", "X": 36.6551955, "Y": 38.0947305, "Num": 480.0, "Pedites": 480.0, "Equites": 120.0, "Localizaci": "Caeciliana", "Origo": "Ascal¢n", "RoadKM": 29.0, "Off_RoadKM": 15.0, "ForceKM": 35.0, "EmergencyK": 60.0, "1HKM": 0.0, "2HKM": 0.0, "3HKM": 0.0, "4HKM": 0.0, "5HKM": 0.0, "Tribuni": 0.0, "Legati": 0.0 }, "geometry": { "type": "Point", "coordinates": [ 38.0947305, 36.6551955 ] } },
{ "type": "Feature", "properties": { "Id": 55.0, "Unidad": "I Asturum Callaecorum c.R", "Tipo": "Cohorte", "Provincia": "Mauretania Ting.", "X": 34.111025, "Y": -5.507561, "Num": 480.0, "Pedites": 480.0, "Equites": 0.0, "Localizaci": "Ain Schkour", "Origo": "Astures", "RoadKM": 29.0, "Off_RoadKM": 15.0, "ForceKM": 35.0, "EmergencyK": 60.0, "1HKM": 0.0, "2HKM": 0.0, "3HKM": 0.0, "4HKM": 0.0, "5HKM": 0.0, "Tribuni": 0.0, "Legati": 0.0 }, "geometry": { "type": "Point", "coordinates": [ -5.507561, 34.111025 ] } },
{ "type": "Feature", "properties": { "Id": 56.0, "Unidad": "I Asturum equitata", "Tipo": "Cohorte Equitata", "Provincia": "Germania Superior", "X": 49.080216, "Y": 9.557734, "Num": 600.0, "Pedites": 480.0, "Equites": 120.0, "Localizaci": "Mainhardt", "Origo": "Astures", "RoadKM": 29.0, "Off_RoadKM": 15.0, "ForceKM": 35.0, "EmergencyK": 60.0, "1HKM": 0.0, "2HKM": 0.0, "3HKM": 0.0, "4HKM": 0.0, "5HKM": 0.0, "Tribuni": 0.0, "Legati": 0.0 }, "geometry": { "type": "Point", "coordinates": [ 9.557734, 49.080216 ] } },
{ "type": "Feature", "properties": { "Id": 57.0, "Unidad": "I Augusta Gallorum", "Tipo": "Alae", "Provincia": "Mauretania Ting.", "X": 34.038091, "Y": -5.581064, "Num": 480.0, "Pedites": 0.0, "Equites": 480.0, "Localizaci": "Tocolosida", "Origo": "Galos", "RoadKM": 29.0, "Off_RoadKM": 15.0, "ForceKM": 35.0, "EmergencyK": 60.0, "1HKM": 0.0, "2HKM": 0.0, "3HKM": 0.0, "4HKM": 0.0, "5HKM": 0.0, "Tribuni": 0.0, "Legati": 0.0 }, "geometry": { "type": "Point", "coordinates": [ -5.581064, 34.038091 ] } },
{ "type": "Feature", "properties": { "Id": 58.0, "Unidad": "I Augusta Ituraeorum", "Tipo": "Cohorte", "Provincia": "Pannonia Inferior", "X": 46.626503, "Y": 24.875626, "Num": 480.0, "Pedites": 480.0, "Equites": 0.0, "Localizaci": "C?lug?reni", "Origo": "Itureos", "RoadKM": 29.0, "Off_RoadKM": 15.0, "ForceKM": 35.0, "EmergencyK": 60.0, "1HKM": 0.0, "2HKM": 0.0, "3HKM": 0.0, "4HKM": 0.0, "5HKM": 0.0, "Tribuni": 0.0, "Legati": 0.0 }, "geometry": { "type": "Point", "coordinates": [ 24.875626, 46.626503 ] } },
{ "type": "Feature", "properties": { "Id": 59.0, "Unidad": "I Augusta Lusitanorum Praetoria Eq.", "Tipo": "Cohorte Equitata", "Provincia": "Egipto", "X": 25.720556, "Y": 32.610278, "Num": 600.0, "Pedites": 480.0, "Equites": 120.0, "Localizaci": "Thebas", "Origo": "Lusitanos", "RoadKM": 29.0, "Off_RoadKM": 15.0, "ForceKM": 35.0, "EmergencyK": 60.0, "1HKM": 0.0, "2HKM": 0.0, "3HKM": 0.0, "4HKM": 0.0, "5HKM": 0.0, "Tribuni": 0.0, "Legati": 0.0 }, "geometry": { "type": "Point", "coordinates": [ 32.610278, 25.720556 ] } },
{ "type": "Feature", "properties": { "Id": 60.0, "Unidad": "I Augusta Nerviana Germanorum", "Tipo": "Cohorte Milliaria", "Provincia": "Britannia", "X": 55.064979468799997, "Y": -3.2243870719899999, "Num": 800.0, "Pedites": 800.0, "Equites": 0.0, "Localizaci": "Birrens", "Origo": "Nervios", "RoadKM": 29.0, "Off_RoadKM": 15.0, "ForceKM": 35.0, "EmergencyK": 60.0, "1HKM": 0.0, "2HKM": 0.0, "3HKM": 0.0, "4HKM": 0.0, "5HKM": 0.0, "Tribuni": 0.0, "Legati": 0.0 }, "geometry": { "type": "Point", "coordinates": [ -3.22438707199, 55.064979468799997 ] } },
{ "type": "Feature", "properties": { "Id": 61.0, "Unidad": "I Augusta Pacensis Nervia Brittonum", "Tipo": "Cohorte Milliaria", "Provincia": "Pannonia Inferior", "X": 46.312562, "Y": 18.757918, "Num": 800.0, "Pedites": 800.0, "Equites": 0.0, "Localizaci": "Alisca", "Origo": "Britanos", "RoadKM": 29.0, "Off_RoadKM": 15.0, "ForceKM": 35.0, "EmergencyK": 60.0, "1HKM": 0.0, "2HKM": 0.0, "3HKM": 0.0, "4HKM": 0.0, "5HKM": 0.0, "Tribuni": 0.0, "Legati": 0.0 }, "geometry": { "type": "Point", "coordinates": [ 18.757918, 46.312562 ] } },
{ "type": "Feature", "properties": { "Id": 62.0, "Unidad": "I Augusta Pannoniorum", "Tipo": "Cohorte Equitata", "Provincia": "Mauretania Caes.", "X": 36.3176905, "Y": 5.73668362, "Num": 600.0, "Pedites": 480.0, "Equites": 120.0, "Localizaci": "Djemila", "Origo": "Panonios", "RoadKM": 29.0, "Off_RoadKM": 15.0, "ForceKM": 35.0, "EmergencyK": 60.0, "1HKM": 0.0, "2HKM": 0.0, "3HKM": 0.0, "4HKM": 0.0, "5HKM": 0.0, "Tribuni": 0.0, "Legati": 0.0 }, "geometry": { "type": "Point", "coordinates": [ 5.73668362, 36.3176905 ] } },
{ "type": "Feature", "properties": { "Id": 63.0, "Unidad": "I Augusta Thracum", "Tipo": "Cohorte Equitata", "Provincia": "Norico", "X": 48.3422145, "Y": 15.7380965, "Num": 600.0, "Pedites": 480.0, "Equites": 120.0, "Localizaci": "Augustiana", "Origo": "Tracios", "RoadKM": 29.0, "Off_RoadKM": 15.0, "ForceKM": 35.0, "EmergencyK": 60.0, "1HKM": 0.0, "2HKM": 0.0, "3HKM": 0.0, "4HKM": 0.0, "5HKM": 0.0, "Tribuni": 0.0, "Legati": 0.0 }, "geometry": { "type": "Point", "coordinates": [ 15.7380965, 48.3422145 ] } },
{ "type": "Feature", "properties": { "Id": 64.0, "Unidad": "I Baetasiorum", "Tipo": "Cohorte", "Provincia": "Britannia", "X": 55.956526, "Y": -4.083657, "Num": 480.0, "Pedites": 480.0, "Equites": 0.0, "Localizaci": "Bar Hill", "Origo": "Baetasi", "RoadKM": 29.0, "Off_RoadKM": 15.0, "ForceKM": 35.0, "EmergencyK": 60.0, "1HKM": 0.0, "2HKM": 0.0, "3HKM": 0.0, "4HKM": 0.0, "5HKM": 0.0, "Tribuni": 0.0, "Legati": 0.0 }, "geometry": { "type": "Point", "coordinates": [ -4.083657, 55.956526 ] } },
{ "type": "Feature", "properties": { "Id": 65.0, "Unidad": "I Batavorum", "Tipo": "Cohorte Milliaria", "Provincia": "Britannia", "X": 55.034595701299999, "Y": -2.2221794615400001, "Num": 800.0, "Pedites": 800.0, "Equites": 0.0, "Localizaci": "Carrawburgh", "Origo": "Batavos", "RoadKM": 29.0, "Off_RoadKM": 15.0, "ForceKM": 35.0, "EmergencyK": 60.0, "1HKM": 0.0, "2HKM": 0.0, "3HKM": 0.0, "4HKM": 0.0, "5HKM": 0.0, "Tribuni": 0.0, "Legati": 0.0 }, "geometry": { "type": "Point", "coordinates": [ -2.22217946154, 55.034595701299999 ] } },
{ "type": "Feature", "properties": { "Id": 66.0, "Unidad": "I Batavorum c.R mill.", "Tipo": "Ala Milliaria", "Provincia": "Dacia", "X": 47.147473, "Y": 23.207105, "Num": 800.0, "Pedites": 0.0, "Equites": 800.0, "Localizaci": "Certinae", "Origo": "Batavos", "RoadKM": 29.0, "Off_RoadKM": 15.0, "ForceKM": 35.0, "EmergencyK": 60.0, "1HKM": 0.0, "2HKM": 0.0, "3HKM": 0.0, "4HKM": 0.0, "5HKM": 0.0, "Tribuni": 0.0, "Legati": 0.0 }, "geometry": { "type": "Point", "coordinates": [ 23.213003299300695, 47.161762341610448 ] } },
{ "type": "Feature", "properties": { "Id": 67.0, "Unidad": "I Belgarum", "Tipo": "Cohorte Equitata", "Provincia": "Dalmatia", "X": 43.214714, "Y": 17.838322, "Num": 600.0, "Pedites": 480.0, "Equites": 120.0, "Localizaci": "Bigeste", "Origo": "Belgae", "RoadKM": 29.0, "Off_RoadKM": 15.0, "ForceKM": 35.0, "EmergencyK": 60.0, "1HKM": 0.0, "2HKM": 0.0, "3HKM": 0.0, "4HKM": 0.0, "5HKM": 0.0, "Tribuni": 0.0, "Legati": 0.0 }, "geometry": { "type": "Point", "coordinates": [ 17.838322, 43.214714 ] } },
{ "type": "Feature", "properties": { "Id": 68.0, "Unidad": "I Bosporanorum", "Tipo": "Cohorte", "Provincia": "Cappadocia", "X": 47.729974, "Y": 18.260949, "Num": 480.0, "Pedites": 480.0, "Equites": 0.0, "Localizaci": "Odiavum", "Origo": "Bosforanos", "RoadKM": 29.0, "Off_RoadKM": 15.0, "ForceKM": 35.0, "EmergencyK": 60.0, "1HKM": 0.0, "2HKM": 0.0, "3HKM": 0.0, "4HKM": 0.0, "5HKM": 0.0, "Tribuni": 0.0, "Legati": 0.0 }, "geometry": { "type": "Point", "coordinates": [ 18.260949, 47.729974 ] } },
{ "type": "Feature", "properties": { "Id": 69.0, "Unidad": "I Bosporiana", "Tipo": "Alae", "Provincia": "Pannonia Superior", "X": 47.729974, "Y": 18.260949, "Num": 480.0, "Pedites": 0.0, "Equites": 480.0, "Localizaci": "Odiavum", "Origo": "Bosforanos", "RoadKM": 29.0, "Off_RoadKM": 15.0, "ForceKM": 35.0, "EmergencyK": 60.0, "1HKM": 0.0, "2HKM": 0.0, "3HKM": 0.0, "4HKM": 0.0, "5HKM": 0.0, "Tribuni": 0.0, "Legati": 0.0 }, "geometry": { "type": "Point", "coordinates": [ 18.260949, 47.729974 ] } },
{ "type": "Feature", "properties": { "Id": 70.0, "Unidad": "I Bracaraugustanorum c.R", "Tipo": "Cohorte Equitata", "Provincia": "Dacia", "X": 46.050071, "Y": 26.311801, "Num": 600.0, "Pedites": 480.0, "Equites": 120.0, "Localizaci": "Bretcu", "Origo": "Bracari", "RoadKM": 29.0, "Off_RoadKM": 15.0, "ForceKM": 35.0, "EmergencyK": 60.0, "1HKM": 0.0, "2HKM": 0.0, "3HKM": 0.0, "4HKM": 0.0, "5HKM": 0.0, "Tribuni": 0.0, "Legati": 0.0 }, "geometry": { "type": "Point", "coordinates": [ 26.311801, 46.050071 ] } },
{ "type": "Feature", "properties": { "Id": 71.0, "Unidad": "I Breucorum  c.R", "Tipo": "Cohorte Equitata", "Provincia": "Raetia", "X": 48.883905, "Y": 11.26369, "Num": 600.0, "Pedites": 480.0, "Equites": 120.0, "Localizaci": "Pfunz", "Origo": "Breuci", "RoadKM": 29.0, "Off_RoadKM": 15.0, "ForceKM": 35.0, "EmergencyK": 60.0, "1HKM": 0.0, "2HKM": 0.0, "3HKM": 0.0, "4HKM": 0.0, "5HKM": 0.0, "Tribuni": 0.0, "Legati": 0.0 }, "geometry": { "type": "Point", "coordinates": [ 11.26369, 48.883905 ] } },
{ "type": "Feature", "properties": { "Id": 72.0, "Unidad": "I Britannica miliaria  Eq, c.R", "Tipo": "Cohor Milliaria Equitata", "Provincia": "Dacia", "X": 47.179329, "Y": 23.156733, "Num": 1056.0, "Pedites": 800.0, "Equites": 256.0, "Localizaci": "Moigrad", "Origo": "Britanos", "RoadKM": 29.0, "Off_RoadKM": 15.0, "ForceKM": 35.0, "EmergencyK": 60.0, "1HKM": 0.0, "2HKM": 0.0, "3HKM": 0.0, "4HKM": 0.0, "5HKM": 0.0, "Tribuni": 0.0, "Legati": 0.0 }, "geometry": { "type": "Point", "coordinates": [ 23.165580448951047, 47.185091828455334 ] } },
{ "type": "Feature", "properties": { "Id": 73.0, "Unidad": "I Campanorum voluntariorum c.R", "Tipo": "Cohorte", "Provincia": "Dalmatia", "X": 45.211899, "Y": 19.614221, "Num": 480.0, "Pedites": 480.0, "Equites": 0.0, "Localizaci": "Slankamen y Malata", "Origo": "Romanos", "RoadKM": 29.0, "Off_RoadKM": 15.0, "ForceKM": 35.0, "EmergencyK": 60.0, "1HKM": 0.0, "2HKM": 0.0, "3HKM": 0.0, "4HKM": 0.0, "5HKM": 0.0, "Tribuni": 0.0, "Legati": 0.0 }, "geometry": { "type": "Point", "coordinates": [ 19.614221, 45.211899 ] } },
{ "type": "Feature", "properties": { "Id": 74.0, "Unidad": "I Cannanefatium", "Tipo": "Cohorte", "Provincia": "Dacia", "X": 47.227733, "Y": 23.327689, "Num": 480.0, "Pedites": 480.0, "Equites": 0.0, "Localizaci": "Tihau", "Origo": "Caninefates", "RoadKM": 29.0, "Off_RoadKM": 15.0, "ForceKM": 35.0, "EmergencyK": 60.0, "1HKM": 0.0, "2HKM": 0.0, "3HKM": 0.0, "4HKM": 0.0, "5HKM": 0.0, "Tribuni": 0.0, "Legati": 0.0 }, "geometry": { "type": "Point", "coordinates": [ 23.327689, 47.227733 ] } },
{ "type": "Feature", "properties": { "Id": 75.0, "Unidad": "I Cannanefatium c.R Alae", "Tipo": "Alae", "Provincia": "Pannonia Superior", "X": 48.056031, "Y": 17.149661, "Num": 480.0, "Pedites": 0.0, "Equites": 480.0, "Localizaci": "Gerulata", "Origo": "Caninefates", "RoadKM": 29.0, "Off_RoadKM": 15.0, "ForceKM": 35.0, "EmergencyK": 60.0, "1HKM": 0.0, "2HKM": 0.0, "3HKM": 0.0, "4HKM": 0.0, "5HKM": 0.0, "Tribuni": 0.0, "Legati": 0.0 }, "geometry": { "type": "Point", "coordinates": [ 17.149661, 48.056031 ] } },
{ "type": "Feature", "properties": { "Id": 76.0, "Unidad": "I Celtiberorum", "Tipo": "Cohorte Equitata", "Provincia": "Britannia", "X": 52.516658, "Y": -3.429992, "Num": 600.0, "Pedites": 480.0, "Equites": 120.0, "Localizaci": "Caersws", "Origo": "Celtiberos", "RoadKM": 29.0, "Off_RoadKM": 15.0, "ForceKM": 35.0, "EmergencyK": 60.0, "1HKM": 0.0, "2HKM": 0.0, "3HKM": 0.0, "4HKM": 0.0, "5HKM": 0.0, "Tribuni": 0.0, "Legati": 0.0 }, "geometry": { "type": "Point", "coordinates": [ -3.429992, 52.516658 ] } },
{ "type": "Feature", "properties": { "Id": 77.0, "Unidad": "I Cilicum Mill. Sag.", "Tipo": "Cohorte Milliaria Eq.", "Provincia": "Moesia Inf", "X": 44.1023173, "Y": 27.9558036, "Num": 1056.0, "Pedites": 800.0, "Equites": 256.0, "Localizaci": "Adamklissi", "Origo": "Cilicios", "RoadKM": 29.0, "Off_RoadKM": 15.0, "ForceKM": 35.0, "EmergencyK": 60.0, "1HKM": 0.0, "2HKM": 0.0, "3HKM": 0.0, "4HKM": 0.0, "5HKM": 0.0, "Tribuni": 0.0, "Legati": 0.0 }, "geometry": { "type": "Point", "coordinates": [ 27.9558036, 44.1023173 ] } },
{ "type": "Feature", "properties": { "Id": 78.0, "Unidad": "I Cisipadensium", "Tipo": "Cohorte", "Provincia": "Moesia Superior", "X": 42.98471, "Y": 24.674916, "Num": 480.0, "Pedites": 480.0, "Equites": 0.0, "Localizaci": "Sostra", "Origo": "Afri", "RoadKM": 29.0, "Off_RoadKM": 15.0, "ForceKM": 35.0, "EmergencyK": 60.0, "1HKM": 0.0, "2HKM": 0.0, "3HKM": 0.0, "4HKM": 0.0, "5HKM": 0.0, "Tribuni": 0.0, "Legati": 0.0 }, "geometry": { "type": "Point", "coordinates": [ 24.674916, 42.98471 ] } },
{ "type": "Feature", "properties": { "Id": 79.0, "Unidad": "I Classica", "Tipo": "Cohorte", "Provincia": "Germania Inferior", "X": 52.10663, "Y": 5.010316, "Num": 480.0, "Pedites": 480.0, "Equites": 0.0, "Localizaci": "Vleuten de Meer", "Origo": "Marineros", "RoadKM": 0.0, "Off_RoadKM": 0.0, "ForceKM": 0.0, "EmergencyK": 0.0, "1HKM": 0.0, "2HKM": 0.0, "3HKM": 0.0, "4HKM": 0.0, "5HKM": 0.0, "Tribuni": 0.0, "Legati": 0.0 }, "geometry": { "type": "Point", "coordinates": [ 5.010316, 52.10663 ] } },
{ "type": "Feature", "properties": { "Id": 80.0, "Unidad": "I Claudia Gallorum Capitoniana", "Tipo": "Alae", "Provincia": "Dacia", "X": 45.824382, "Y": 26.005321, "Num": 480.0, "Pedites": 0.0, "Equites": 480.0, "Localizaci": "Boro?neu Mare", "Origo": "Galos", "RoadKM": 29.0, "Off_RoadKM": 15.0, "ForceKM": 35.0, "EmergencyK": 60.0, "1HKM": 0.0, "2HKM": 0.0, "3HKM": 0.0, "4HKM": 0.0, "5HKM": 0.0, "Tribuni": 0.0, "Legati": 0.0 }, "geometry": { "type": "Point", "coordinates": [ 26.005321, 45.824382 ] } },
{ "type": "Feature", "properties": { "Id": 81.0, "Unidad": "I Claudia Sugambrorum Vet.", "Tipo": "Cohorte Equitata", "Provincia": "Moesia Inf", "X": 43.408743, "Y": 23.226095, "Num": 600.0, "Pedites": 480.0, "Equites": 120.0, "Localizaci": "Montana", "Origo": "Sicambrios", "RoadKM": 29.0, "Off_RoadKM": 15.0, "ForceKM": 35.0, "EmergencyK": 60.0, "1HKM": 0.0, "2HKM": 0.0, "3HKM": 0.0, "4HKM": 0.0, "5HKM": 0.0, "Tribuni": 0.0, "Legati": 0.0 }, "geometry": { "type": "Point", "coordinates": [ 23.226095, 43.408743 ] } },
{ "type": "Feature", "properties": { "Id": 82.0, "Unidad": "I Cohors Sebastena", "Tipo": "Cohorte", "Provincia": "Syriae", "X": 34.568572, "Y": 38.29334, "Num": 480.0, "Pedites": 480.0, "Equites": 0.0, "Localizaci": "Palmyra", "Origo": "S mara", "RoadKM": 0.0, "Off_RoadKM": 0.0, "ForceKM": 0.0, "EmergencyK": 0.0, "1HKM": 0.0, "2HKM": 0.0, "3HKM": 0.0, "4HKM": 0.0, "5HKM": 0.0, "Tribuni": 0.0, "Legati": 0.0 }, "geometry": { "type": "Point", "coordinates": [ 38.29334, 34.568572 ] } },
{ "type": "Feature", "properties": { "Id": 83.0, "Unidad": "I Cretum Sagittaria", "Tipo": "Cohorte", "Provincia": "Moesia Inf", "X": 44.486622, "Y": 22.450777, "Num": 480.0, "Pedites": 480.0, "Equites": 0.0, "Localizaci": "Brza Palenka", "Origo": "Cretense", "RoadKM": 29.0, "Off_RoadKM": 15.0, "ForceKM": 35.0, "EmergencyK": 60.0, "1HKM": 0.0, "2HKM": 0.0, "3HKM": 0.0, "4HKM": 0.0, "5HKM": 0.0, "Tribuni": 0.0, "Legati": 0.0 }, "geometry": { "type": "Point", "coordinates": [ 22.450777, 44.486622 ] } },
{ "type": "Feature", "properties": { "Id": 84.0, "Unidad": "I Delmatarum", "Tipo": "Cohorte", "Provincia": "Britannia", "X": 54.715608, "Y": -3.491554, "Num": 480.0, "Pedites": 480.0, "Equites": 0.0, "Localizaci": "Maryport", "Origo": "Dalmatas", "RoadKM": 29.0, "Off_RoadKM": 15.0, "ForceKM": 35.0, "EmergencyK": 60.0, "1HKM": 0.0, "2HKM": 0.0, "3HKM": 0.0, "4HKM": 0.0, "5HKM": 0.0, "Tribuni": 0.0, "Legati": 0.0 }, "geometry": { "type": "Point", "coordinates": [ -3.491554, 54.715608 ] } },
{ "type": "Feature", "properties": { "Id": 85.0, "Unidad": "I Delmatarum Milliaria", "Tipo": "Cohorte Milliaria", "Provincia": "Dalmatia", "X": 43.896186, "Y": 16.199379, "Num": 800.0, "Pedites": 800.0, "Equites": 0.0, "Localizaci": "Promona", "Origo": "Dalmatas", "RoadKM": 29.0, "Off_RoadKM": 15.0, "ForceKM": 35.0, "EmergencyK": 60.0, "1HKM": 0.0, "2HKM": 0.0, "3HKM": 0.0, "4HKM": 0.0, "5HKM": 0.0, "Tribuni": 0.0, "Legati": 0.0 }, "geometry": { "type": "Point", "coordinates": [ 16.199379, 43.896186 ] } },
{ "type": "Feature", "properties": { "Id": 86.0, "Unidad": "I Fida Vardolorum", "Tipo": "Cohorte Milliaria Eq.", "Provincia": "Britannia", "X": 55.011367, "Y": -1.949238, "Num": 1056.0, "Pedites": 800.0, "Equites": 256.0, "Localizaci": "Milecastle 19", "Origo": "Hispanos", "RoadKM": 29.0, "Off_RoadKM": 15.0, "ForceKM": 35.0, "EmergencyK": 60.0, "1HKM": 0.0, "2HKM": 0.0, "3HKM": 0.0, "4HKM": 0.0, "5HKM": 0.0, "Tribuni": 0.0, "Legati": 0.0 }, "geometry": { "type": "Point", "coordinates": [ -1.949238, 55.011367 ] } },
{ "type": "Feature", "properties": { "Id": 87.0, "Unidad": "I Flavia Bessorum", "Tipo": "Cohorte Equitata", "Provincia": "Macedonia", "X": 40.628342, "Y": 22.952885, "Num": 600.0, "Pedites": 480.0, "Equites": 120.0, "Localizaci": "Tesalonika", "Origo": "Bessi", "RoadKM": 29.0, "Off_RoadKM": 15.0, "ForceKM": 35.0, "EmergencyK": 60.0, "1HKM": 0.0, "2HKM": 0.0, "3HKM": 0.0, "4HKM": 0.0, "5HKM": 0.0, "Tribuni": 0.0, "Legati": 0.0 }, "geometry": { "type": "Point", "coordinates": [ 22.952885, 40.628342 ] } },
{ "type": "Feature", "properties": { "Id": 88.0, "Unidad": "I Flavia Canathenorum sagittariorum", "Tipo": "Cohorte Milliaria", "Provincia": "Raetia", "X": 48.810705, "Y": 11.500911, "Num": 800.0, "Pedites": 800.0, "Equites": 0.0, "Localizaci": "Koshing", "Origo": "Canatheni", "RoadKM": 29.0, "Off_RoadKM": 15.0, "ForceKM": 35.0, "EmergencyK": 60.0, "1HKM": 0.0, "2HKM": 0.0, "3HKM": 0.0, "4HKM": 0.0, "5HKM": 0.0, "Tribuni": 0.0, "Legati": 0.0 }, "geometry": { "type": "Point", "coordinates": [ 11.500911, 48.810705 ] } },
{ "type": "Feature", "properties": { "Id": 89.0, "Unidad": "I Flavia Chalcidenorum", "Tipo": "Cohorte Equitata", "Provincia": "µfrica", "X": 36.400355, "Y": 9.9039905, "Num": 600.0, "Pedites": 480.0, "Equites": 120.0, "Localizaci": "Thuburbo Maius", "Origo": "Calcedonia", "RoadKM": 29.0, "Off_RoadKM": 15.0, "ForceKM": 35.0, "EmergencyK": 60.0, "1HKM": 0.0, "2HKM": 0.0, "3HKM": 0.0, "4HKM": 0.0, "5HKM": 0.0, "Tribuni": 0.0, "Legati": 0.0 }, "geometry": { "type": "Point", "coordinates": [ 9.9039905, 36.400355 ] } },
{ "type": "Feature", "properties": { "Id": 90.0, "Unidad": "I Flavia Cilicum", "Tipo": "Cohorte Equitata", "Provincia": "Egipto", "X": 24.0885745, "Y": 32.901491, "Num": 600.0, "Pedites": 480.0, "Equites": 120.0, "Localizaci": "Syene", "Origo": "Cilicios", "RoadKM": 29.0, "Off_RoadKM": 15.0, "ForceKM": 35.0, "EmergencyK": 60.0, "1HKM": 0.0, "2HKM": 0.0, "3HKM": 0.0, "4HKM": 0.0, "5HKM": 0.0, "Tribuni": 0.0, "Legati": 0.0 }, "geometry": { "type": "Point", "coordinates": [ 32.901491, 24.0885745 ] } },
{ "type": "Feature", "properties": { "Id": 91.0, "Unidad": "I Flavia Civium Romanorum", "Tipo": "Cohorte Equitata", "Provincia": "Syriae", "X": 31.080999, "Y": 35.023503, "Num": 600.0, "Pedites": 480.0, "Equites": 120.0, "Localizaci": "Malatha", "Origo": "Romanos", "RoadKM": 29.0, "Off_RoadKM": 15.0, "ForceKM": 35.0, "EmergencyK": 60.0, "1HKM": 0.0, "2HKM": 0.0, "3HKM": 0.0, "4HKM": 0.0, "5HKM": 0.0, "Tribuni": 0.0, "Legati": 0.0 }, "geometry": { "type": "Point", "coordinates": [ 35.023503, 31.080999 ] } },
{ "type": "Feature", "properties": { "Id": 92.0, "Unidad": "I Flavia Commagenorum", "Tipo": "Cohorte", "Provincia": "Dacia", "X": 44.378096, "Y": 24.264647, "Num": 480.0, "Pedites": 480.0, "Equites": 0.0, "Localizaci": "Acidava", "Origo": "Commagene", "RoadKM": 29.0, "Off_RoadKM": 15.0, "ForceKM": 35.0, "EmergencyK": 60.0, "1HKM": 0.0, "2HKM": 0.0, "3HKM": 0.0, "4HKM": 0.0, "5HKM": 0.0, "Tribuni": 0.0, "Legati": 0.0 }, "geometry": { "type": "Point", "coordinates": [ 24.264647, 44.378096 ] } },
{ "type": "Feature", "properties": { "Id": 93.0, "Unidad": "I Flavia Damascenorum Mill Eq.", "Tipo": "Cohor Milliaria Equitata", "Provincia": "Germania Superior", "X": 50.160438, "Y": 8.635361, "Num": 1056.0, "Pedites": 800.0, "Equites": 256.0, "Localizaci": "Heddernheim", "Origo": "Damascenos", "RoadKM": 29.0, "Off_RoadKM": 15.0, "ForceKM": 35.0, "EmergencyK": 60.0, "1HKM": 0.0, "2HKM": 0.0, "3HKM": 0.0, "4HKM": 0.0, "5HKM": 0.0, "Tribuni": 0.0, "Legati": 0.0 }, "geometry": { "type": "Point", "coordinates": [ 8.635361, 50.160438 ] } },
{ "type": "Feature", "properties": { "Id": 94.0, "Unidad": "I Flavia Gaetulorum Alae", "Tipo": "Alae", "Provincia": "Moesia Inf", "X": 44.685985, "Y": 27.951966, "Num": 480.0, "Pedites": 0.0, "Equites": 480.0, "Localizaci": "Carsium (Hƒr?ova)", "Origo": "Getulos", "RoadKM": 29.0, "Off_RoadKM": 15.0, "ForceKM": 35.0, "EmergencyK": 60.0, "1HKM": 0.0, "2HKM": 0.0, "3HKM": 0.0, "4HKM": 0.0, "5HKM": 0.0, "Tribuni": 0.0, "Legati": 0.0 }, "geometry": { "type": "Point", "coordinates": [ 27.951966, 44.685985 ] } },
{ "type": "Feature", "properties": { "Id": 95.0, "Unidad": "I Flavia Gemelliana c.R", "Tipo": "Cohorte", "Provincia": "Raetia", "X": 48.850038147, "Y": 11.770967501, "Num": 480.0, "Pedites": 480.0, "Equites": 0.0, "Localizaci": "Abusina", "Origo": "Romanos", "RoadKM": 29.0, "Off_RoadKM": 15.0, "ForceKM": 35.0, "EmergencyK": 60.0, "1HKM": 0.0, "2HKM": 0.0, "3HKM": 0.0, "4HKM": 0.0, "5HKM": 0.0, "Tribuni": 0.0, "Legati": 0.0 }, "geometry": { "type": "Point", "coordinates": [ 11.770967501, 48.850038147 ] } },
{ "type": "Feature", "properties": { "Id": 96.0, "Unidad": "I Flavia Hispanorum Eq. (2)", "Tipo": "Cohorte Equitata", "Provincia": "Mauretania Caes.", "X": 35.290424, "Y": 7.360908, "Num": 600.0, "Pedites": 480.0, "Equites": 120.0, "Localizaci": "Ain Zoui", "Origo": "Hispanos", "RoadKM": 29.0, "Off_RoadKM": 15.0, "ForceKM": 35.0, "EmergencyK": 60.0, "1HKM": 0.0, "2HKM": 0.0, "3HKM": 0.0, "4HKM": 0.0, "5HKM": 0.0, "Tribuni": 0.0, "Legati": 0.0 }, "geometry": { "type": "Point", "coordinates": [ 7.360908, 35.290424 ] } },
{ "type": "Feature", "properties": { "Id": 97.0, "Unidad": "I Flavia Hispanorum Eq. Pia", "Tipo": "Cohorte Equitata", "Provincia": "Germania Inferior", "X": 50.578849, "Y": 7.226988, "Num": 600.0, "Pedites": 480.0, "Equites": 120.0, "Localizaci": "Remagen", "Origo": "Hispanos", "RoadKM": 29.0, "Off_RoadKM": 15.0, "ForceKM": 35.0, "EmergencyK": 60.0, "1HKM": 0.0, "2HKM": 0.0, "3HKM": 0.0, "4HKM": 0.0, "5HKM": 0.0, "Tribuni": 0.0, "Legati": 0.0 }, "geometry": { "type": "Point", "coordinates": [ 7.226988, 50.578849 ] } },
{ "type": "Feature", "properties": { "Id": 98.0, "Unidad": "I Flavia Musulamiorum", "Tipo": "Cohorte", "Provincia": "Mauretania Caes.", "X": 36.354507, "Y": 8.517999, "Num": 480.0, "Pedites": 480.0, "Equites": 0.0, "Localizaci": "Guergour", "Origo": "Musulamios", "RoadKM": 29.0, "Off_RoadKM": 15.0, "ForceKM": 35.0, "EmergencyK": 60.0, "1HKM": 0.0, "2HKM": 0.0, "3HKM": 0.0, "4HKM": 0.0, "5HKM": 0.0, "Tribuni": 0.0, "Legati": 0.0 }, "geometry": { "type": "Point", "coordinates": [ 8.517999, 36.354507 ] } },
{ "type": "Feature", "properties": { "Id": 99.0, "Unidad": "I Flavia Ulpia Hispanorum c.R", "Tipo": "Cohorte Milliaria Eq.", "Provincia": "Dacia", "X": 47.095465, "Y": 24.592123, "Num": 1056.0, "Pedites": 800.0, "Equites": 256.0, "Localizaci": "Orheiul Bistritei", "Origo": "Hispanos", "RoadKM": 29.0, "Off_RoadKM": 15.0, "ForceKM": 35.0, "EmergencyK": 60.0, "1HKM": 0.0, "2HKM": 0.0, "3HKM": 0.0, "4HKM": 0.0, "5HKM": 0.0, "Tribuni": 0.0, "Legati": 0.0 }, "geometry": { "type": "Point", "coordinates": [ 24.592123, 47.095465 ] } },
{ "type": "Feature", "properties": { "Id": 100.0, "Unidad": "I Frisiavonum", "Tipo": "Cohorte", "Provincia": "Britannia", "X": 53.452283, "Y": -1.987635, "Num": 480.0, "Pedites": 480.0, "Equites": 0.0, "Localizaci": "Melandra Castle", "Origo": "Frisios", "RoadKM": 29.0, "Off_RoadKM": 15.0, "ForceKM": 35.0, "EmergencyK": 60.0, "1HKM": 0.0, "2HKM": 0.0, "3HKM": 0.0, "4HKM": 0.0, "5HKM": 0.0, "Tribuni": 0.0, "Legati": 0.0 }, "geometry": { "type": "Point", "coordinates": [ -1.987635, 53.452283 ] } },
{ "type": "Feature", "properties": { "Id": 101.0, "Unidad": "I Gallica Equitata", "Tipo": "Cohorte Equitata", "Provincia": "Tarraconenis", "X": 42.594547, "Y": -4.33076, "Num": 600.0, "Pedites": 480.0, "Equites": 120.0, "Localizaci": "Pisoraca", "Origo": "Celtiberos", "RoadKM": 29.0, "Off_RoadKM": 15.0, "ForceKM": 35.0, "EmergencyK": 60.0, "1HKM": 0.0, "2HKM": 0.0, "3HKM": 0.0, "4HKM": 0.0, "5HKM": 0.0, "Tribuni": 0.0, "Legati": 0.0 }, "geometry": { "type": "Point", "coordinates": [ -4.33076, 42.594547 ] } },
{ "type": "Feature", "properties": { "Id": 102.0, "Unidad": "I Gallorum Lepidiana Eq.", "Tipo": "Cohorte Equitata", "Provincia": "Cappadocia", "X": 39.898965, "Y": 38.9485065, "Num": 600.0, "Pedites": 480.0, "Equites": 120.0, "Localizaci": "Chorsabia", "Origo": "Galos", "RoadKM": 29.0, "Off_RoadKM": 15.0, "ForceKM": 35.0, "EmergencyK": 60.0, "1HKM": 0.0, "2HKM": 0.0, "3HKM": 0.0, "4HKM": 0.0, "5HKM": 0.0, "Tribuni": 0.0, "Legati": 0.0 }, "geometry": { "type": "Point", "coordinates": [ 38.9485065, 39.898965 ] } },
{ "type": "Feature", "properties": { "Id": 103.0, "Unidad": "I Germanorum c.R (1)", "Tipo": "Cohorte", "Provincia": "Germania Superior", "X": 49.199769, "Y": 9.500944, "Num": 480.0, "Pedites": 480.0, "Equites": 0.0, "Localizaci": "Ohringen", "Origo": "Germanos", "RoadKM": 29.0, "Off_RoadKM": 15.0, "ForceKM": 35.0, "EmergencyK": 60.0, "1HKM": 0.0, "2HKM": 0.0, "3HKM": 0.0, "4HKM": 0.0, "5HKM": 0.0, "Tribuni": 0.0, "Legati": 0.0 }, "geometry": { "type": "Point", "coordinates": [ 9.500944, 49.199769 ] } },
{ "type": "Feature", "properties": { "Id": 104.0, "Unidad": "I Germanorum c.R (2)", "Tipo": "Cohorte", "Provincia": "Moesia Inf", "X": 44.493739, "Y": 28.090321, "Num": 480.0, "Pedites": 480.0, "Equites": 0.0, "Localizaci": "Capidava", "Origo": "Germanos", "RoadKM": 29.0, "Off_RoadKM": 15.0, "ForceKM": 35.0, "EmergencyK": 60.0, "1HKM": 0.0, "2HKM": 0.0, "3HKM": 0.0, "4HKM": 0.0, "5HKM": 0.0, "Tribuni": 0.0, "Legati": 0.0 }, "geometry": { "type": "Point", "coordinates": [ 28.090321, 44.493739 ] } },
{ "type": "Feature", "properties": { "Id": 105.0, "Unidad": "I Hamiorum sagittaria", "Tipo": "Cohorte", "Provincia": "Britannia", "X": 54.896512, "Y": -2.942414, "Num": 480.0, "Pedites": 480.0, "Equites": 0.0, "Localizaci": "Carvoran", "Origo": "Hamiorum", "RoadKM": 29.0, "Off_RoadKM": 15.0, "ForceKM": 35.0, "EmergencyK": 60.0, "1HKM": 0.0, "2HKM": 0.0, "3HKM": 0.0, "4HKM": 0.0, "5HKM": 0.0, "Tribuni": 0.0, "Legati": 0.0 }, "geometry": { "type": "Point", "coordinates": [ -2.942414, 54.896512 ] } },
{ "type": "Feature", "properties": { "Id": 106.0, "Unidad": "I Hamiorum Syrorum sagittaria Alae", "Tipo": "Alae", "Provincia": "Mauretania Caes.", "X": 36.267201, "Y": 1.979834, "Num": 480.0, "Pedites": 0.0, "Equites": 480.0, "Localizaci": "Oppidum Nouum", "Origo": "Hamiorum", "RoadKM": 29.0, "Off_RoadKM": 15.0, "ForceKM": 35.0, "EmergencyK": 60.0, "1HKM": 0.0, "2HKM": 0.0, "3HKM": 0.0, "4HKM": 0.0, "5HKM": 0.0, "Tribuni": 0.0, "Legati": 0.0 }, "geometry": { "type": "Point", "coordinates": [ 1.979834, 36.267201 ] } },
{ "type": "Feature", "properties": { "Id": 108.0, "Unidad": "I Hemesenorum", "Tipo": "Cohorte Equitata", "Provincia": "Dacia", "X": 46.9754585, "Y": 18.936992, "Num": 600.0, "Pedites": 480.0, "Equites": 120.0, "Localizaci": "Dunapentele", "Origo": "Hemesos", "RoadKM": 29.0, "Off_RoadKM": 15.0, "ForceKM": 35.0, "EmergencyK": 60.0, "1HKM": 0.0, "2HKM": 0.0, "3HKM": 0.0, "4HKM": 0.0, "5HKM": 0.0, "Tribuni": 0.0, "Legati": 0.0 }, "geometry": { "type": "Point", "coordinates": [ 18.936992, 46.9754585 ] } },
{ "type": "Feature", "properties": { "Id": 109.0, "Unidad": "I Hemesenorum", "Tipo": "Cohorte Milliaria Eq.", "Provincia": "Pannonia Inferior", "X": 45.9082855, "Y": 22.806524, "Num": 1056.0, "Pedites": 800.0, "Equites": 256.0, "Localizaci": "Micia", "Origo": "Emesa", "RoadKM": 29.0, "Off_RoadKM": 15.0, "ForceKM": 35.0, "EmergencyK": 60.0, "1HKM": 0.0, "2HKM": 0.0, "3HKM": 0.0, "4HKM": 0.0, "5HKM": 0.0, "Tribuni": 0.0, "Legati": 0.0 }, "geometry": { "type": "Point", "coordinates": [ 22.806524, 45.9082855 ] } },
{ "type": "Feature", "properties": { "Id": 110.0, "Unidad": "I Hispanorum Arvacorum", "Tipo": "Alae", "Provincia": "Pannonia Superior", "X": 47.681514, "Y": 17.646636, "Num": 480.0, "Pedites": 0.0, "Equites": 480.0, "Localizaci": "Arrabona", "Origo": "Arevacos", "RoadKM": 29.0, "Off_RoadKM": 15.0, "ForceKM": 35.0, "EmergencyK": 60.0, "1HKM": 0.0, "2HKM": 0.0, "3HKM": 0.0, "4HKM": 0.0, "5HKM": 0.0, "Tribuni": 0.0, "Legati": 0.0 }, "geometry": { "type": "Point", "coordinates": [ 17.646636, 47.681514 ] } },
{ "type": "Feature", "properties": { "Id": 111.0, "Unidad": "I Hispanorum Asturum", "Tipo": "Cohorte", "Provincia": "Britannia", "X": 54.975308, "Y": -1.652321, "Num": 480.0, "Pedites": 480.0, "Equites": 0.0, "Localizaci": "Benwell,", "Origo": "Astures", "RoadKM": 29.0, "Off_RoadKM": 15.0, "ForceKM": 35.0, "EmergencyK": 60.0, "1HKM": 0.0, "2HKM": 0.0, "3HKM": 0.0, "4HKM": 0.0, "5HKM": 0.0, "Tribuni": 0.0, "Legati": 0.0 }, "geometry": { "type": "Point", "coordinates": [ -1.652321, 54.975308 ] } },
{ "type": "Feature", "properties": { "Id": 112.0, "Unidad": "I Hispanorum Auriana Alae", "Tipo": "Alae", "Provincia": "Raetia", "X": 49.03111595, "Y": 10.9673499, "Num": 480.0, "Pedites": 0.0, "Equites": 480.0, "Localizaci": "Biriciana", "Origo": "Hispanos", "RoadKM": 29.0, "Off_RoadKM": 15.0, "ForceKM": 35.0, "EmergencyK": 60.0, "1HKM": 0.0, "2HKM": 0.0, "3HKM": 0.0, "4HKM": 0.0, "5HKM": 0.0, "Tribuni": 0.0, "Legati": 0.0 }, "geometry": { "type": "Point", "coordinates": [ 10.9673499, 49.03111595 ] } },
{ "type": "Feature", "properties": { "Id": 113.0, "Unidad": "I Hispanorum Campagonum", "Tipo": "Alae", "Provincia": "Dacia", "X": 45.913033, "Y": 22.815007, "Num": 480.0, "Pedites": 0.0, "Equites": 480.0, "Localizaci": "Vetel, Misia", "Origo": "Campagones", "RoadKM": 29.0, "Off_RoadKM": 15.0, "ForceKM": 35.0, "EmergencyK": 60.0, "1HKM": 0.0, "2HKM": 0.0, "3HKM": 0.0, "4HKM": 0.0, "5HKM": 0.0, "Tribuni": 0.0, "Legati": 0.0 }, "geometry": { "type": "Point", "coordinates": [ 22.815007, 45.913033 ] } },
{ "type": "Feature", "properties": { "Id": 114.0, "Unidad": "I Hispanorum Coh Eq.", "Tipo": "Cohorte Equitata", "Provincia": "Egipto", "X": 24.678444, "Y": 32.944781, "Num": 600.0, "Pedites": 480.0, "Equites": 120.0, "Localizaci": "Kalabchah", "Origo": "Hispanos", "RoadKM": 29.0, "Off_RoadKM": 15.0, "ForceKM": 35.0, "EmergencyK": 60.0, "1HKM": 0.0, "2HKM": 0.0, "3HKM": 0.0, "4HKM": 0.0, "5HKM": 0.0, "Tribuni": 0.0, "Legati": 0.0 }, "geometry": { "type": "Point", "coordinates": [ 32.944781, 24.678444 ] } },
{ "type": "Feature", "properties": { "Id": 115.0, "Unidad": "I Hispanorum Coh Pia Eq.", "Tipo": "Cohorte Equitata", "Provincia": "Dacia", "X": 47.179329, "Y": 23.156733, "Num": 600.0, "Pedites": 480.0, "Equites": 120.0, "Localizaci": "Porolissum", "Origo": "Hispanos", "RoadKM": 29.0, "Off_RoadKM": 15.0, "ForceKM": 35.0, "EmergencyK": 60.0, "1HKM": 0.0, "2HKM": 0.0, "3HKM": 0.0, "4HKM": 0.0, "5HKM": 0.0, "Tribuni": 0.0, "Legati": 0.0 }, "geometry": { "type": "Point", "coordinates": [ 23.156733, 47.179329 ] } },
{ "type": "Feature", "properties": { "Id": 116.0, "Unidad": "I Hispanorum pia fidelis", "Tipo": "Cohorte", "Provincia": "Dacia", "X": 47.113404, "Y": 23.181678, "Num": 480.0, "Pedites": 480.0, "Equites": 0.0, "Localizaci": "Largiana", "Origo": "Hispanos", "RoadKM": 29.0, "Off_RoadKM": 15.0, "ForceKM": 35.0, "EmergencyK": 60.0, "1HKM": 0.0, "2HKM": 0.0, "3HKM": 0.0, "4HKM": 0.0, "5HKM": 0.0, "Tribuni": 0.0, "Legati": 0.0 }, "geometry": { "type": "Point", "coordinates": [ 23.181678, 47.113404 ] } },
{ "type": "Feature", "properties": { "Id": 117.0, "Unidad": "I Hispanorum Veterana", "Tipo": "Cohorte", "Provincia": "Dacia", "X": 46.050071, "Y": 26.311801, "Num": 480.0, "Pedites": 480.0, "Equites": 0.0, "Localizaci": "Bereck-Bretcu", "Origo": "Hispanos", "RoadKM": 29.0, "Off_RoadKM": 15.0, "ForceKM": 35.0, "EmergencyK": 60.0, "1HKM": 0.0, "2HKM": 0.0, "3HKM": 0.0, "4HKM": 0.0, "5HKM": 0.0, "Tribuni": 0.0, "Legati": 0.0 }, "geometry": { "type": "Point", "coordinates": [ 26.311801, 46.050071 ] } },
{ "type": "Feature", "properties": { "Id": 118.0, "Unidad": "I Italica", "Tipo": "Legi¢n", "Provincia": "Moesia Inf", "X": 43.607221, "Y": 25.394018, "Num": 5200.0, "Pedites": 5200.0, "Equites": 120.0, "Localizaci": "Novae", "Origo": "Legio", "RoadKM": 29.0, "Off_RoadKM": 15.0, "ForceKM": 35.0, "EmergencyK": 60.0, "1HKM": 0.0, "2HKM": 0.0, "3HKM": 0.0, "4HKM": 0.0, "5HKM": 0.0, "Tribuni": 2.0, "Legati": 1.0 }, "geometry": { "type": "Point", "coordinates": [ 25.394018, 43.607221 ] } },
{ "type": "Feature", "properties": { "Id": 119.0, "Unidad": "I Ituraeorum civium Romanorum", "Tipo": "Cohorte", "Provincia": "Mauretania Ting.", "X": 35.771725, "Y": -5.824992, "Num": 480.0, "Pedites": 480.0, "Equites": 0.0, "Localizaci": "Tingis", "Origo": "Itureos", "RoadKM": 29.0, "Off_RoadKM": 15.0, "ForceKM": 35.0, "EmergencyK": 60.0, "1HKM": 0.0, "2HKM": 0.0, "3HKM": 0.0, "4HKM": 0.0, "5HKM": 0.0, "Tribuni": 0.0, "Legati": 0.0 }, "geometry": { "type": "Point", "coordinates": [ -5.824992, 35.771725 ] } },
{ "type": "Feature", "properties": { "Id": 120.0, "Unidad": "I Latobicum et Varcianorum", "Tipo": "Cohorte Equitata", "Provincia": "Germania Inferior", "X": 50.819799, "Y": 6.975904, "Num": 600.0, "Pedites": 480.0, "Equites": 120.0, "Localizaci": "Wesseling", "Origo": "Latobicos", "RoadKM": 29.0, "Off_RoadKM": 15.0, "ForceKM": 35.0, "EmergencyK": 60.0, "1HKM": 0.0, "2HKM": 0.0, "3HKM": 0.0, "4HKM": 0.0, "5HKM": 0.0, "Tribuni": 0.0, "Legati": 0.0 }, "geometry": { "type": "Point", "coordinates": [ 6.975904, 50.819799 ] } },
{ "type": "Feature", "properties": { "Id": 121.0, "Unidad": "I Lemavorum c.R", "Tipo": "Cohorte", "Provincia": "Mauretania Ting.", "X": 34.0067968, "Y": -6.8204255, "Num": 480.0, "Pedites": 480.0, "Equites": 0.0, "Localizaci": "Sala", "Origo": "Lemavos", "RoadKM": 29.0, "Off_RoadKM": 15.0, "ForceKM": 35.0, "EmergencyK": 60.0, "1HKM": 0.0, "2HKM": 0.0, "3HKM": 0.0, "4HKM": 0.0, "5HKM": 0.0, "Tribuni": 0.0, "Legati": 0.0 }, "geometry": { "type": "Point", "coordinates": [ -6.8204255, 34.0067968 ] } },
{ "type": "Feature", "properties": { "Id": 122.0, "Unidad": "I Ligurum Hispanorum c.R", "Tipo": "Cohorte", "Provincia": "Germania Superior", "X": 49.902596, "Y": 9.126224, "Num": 480.0, "Pedites": 480.0, "Equites": 0.0, "Localizaci": "Nierdenberg", "Origo": "Hispanos", "RoadKM": 29.0, "Off_RoadKM": 15.0, "ForceKM": 35.0, "EmergencyK": 60.0, "1HKM": 0.0, "2HKM": 0.0, "3HKM": 0.0, "4HKM": 0.0, "5HKM": 0.0, "Tribuni": 0.0, "Legati": 0.0 }, "geometry": { "type": "Point", "coordinates": [ 9.126224, 49.902596 ] } },
{ "type": "Feature", "properties": { "Id": 123.0, "Unidad": "I Lingonum", "Tipo": "Cohorte Equitata", "Provincia": "Britannia", "X": 54.817909, "Y": -1.751341, "Num": 600.0, "Pedites": 480.0, "Equites": 120.0, "Localizaci": "Lanchester", "Origo": "Lingones", "RoadKM": 29.0, "Off_RoadKM": 15.0, "ForceKM": 35.0, "EmergencyK": 60.0, "1HKM": 0.0, "2HKM": 0.0, "3HKM": 0.0, "4HKM": 0.0, "5HKM": 0.0, "Tribuni": 0.0, "Legati": 0.0 }, "geometry": { "type": "Point", "coordinates": [ -1.751341, 54.817909 ] } },
{ "type": "Feature", "properties": { "Id": 124.0, "Unidad": "I Lucensium", "Tipo": "Cohorte Equitata", "Provincia": "Germania Superior", "X": 49.9893243, "Y": 8.2507177, "Num": 600.0, "Pedites": 480.0, "Equites": 120.0, "Localizaci": "Zahlbach", "Origo": "Lucenses", "RoadKM": 29.0, "Off_RoadKM": 15.0, "ForceKM": 35.0, "EmergencyK": 60.0, "1HKM": 0.0, "2HKM": 0.0, "3HKM": 0.0, "4HKM": 0.0, "5HKM": 0.0, "Tribuni": 0.0, "Legati": 0.0 }, "geometry": { "type": "Point", "coordinates": [ 8.2507177, 49.9893243 ] } },
{ "type": "Feature", "properties": { "Id": 125.0, "Unidad": "I Lusitanorum", "Tipo": "Cohorte", "Provincia": "Pannonia Inferior", "X": 47.5676, "Y": 19.0479, "Num": 480.0, "Pedites": 480.0, "Equites": 0.0, "Localizaci": "Aquincum", "Origo": "Lusitanos", "RoadKM": 29.0, "Off_RoadKM": 15.0, "ForceKM": 35.0, "EmergencyK": 60.0, "1HKM": 0.0, "2HKM": 0.0, "3HKM": 0.0, "4HKM": 0.0, "5HKM": 0.0, "Tribuni": 0.0, "Legati": 0.0 }, "geometry": { "type": "Point", "coordinates": [ 19.0479, 47.5676 ] } },
{ "type": "Feature", "properties": { "Id": 126.0, "Unidad": "I Lusitanorum Cyrenaica", "Tipo": "Cohorte Equitata", "Provincia": "Moesia Inf", "X": 44.796348, "Y": 28.14889, "Num": 600.0, "Pedites": 480.0, "Equites": 120.0, "Localizaci": "Candidina", "Origo": "Mixta", "RoadKM": 29.0, "Off_RoadKM": 15.0, "ForceKM": 35.0, "EmergencyK": 60.0, "1HKM": 0.0, "2HKM": 0.0, "3HKM": 0.0, "4HKM": 0.0, "5HKM": 0.0, "Tribuni": 0.0, "Legati": 0.0 }, "geometry": { "type": "Point", "coordinates": [ 28.14889, 44.796348 ] } },
{ "type": "Feature", "properties": { "Id": 127.0, "Unidad": "I Menapiorum Nautae", "Tipo": "Cohorte", "Provincia": "Britannia", "X": 54.991290668700003, "Y": -2.36079883305, "Num": 480.0, "Pedites": 480.0, "Equites": 0.0, "Localizaci": "Chesterholm", "Origo": "Menapi", "RoadKM": 29.0, "Off_RoadKM": 15.0, "ForceKM": 35.0, "EmergencyK": 60.0, "1HKM": 0.0, "2HKM": 0.0, "3HKM": 0.0, "4HKM": 0.0, "5HKM": 0.0, "Tribuni": 0.0, "Legati": 0.0 }, "geometry": { "type": "Point", "coordinates": [ -2.36079883305, 54.991290668700003 ] } },
{ "type": "Feature", "properties": { "Id": 128.0, "Unidad": "I Milliaria Maurorum", "Tipo": "Cohorte Milliaria Eq.", "Provincia": "Pannonia Inferior", "X": 47.3086945, "Y": 18.9147455, "Num": 1056.0, "Pedites": 800.0, "Equites": 256.0, "Localizaci": "Matrica", "Origo": "Mauros", "RoadKM": 29.0, "Off_RoadKM": 15.0, "ForceKM": 35.0, "EmergencyK": 60.0, "1HKM": 0.0, "2HKM": 0.0, "3HKM": 0.0, "4HKM": 0.0, "5HKM": 0.0, "Tribuni": 0.0, "Legati": 0.0 }, "geometry": { "type": "Point", "coordinates": [ 18.9147455, 47.3086945 ] } },
{ "type": "Feature", "properties": { "Id": 129.0, "Unidad": "I Minervia", "Tipo": "Legi¢n", "Provincia": "Germania Inferior", "X": 50.732632, "Y": 7.096251, "Num": 5200.0, "Pedites": 5200.0, "Equites": 120.0, "Localizaci": "Bonna", "Origo": "Legio", "RoadKM": 29.0, "Off_RoadKM": 15.0, "ForceKM": 35.0, "EmergencyK": 60.0, "1HKM": 0.0, "2HKM": 0.0, "3HKM": 0.0, "4HKM": 0.0, "5HKM": 0.0, "Tribuni": 2.0, "Legati": 5.0 }, "geometry": { "type": "Point", "coordinates": [ 7.096251, 50.732632 ] } },
{ "type": "Feature", "properties": { "Id": 130.0, "Unidad": "I Montanorum", "Tipo": "Cohorte", "Provincia": "Pannonia Inferior", "X": 47.5676, "Y": 19.0479, "Num": 480.0, "Pedites": 480.0, "Equites": 0.0, "Localizaci": "Aquincum", "Origo": "Alpinos", "RoadKM": 29.0, "Off_RoadKM": 15.0, "ForceKM": 35.0, "EmergencyK": 60.0, "1HKM": 0.0, "2HKM": 0.0, "3HKM": 0.0, "4HKM": 0.0, "5HKM": 0.0, "Tribuni": 0.0, "Legati": 0.0 }, "geometry": { "type": "Point", "coordinates": [ 19.0479, 47.5676 ] } },
{ "type": "Feature", "properties": { "Id": 131.0, "Unidad": "I Morinorum       Nautae", "Tipo": "Cohorte", "Provincia": "Britannia", "X": 54.355654, "Y": -3.408267, "Num": 480.0, "Pedites": 480.0, "Equites": 0.0, "Localizaci": "Ravenglass", "Origo": "Morini", "RoadKM": 29.0, "Off_RoadKM": 15.0, "ForceKM": 35.0, "EmergencyK": 60.0, "1HKM": 0.0, "2HKM": 0.0, "3HKM": 0.0, "4HKM": 0.0, "5HKM": 0.0, "Tribuni": 0.0, "Legati": 0.0 }, "geometry": { "type": "Point", "coordinates": [ -3.408267, 54.355654 ] } },
{ "type": "Feature", "properties": { "Id": 132.0, "Unidad": "I Musulamiorum", "Tipo": "Cohorte", "Provincia": "Lycia", "X": 36.26179467, "Y": 29.314501, "Num": 480.0, "Pedites": 480.0, "Equites": 0.0, "Localizaci": "Patara", "Origo": "Musulamios", "RoadKM": 29.0, "Off_RoadKM": 15.0, "ForceKM": 35.0, "EmergencyK": 60.0, "1HKM": 0.0, "2HKM": 0.0, "3HKM": 0.0, "4HKM": 0.0, "5HKM": 0.0, "Tribuni": 0.0, "Legati": 0.0 }, "geometry": { "type": "Point", "coordinates": [ 29.314501, 36.26179467 ] } },
{ "type": "Feature", "properties": { "Id": 133.0, "Unidad": "I Nervia Germanorum mill eq.", "Tipo": "Cohorte Milliaria Eq.", "Provincia": "Britannia", "X": 55.036649, "Y": -2.945877, "Num": 1056.0, "Pedites": 800.0, "Equites": 256.0, "Localizaci": "ÿCastra Exploratorum", "Origo": "Mixta", "RoadKM": 29.0, "Off_RoadKM": 15.0, "ForceKM": 35.0, "EmergencyK": 60.0, "1HKM": 0.0, "2HKM": 0.0, "3HKM": 0.0, "4HKM": 0.0, "5HKM": 0.0, "Tribuni": 0.0, "Legati": 0.0 }, "geometry": { "type": "Point", "coordinates": [ -2.945877, 55.036649 ] } },
{ "type": "Feature", "properties": { "Id": 134.0, "Unidad": "I Noricorum Eq.", "Tipo": "Cohorte Equitata", "Provincia": "Pannonia Inferior", "X": 46.312562, "Y": 18.757918, "Num": 600.0, "Pedites": 480.0, "Equites": 120.0, "Localizaci": "Alisca", "Origo": "Norico", "RoadKM": 29.0, "Off_RoadKM": 15.0, "ForceKM": 35.0, "EmergencyK": 60.0, "1HKM": 0.0, "2HKM": 0.0, "3HKM": 0.0, "4HKM": 0.0, "5HKM": 0.0, "Tribuni": 0.0, "Legati": 0.0 }, "geometry": { "type": "Point", "coordinates": [ 18.757918, 46.312562 ] } },
{ "type": "Feature", "properties": { "Id": 135.0, "Unidad": "I Pannoniorum", "Tipo": "Cohorte", "Provincia": "Britannia", "X": 54.995151, "Y": -2.457244, "Num": 480.0, "Pedites": 480.0, "Equites": 0.0, "Localizaci": "Milescastle 42", "Origo": "Panonios", "RoadKM": 29.0, "Off_RoadKM": 15.0, "ForceKM": 35.0, "EmergencyK": 60.0, "1HKM": 0.0, "2HKM": 0.0, "3HKM": 0.0, "4HKM": 0.0, "5HKM": 0.0, "Tribuni": 0.0, "Legati": 0.0 }, "geometry": { "type": "Point", "coordinates": [ -2.457244, 54.995151 ] } },
{ "type": "Feature", "properties": { "Id": 136.0, "Unidad": "I Pannoniorum Eq. Veterana", "Tipo": "Cohorte Equitata", "Provincia": "Moesia Superior", "X": 44.733229, "Y": 20.649959, "Num": 600.0, "Pedites": 480.0, "Equites": 120.0, "Localizaci": "Tricornium", "Origo": "Panonios", "RoadKM": 29.0, "Off_RoadKM": 15.0, "ForceKM": 35.0, "EmergencyK": 60.0, "1HKM": 0.0, "2HKM": 0.0, "3HKM": 0.0, "4HKM": 0.0, "5HKM": 0.0, "Tribuni": 0.0, "Legati": 0.0 }, "geometry": { "type": "Point", "coordinates": [ 20.649959, 44.733229 ] } },
{ "type": "Feature", "properties": { "Id": 137.0, "Unidad": "I Pannoniorum Sabiniana", "Tipo": "Alae", "Provincia": "Britannia", "X": 55.004410329199999, "Y": -1.4308976713, "Num": 480.0, "Pedites": 0.0, "Equites": 480.0, "Localizaci": "Arbeiaÿ", "Origo": "Panonios", "RoadKM": 29.0, "Off_RoadKM": 15.0, "ForceKM": 35.0, "EmergencyK": 60.0, "1HKM": 0.0, "2HKM": 0.0, "3HKM": 0.0, "4HKM": 0.0, "5HKM": 0.0, "Tribuni": 0.0, "Legati": 0.0 }, "geometry": { "type": "Point", "coordinates": [ -1.4308976713, 55.004410329199999 ] } },
{ "type": "Feature", "properties": { "Id": 138.0, "Unidad": "I Raetorum", "Tipo": "Cohorte Equitata", "Provincia": "Raetia", "X": 48.785707, "Y": 9.775393, "Num": 600.0, "Pedites": 480.0, "Equites": 120.0, "Localizaci": "Schierenhof", "Origo": "Raetos", "RoadKM": 29.0, "Off_RoadKM": 15.0, "ForceKM": 35.0, "EmergencyK": 60.0, "1HKM": 0.0, "2HKM": 0.0, "3HKM": 0.0, "4HKM": 0.0, "5HKM": 0.0, "Tribuni": 0.0, "Legati": 0.0 }, "geometry": { "type": "Point", "coordinates": [ 9.775393, 48.785707 ] } },
{ "type": "Feature", "properties": { "Id": 139.0, "Unidad": "I Sagittariorum", "Tipo": "Cohorte Milliaria", "Provincia": "Dacia", "X": 45.775899, "Y": 21.265373, "Num": 800.0, "Pedites": 800.0, "Equites": 0.0, "Localizaci": "Timisoara", "Origo": "Sirios", "RoadKM": 29.0, "Off_RoadKM": 15.0, "ForceKM": 35.0, "EmergencyK": 60.0, "1HKM": 0.0, "2HKM": 0.0, "3HKM": 0.0, "4HKM": 0.0, "5HKM": 0.0, "Tribuni": 0.0, "Legati": 0.0 }, "geometry": { "type": "Point", "coordinates": [ 21.265373, 45.775899 ] } },
{ "type": "Feature", "properties": { "Id": 140.0, "Unidad": "I Sequanorum et Rauracorum", "Tipo": "Cohorte Equitata", "Provincia": "Germania Superior", "X": 49.507236, "Y": 9.1511525, "Num": 600.0, "Pedites": 480.0, "Equites": 120.0, "Localizaci": "Oberscheidental", "Origo": "Mixta", "RoadKM": 29.0, "Off_RoadKM": 15.0, "ForceKM": 35.0, "EmergencyK": 60.0, "1HKM": 0.0, "2HKM": 0.0, "3HKM": 0.0, "4HKM": 0.0, "5HKM": 0.0, "Tribuni": 0.0, "Legati": 0.0 }, "geometry": { "type": "Point", "coordinates": [ 9.1511525, 49.507236 ] } },
{ "type": "Feature", "properties": { "Id": 141.0, "Unidad": "I Sunucorum", "Tipo": "Cohorte", "Provincia": "Britannia", "X": 53.140973, "Y": -4.272283, "Num": 480.0, "Pedites": 480.0, "Equites": 0.0, "Localizaci": "Caernarfon", "Origo": "Sunici", "RoadKM": 29.0, "Off_RoadKM": 15.0, "ForceKM": 35.0, "EmergencyK": 60.0, "1HKM": 0.0, "2HKM": 0.0, "3HKM": 0.0, "4HKM": 0.0, "5HKM": 0.0, "Tribuni": 0.0, "Legati": 0.0 }, "geometry": { "type": "Point", "coordinates": [ -4.272283, 53.140973 ] } },
{ "type": "Feature", "properties": { "Id": 142.0, "Unidad": "I Syrorum Sagittaria", "Tipo": "Cohorte", "Provincia": "Mauretania Ting.", "X": 34.6019535, "Y": -6.115349, "Num": 480.0, "Pedites": 480.0, "Equites": 0.0, "Localizaci": "Banasa", "Origo": "Sirios", "RoadKM": 29.0, "Off_RoadKM": 15.0, "ForceKM": 35.0, "EmergencyK": 60.0, "1HKM": 0.0, "2HKM": 0.0, "3HKM": 0.0, "4HKM": 0.0, "5HKM": 0.0, "Tribuni": 0.0, "Legati": 0.0 }, "geometry": { "type": "Point", "coordinates": [ -6.115349, 34.6019535 ] } },
{ "type": "Feature", "properties": { "Id": 143.0, "Unidad": "I Thebaeorum", "Tipo": "Cohorte", "Provincia": "Egipto", "X": 24.678444, "Y": 32.944781, "Num": 480.0, "Pedites": 480.0, "Equites": 0.0, "Localizaci": "Kalabchah", "Origo": "Egipcios", "RoadKM": 29.0, "Off_RoadKM": 15.0, "ForceKM": 35.0, "EmergencyK": 60.0, "1HKM": 0.0, "2HKM": 0.0, "3HKM": 0.0, "4HKM": 0.0, "5HKM": 0.0, "Tribuni": 0.0, "Legati": 0.0 }, "geometry": { "type": "Point", "coordinates": [ 32.944781, 24.678444 ] } },
{ "type": "Feature", "properties": { "Id": 144.0, "Unidad": "I Thracum Eq. c.R", "Tipo": "Cohorte Equitata", "Provincia": "Britannia", "X": 54.516964, "Y": -2.010484, "Num": 600.0, "Pedites": 480.0, "Equites": 120.0, "Localizaci": "Bowes", "Origo": "Tracios", "RoadKM": 29.0, "Off_RoadKM": 15.0, "ForceKM": 35.0, "EmergencyK": 60.0, "1HKM": 0.0, "2HKM": 0.0, "3HKM": 0.0, "4HKM": 0.0, "5HKM": 0.0, "Tribuni": 0.0, "Legati": 0.0 }, "geometry": { "type": "Point", "coordinates": [ -2.010484, 54.516964 ] } },
{ "type": "Feature", "properties": { "Id": 145.0, "Unidad": "I Thracum Equitata", "Tipo": "Cohorte Equitata", "Provincia": "Moesia Inf", "X": 44.1728565, "Y": 28.6497375, "Num": 600.0, "Pedites": 480.0, "Equites": 120.0, "Localizaci": "Tomis", "Origo": "Tracios", "RoadKM": 29.0, "Off_RoadKM": 15.0, "ForceKM": 35.0, "EmergencyK": 60.0, "1HKM": 0.0, "2HKM": 0.0, "3HKM": 0.0, "4HKM": 0.0, "5HKM": 0.0, "Tribuni": 0.0, "Legati": 0.0 }, "geometry": { "type": "Point", "coordinates": [ 28.6497375, 44.1728565 ] } },
{ "type": "Feature", "properties": { "Id": 146.0, "Unidad": "I Thracum Germanica", "Tipo": "Cohorte", "Provincia": "Germania Superior", "X": 50.42475, "Y": 7.54264, "Num": 480.0, "Pedites": 480.0, "Equites": 0.0, "Localizaci": "Engers", "Origo": "Mixta", "RoadKM": 29.0, "Off_RoadKM": 15.0, "ForceKM": 35.0, "EmergencyK": 60.0, "1HKM": 0.0, "2HKM": 0.0, "3HKM": 0.0, "4HKM": 0.0, "5HKM": 0.0, "Tribuni": 0.0, "Legati": 0.0 }, "geometry": { "type": "Point", "coordinates": [ 7.54264, 50.42475 ] } },
{ "type": "Feature", "properties": { "Id": 147.0, "Unidad": "I Thracum Milliaria", "Tipo": "Cohorte Milliaria", "Provincia": "Iudea", "X": 31.4626925, "Y": 35.3877485, "Num": 800.0, "Pedites": 800.0, "Equites": 0.0, "Localizaci": "En Gedi", "Origo": "Tracios", "RoadKM": 29.0, "Off_RoadKM": 15.0, "ForceKM": 35.0, "EmergencyK": 60.0, "1HKM": 0.0, "2HKM": 0.0, "3HKM": 0.0, "4HKM": 0.0, "5HKM": 0.0, "Tribuni": 0.0, "Legati": 0.0 }, "geometry": { "type": "Point", "coordinates": [ 35.3877485, 31.4626925 ] } },
{ "type": "Feature", "properties": { "Id": 148.0, "Unidad": "I Thracum Sagittaria", "Tipo": "Cohorte", "Provincia": "Dacia", "X": 44.371715, "Y": 24.296769, "Num": 480.0, "Pedites": 480.0, "Equites": 0.0, "Localizaci": "Enosesti", "Origo": "Tracios", "RoadKM": 29.0, "Off_RoadKM": 15.0, "ForceKM": 35.0, "EmergencyK": 60.0, "1HKM": 0.0, "2HKM": 0.0, "3HKM": 0.0, "4HKM": 0.0, "5HKM": 0.0, "Tribuni": 0.0, "Legati": 0.0 }, "geometry": { "type": "Point", "coordinates": [ 24.296769, 44.371715 ] } },
{ "type": "Feature", "properties": { "Id": 149.0, "Unidad": "I Thracum Syriaca", "Tipo": "Cohorte", "Provincia": "Moesia Inf", "X": 43.64114355, "Y": 22.2653728, "Num": 480.0, "Pedites": 480.0, "Equites": 0.0, "Localizaci": "Timacum Minusÿ", "Origo": "Mixta", "RoadKM": 29.0, "Off_RoadKM": 15.0, "ForceKM": 35.0, "EmergencyK": 60.0, "1HKM": 0.0, "2HKM": 0.0, "3HKM": 0.0, "4HKM": 0.0, "5HKM": 0.0, "Tribuni": 0.0, "Legati": 0.0 }, "geometry": { "type": "Point", "coordinates": [ 22.2653728, 43.64114355 ] } },
{ "type": "Feature", "properties": { "Id": 150.0, "Unidad": "I Thracum victrix", "Tipo": "Alae", "Provincia": "Pannonia Superior", "X": 48.1186709, "Y": 16.61033099, "Num": 480.0, "Pedites": 0.0, "Equites": 480.0, "Localizaci": "Fischamend", "Origo": "Tracios", "RoadKM": 29.0, "Off_RoadKM": 15.0, "ForceKM": 35.0, "EmergencyK": 60.0, "1HKM": 0.0, "2HKM": 0.0, "3HKM": 0.0, "4HKM": 0.0, "5HKM": 0.0, "Tribuni": 0.0, "Legati": 0.0 }, "geometry": { "type": "Point", "coordinates": [ 16.61033099, 48.1186709 ] } },
{ "type": "Feature", "properties": { "Id": 151.0, "Unidad": "I Tungrorum", "Tipo": "Cohorte Milliaria", "Provincia": "Britannia", "X": 55.013268, "Y": -2.330971, "Num": 800.0, "Pedites": 800.0, "Equites": 0.0, "Localizaci": "Housesteads", "Origo": "Tungrios", "RoadKM": 29.0, "Off_RoadKM": 15.0, "ForceKM": 35.0, "EmergencyK": 60.0, "1HKM": 0.0, "2HKM": 0.0, "3HKM": 0.0, "4HKM": 0.0, "5HKM": 0.0, "Tribuni": 0.0, "Legati": 0.0 }, "geometry": { "type": "Point", "coordinates": [ -2.330971, 55.013268 ] } },
{ "type": "Feature", "properties": { "Id": 152.0, "Unidad": "I Ubiorum Eq.", "Tipo": "Cohorte Equitata", "Provincia": "Dacia", "X": 46.558347, "Y": 25.131291, "Num": 600.0, "Pedites": 480.0, "Equites": 120.0, "Localizaci": "Kreis Harghita", "Origo": "Ubios", "RoadKM": 29.0, "Off_RoadKM": 15.0, "ForceKM": 35.0, "EmergencyK": 60.0, "1HKM": 0.0, "2HKM": 0.0, "3HKM": 0.0, "4HKM": 0.0, "5HKM": 0.0, "Tribuni": 0.0, "Legati": 0.0 }, "geometry": { "type": "Point", "coordinates": [ 25.131291, 46.558347 ] } },
{ "type": "Feature", "properties": { "Id": 153.0, "Unidad": "I Ulpia Afrorum Eq.", "Tipo": "Cohorte Equitata", "Provincia": "Egipto", "X": 29.5164395, "Y": 30.897603, "Num": 600.0, "Pedites": 480.0, "Equites": 120.0, "Localizaci": "Karanis", "Origo": "Afri", "RoadKM": 29.0, "Off_RoadKM": 15.0, "ForceKM": 35.0, "EmergencyK": 60.0, "1HKM": 0.0, "2HKM": 0.0, "3HKM": 0.0, "4HKM": 0.0, "5HKM": 0.0, "Tribuni": 0.0, "Legati": 0.0 }, "geometry": { "type": "Point", "coordinates": [ 30.897603, 29.5164395 ] } },
{ "type": "Feature", "properties": { "Id": 154.0, "Unidad": "I Ulpia Brittonum", "Tipo": "Cohorte Milliaria Eq.", "Provincia": "Dacia", "X": 45.0625765, "Y": 24.331192, "Num": 1056.0, "Pedites": 800.0, "Equites": 256.0, "Localizaci": "Buridava", "Origo": "Britanos", "RoadKM": 29.0, "Off_RoadKM": 15.0, "ForceKM": 35.0, "EmergencyK": 60.0, "1HKM": 0.0, "2HKM": 0.0, "3HKM": 0.0, "4HKM": 0.0, "5HKM": 0.0, "Tribuni": 0.0, "Legati": 0.0 }, "geometry": { "type": "Point", "coordinates": [ 24.331192, 45.0625765 ] } },
{ "type": "Feature", "properties": { "Id": 155.0, "Unidad": "I Ulpia contariorum miliaria", "Tipo": "Ala Milliaria", "Provincia": "Pannonia Inferior", "X": 47.5676, "Y": 19.0479, "Num": 1000.0, "Pedites": 0.0, "Equites": 1000.0, "Localizaci": "Aquincum", "Origo": "Panonios", "RoadKM": 29.0, "Off_RoadKM": 15.0, "ForceKM": 35.0, "EmergencyK": 60.0, "1HKM": 0.0, "2HKM": 0.0, "3HKM": 0.0, "4HKM": 0.0, "5HKM": 0.0, "Tribuni": 0.0, "Legati": 0.0 }, "geometry": { "type": "Point", "coordinates": [ 19.0479, 47.5676 ] } },
{ "type": "Feature", "properties": { "Id": 156.0, "Unidad": "I Ulpia dromadariorum Palmyrenorum", "Tipo": "Cohorte Milliaria", "Provincia": "Syriae", "X": 34.563148, "Y": 38.289584, "Num": 800.0, "Pedites": 800.0, "Equites": 0.0, "Localizaci": "Qub?r al-Jund?", "Origo": "Palmyra", "RoadKM": 29.0, "Off_RoadKM": 15.0, "ForceKM": 35.0, "EmergencyK": 60.0, "1HKM": 0.0, "2HKM": 0.0, "3HKM": 0.0, "4HKM": 0.0, "5HKM": 0.0, "Tribuni": 0.0, "Legati": 0.0 }, "geometry": { "type": "Point", "coordinates": [ 38.289584, 34.563148 ] } },
{ "type": "Feature", "properties": { "Id": 157.0, "Unidad": "I Ulpia Pannoniorum", "Tipo": "Cohorte Milliaria Eq.", "Provincia": "Pannonia Superior", "X": 47.7856977, "Y": 18.7403349, "Num": 800.0, "Pedites": 800.0, "Equites": 256.0, "Localizaci": "Solva", "Origo": "Panonios", "RoadKM": 29.0, "Off_RoadKM": 15.0, "ForceKM": 35.0, "EmergencyK": 60.0, "1HKM": 0.0, "2HKM": 0.0, "3HKM": 0.0, "4HKM": 0.0, "5HKM": 0.0, "Tribuni": 0.0, "Legati": 0.0 }, "geometry": { "type": "Point", "coordinates": [ 18.7403349, 47.7856977 ] } },
{ "type": "Feature", "properties": { "Id": 158.0, "Unidad": "I Ulpia Paphlagonum", "Tipo": "Cohorte", "Provincia": "Cappadocia", "X": 41.5662815, "Y": 41.5736185, "Num": 480.0, "Pedites": 480.0, "Equites": 0.0, "Localizaci": "Apsarus", "Origo": "Paflagonia", "RoadKM": 29.0, "Off_RoadKM": 15.0, "ForceKM": 35.0, "EmergencyK": 60.0, "1HKM": 0.0, "2HKM": 0.0, "3HKM": 0.0, "4HKM": 0.0, "5HKM": 0.0, "Tribuni": 0.0, "Legati": 0.0 }, "geometry": { "type": "Point", "coordinates": [ 41.5736185, 41.5662815 ] } },
{ "type": "Feature", "properties": { "Id": 159.0, "Unidad": "I Ulpia Traiana Cugernorum c.R", "Tipo": "Cohorte", "Provincia": "Britannia", "X": 54.968831, "Y": -1.610077, "Num": 480.0, "Pedites": 480.0, "Equites": 0.0, "Localizaci": "Newcastle-Upper-Tynne", "Origo": "Cugernios", "RoadKM": 29.0, "Off_RoadKM": 15.0, "ForceKM": 35.0, "EmergencyK": 60.0, "1HKM": 0.0, "2HKM": 0.0, "3HKM": 0.0, "4HKM": 0.0, "5HKM": 0.0, "Tribuni": 0.0, "Legati": 0.0 }, "geometry": { "type": "Point", "coordinates": [ -1.610077, 54.968831 ] } },
{ "type": "Feature", "properties": { "Id": 160.0, "Unidad": "I Vangionum", "Tipo": "Cohorte Milliaria Eq.", "Provincia": "Britannia", "X": 55.170103, "Y": -2.17374, "Num": 1056.0, "Pedites": 800.0, "Equites": 256.0, "Localizaci": "Risingham", "Origo": "Vangionums", "RoadKM": 29.0, "Off_RoadKM": 15.0, "ForceKM": 35.0, "EmergencyK": 60.0, "1HKM": 0.0, "2HKM": 0.0, "3HKM": 0.0, "4HKM": 0.0, "5HKM": 0.0, "Tribuni": 0.0, "Legati": 0.0 }, "geometry": { "type": "Point", "coordinates": [ -2.17374, 55.170103 ] } },
{ "type": "Feature", "properties": { "Id": 161.0, "Unidad": "I Vespasiana Dardanorum", "Tipo": "Alae", "Provincia": "Moesia Inf", "X": 45.244798, "Y": 28.129581, "Num": 480.0, "Pedites": 0.0, "Equites": 480.0, "Localizaci": "M?cin", "Origo": "Dardania", "RoadKM": 29.0, "Off_RoadKM": 15.0, "ForceKM": 35.0, "EmergencyK": 60.0, "1HKM": 0.0, "2HKM": 0.0, "3HKM": 0.0, "4HKM": 0.0, "5HKM": 0.0, "Tribuni": 0.0, "Legati": 0.0 }, "geometry": { "type": "Point", "coordinates": [ 28.129581, 45.244798 ] } },
{ "type": "Feature", "properties": { "Id": 162.0, "Unidad": "I Vindelicorum mill. Eq. c.R", "Tipo": "Cohor Milliaria Equitata", "Provincia": "Dacia", "X": 45.458595, "Y": 22.18586, "Num": 1056.0, "Pedites": 800.0, "Equites": 256.0, "Localizaci": "Jupa", "Origo": "Vindelicos", "RoadKM": 29.0, "Off_RoadKM": 15.0, "ForceKM": 35.0, "EmergencyK": 60.0, "1HKM": 0.0, "2HKM": 0.0, "3HKM": 0.0, "4HKM": 0.0, "5HKM": 0.0, "Tribuni": 0.0, "Legati": 0.0 }, "geometry": { "type": "Point", "coordinates": [ 22.18586, 45.458595 ] } },
{ "type": "Feature", "properties": { "Id": 163.0, "Unidad": "II Adiutrix", "Tipo": "Legi¢n", "Provincia": "Pannonia Inferior", "X": 47.558849, "Y": 19.048286, "Num": 5200.0, "Pedites": 5200.0, "Equites": 120.0, "Localizaci": "Aquincum", "Origo": "Legio", "RoadKM": 29.0, "Off_RoadKM": 15.0, "ForceKM": 35.0, "EmergencyK": 60.0, "1HKM": 0.0, "2HKM": 0.0, "3HKM": 0.0, "4HKM": 0.0, "5HKM": 0.0, "Tribuni": 1.0, "Legati": 2.0 }, "geometry": { "type": "Point", "coordinates": [ 19.048286, 47.558849 ] } },
{ "type": "Feature", "properties": { "Id": 164.0, "Unidad": "II Alpinorum Equitata (1)", "Tipo": "Cohorte Equitata", "Provincia": "Pannonia Inferior", "X": 47.87441, "Y": 17.26939, "Num": 600.0, "Pedites": 480.0, "Equites": 120.0, "Localizaci": "Ad Flexum", "Origo": "Alpinos", "RoadKM": 29.0, "Off_RoadKM": 15.0, "ForceKM": 35.0, "EmergencyK": 60.0, "1HKM": 0.0, "2HKM": 0.0, "3HKM": 0.0, "4HKM": 0.0, "5HKM": 0.0, "Tribuni": 0.0, "Legati": 0.0 }, "geometry": { "type": "Point", "coordinates": [ 17.26939, 47.87441 ] } },
{ "type": "Feature", "properties": { "Id": 165.0, "Unidad": "II Asturum", "Tipo": "Cohorte", "Provincia": "Britannia", "X": 53.811955396599998, "Y": -2.5322888184800001, "Num": 480.0, "Pedites": 480.0, "Equites": 0.0, "Localizaci": "Ribchester", "Origo": "Astures", "RoadKM": 29.0, "Off_RoadKM": 15.0, "ForceKM": 35.0, "EmergencyK": 60.0, "1HKM": 0.0, "2HKM": 0.0, "3HKM": 0.0, "4HKM": 0.0, "5HKM": 0.0, "Tribuni": 0.0, "Legati": 0.0 }, "geometry": { "type": "Point", "coordinates": [ -2.53228881848, 53.811955396599998 ] } },
{ "type": "Feature", "properties": { "Id": 166.0, "Unidad": "II Asturum Callaecorum Eq.", "Tipo": "Cohorte Equitata", "Provincia": "Pannonia Inferior", "X": 46.086341, "Y": 18.76002, "Num": 600.0, "Pedites": 480.0, "Equites": 120.0, "Localizaci": "Ad Militare, Dunaszekcso", "Origo": "Astures", "RoadKM": 29.0, "Off_RoadKM": 15.0, "ForceKM": 35.0, "EmergencyK": 60.0, "1HKM": 0.0, "2HKM": 0.0, "3HKM": 0.0, "4HKM": 0.0, "5HKM": 0.0, "Tribuni": 0.0, "Legati": 0.0 }, "geometry": { "type": "Point", "coordinates": [ 18.76002, 46.086341 ] } },
{ "type": "Feature", "properties": { "Id": 167.0, "Unidad": "II Augusta", "Tipo": "Legi¢n", "Provincia": "Britannia", "X": 51.61042062, "Y": -2.955449715, "Num": 5200.0, "Pedites": 5200.0, "Equites": 120.0, "Localizaci": "Isca Silurnum", "Origo": "Legio", "RoadKM": 29.0, "Off_RoadKM": 15.0, "ForceKM": 35.0, "EmergencyK": 60.0, "1HKM": 0.0, "2HKM": 0.0, "3HKM": 0.0, "4HKM": 0.0, "5HKM": 0.0, "Tribuni": 1.0, "Legati": 1.0 }, "geometry": { "type": "Point", "coordinates": [ -2.955449715, 51.61042062 ] } },
{ "type": "Feature", "properties": { "Id": 168.0, "Unidad": "II Augusta Cyrenaica", "Tipo": "Cohorte Equitata", "Provincia": "Germania Superior", "X": 50.160438, "Y": 8.635361, "Num": 600.0, "Pedites": 480.0, "Equites": 120.0, "Localizaci": "Heddernheim", "Origo": "Cirenea", "RoadKM": 29.0, "Off_RoadKM": 15.0, "ForceKM": 35.0, "EmergencyK": 60.0, "1HKM": 0.0, "2HKM": 0.0, "3HKM": 0.0, "4HKM": 0.0, "5HKM": 0.0, "Tribuni": 0.0, "Legati": 0.0 }, "geometry": { "type": "Point", "coordinates": [ 8.635361, 50.160438 ] } },
{ "type": "Feature", "properties": { "Id": 169.0, "Unidad": "II Augusta Pacensis Nervia Brittonum", "Tipo": "Cohorte Milliaria", "Provincia": "Pannonia Inferior", "X": 46.312562, "Y": 18.757918, "Num": 800.0, "Pedites": 800.0, "Equites": 0.0, "Localizaci": "Alisca", "Origo": "Britanos", "RoadKM": 29.0, "Off_RoadKM": 15.0, "ForceKM": 35.0, "EmergencyK": 60.0, "1HKM": 0.0, "2HKM": 0.0, "3HKM": 0.0, "4HKM": 0.0, "5HKM": 0.0, "Tribuni": 0.0, "Legati": 0.0 }, "geometry": { "type": "Point", "coordinates": [ 18.757918, 46.312562 ] } },
{ "type": "Feature", "properties": { "Id": 170.0, "Unidad": "II Augusta Pannoniorum", "Tipo": "Cohorte Equitata", "Provincia": "Britannia", "X": 54.826122, "Y": -3.418604, "Num": 600.0, "Pedites": 480.0, "Equites": 120.0, "Localizaci": "Bibra", "Origo": "Panonios", "RoadKM": 29.0, "Off_RoadKM": 15.0, "ForceKM": 35.0, "EmergencyK": 60.0, "1HKM": 0.0, "2HKM": 0.0, "3HKM": 0.0, "4HKM": 0.0, "5HKM": 0.0, "Tribuni": 0.0, "Legati": 0.0 }, "geometry": { "type": "Point", "coordinates": [ -3.418604, 54.826122 ] } },
{ "type": "Feature", "properties": { "Id": 171.0, "Unidad": "II Augusta Thracum Eq.", "Tipo": "Cohorte Equitata", "Provincia": "Pannonia Inferior", "X": 45.8526195, "Y": 18.8506065, "Num": 600.0, "Pedites": 480.0, "Equites": 120.0, "Localizaci": "Ad Militares", "Origo": "Tracios", "RoadKM": 29.0, "Off_RoadKM": 15.0, "ForceKM": 35.0, "EmergencyK": 60.0, "1HKM": 0.0, "2HKM": 0.0, "3HKM": 0.0, "4HKM": 0.0, "5HKM": 0.0, "Tribuni": 0.0, "Legati": 0.0 }, "geometry": { "type": "Point", "coordinates": [ 18.8506065, 45.8526195 ] } },
{ "type": "Feature", "properties": { "Id": 172.0, "Unidad": "II Aurelia Dacorum Mill. Eq.", "Tipo": "Cohor Milliaria Equitata", "Provincia": "Moesia Inf", "X": 44.490254, "Y": 22.054843, "Num": 1056.0, "Pedites": 800.0, "Equites": 256.0, "Localizaci": "Ravna", "Origo": "Dacios", "RoadKM": 29.0, "Off_RoadKM": 15.0, "ForceKM": 35.0, "EmergencyK": 60.0, "1HKM": 0.0, "2HKM": 0.0, "3HKM": 0.0, "4HKM": 0.0, "5HKM": 0.0, "Tribuni": 0.0, "Legati": 0.0 }, "geometry": { "type": "Point", "coordinates": [ 22.054843, 44.490254 ] } },
{ "type": "Feature", "properties": { "Id": 173.0, "Unidad": "II Batavorum Mill. equitata", "Tipo": "Cohor Milliaria Equitata", "Provincia": "Raetia", "X": 48.393748, "Y": 15.57763, "Num": 1056.0, "Pedites": 800.0, "Equites": 256.0, "Localizaci": "Faviana", "Origo": "Batavos", "RoadKM": 29.0, "Off_RoadKM": 15.0, "ForceKM": 35.0, "EmergencyK": 60.0, "1HKM": 0.0, "2HKM": 0.0, "3HKM": 0.0, "4HKM": 0.0, "5HKM": 0.0, "Tribuni": 0.0, "Legati": 0.0 }, "geometry": { "type": "Point", "coordinates": [ 15.57763, 48.393748 ] } },
{ "type": "Feature", "properties": { "Id": 174.0, "Unidad": "II Bracaraugustanorum", "Tipo": "Cohorte Equitata", "Provincia": "Thracia", "X": 42.705203, "Y": 25.343078, "Num": 600.0, "Pedites": 480.0, "Equites": 120.0, "Localizaci": "Sipka", "Origo": "Bracari", "RoadKM": 29.0, "Off_RoadKM": 15.0, "ForceKM": 35.0, "EmergencyK": 60.0, "1HKM": 0.0, "2HKM": 0.0, "3HKM": 0.0, "4HKM": 0.0, "5HKM": 0.0, "Tribuni": 0.0, "Legati": 0.0 }, "geometry": { "type": "Point", "coordinates": [ 25.343078, 42.705203 ] } },
{ "type": "Feature", "properties": { "Id": 175.0, "Unidad": "II Breucorum", "Tipo": "Cohorte", "Provincia": "Mauretania Caes.", "X": 35.1056992, "Y": 0.6844213, "Num": 480.0, "Pedites": 480.0, "Equites": 0.0, "Localizaci": "Hr. Suik", "Origo": "Breuci", "RoadKM": 29.0, "Off_RoadKM": 15.0, "ForceKM": 35.0, "EmergencyK": 60.0, "1HKM": 0.0, "2HKM": 0.0, "3HKM": 0.0, "4HKM": 0.0, "5HKM": 0.0, "Tribuni": 0.0, "Legati": 0.0 }, "geometry": { "type": "Point", "coordinates": [ 0.6844213, 35.1056992 ] } },
{ "type": "Feature", "properties": { "Id": 176.0, "Unidad": "II Britannorum c.R", "Tipo": "Cohorte Milliaria", "Provincia": "Dacia", "X": 47.191495, "Y": 23.8474695, "Num": 800.0, "Pedites": 800.0, "Equites": 0.0, "Localizaci": "Casei", "Origo": "Britanos", "RoadKM": 29.0, "Off_RoadKM": 15.0, "ForceKM": 35.0, "EmergencyK": 60.0, "1HKM": 0.0, "2HKM": 0.0, "3HKM": 0.0, "4HKM": 0.0, "5HKM": 0.0, "Tribuni": 0.0, "Legati": 0.0 }, "geometry": { "type": "Point", "coordinates": [ 23.8474695, 47.191495 ] } },
{ "type": "Feature", "properties": { "Id": 177.0, "Unidad": "II Campestris voluntariorum c.R", "Tipo": "Cohorte", "Provincia": "Dacia", "X": 46.7734615, "Y": 23.59417, "Num": 480.0, "Pedites": 480.0, "Equites": 0.0, "Localizaci": "Cluj, Kostolac", "Origo": "Romanos", "RoadKM": 29.0, "Off_RoadKM": 15.0, "ForceKM": 35.0, "EmergencyK": 60.0, "1HKM": 0.0, "2HKM": 0.0, "3HKM": 0.0, "4HKM": 0.0, "5HKM": 0.0, "Tribuni": 0.0, "Legati": 0.0 }, "geometry": { "type": "Point", "coordinates": [ 23.59417, 46.7734615 ] } },
{ "type": "Feature", "properties": { "Id": 178.0, "Unidad": "II Civium Romanorum", "Tipo": "Cohorte", "Provincia": "Germania Inferior", "X": 50.473639, "Y": 7.312814, "Num": 480.0, "Pedites": 480.0, "Equites": 0.0, "Localizaci": "Hren - Brohl", "Origo": "Romanos", "RoadKM": 29.0, "Off_RoadKM": 15.0, "ForceKM": 35.0, "EmergencyK": 60.0, "1HKM": 0.0, "2HKM": 0.0, "3HKM": 0.0, "4HKM": 0.0, "5HKM": 0.0, "Tribuni": 0.0, "Legati": 0.0 }, "geometry": { "type": "Point", "coordinates": [ 7.312814, 50.473639 ] } },
{ "type": "Feature", "properties": { "Id": 179.0, "Unidad": "II Classica Sagittaria", "Tipo": "Cohorte", "Provincia": "Syriae", "X": 33.8985935, "Y": 35.511241, "Num": 480.0, "Pedites": 480.0, "Equites": 0.0, "Localizaci": "Berytus", "Origo": "Marineros", "RoadKM": 29.0, "Off_RoadKM": 15.0, "ForceKM": 35.0, "EmergencyK": 60.0, "1HKM": 0.0, "2HKM": 0.0, "3HKM": 0.0, "4HKM": 0.0, "5HKM": 0.0, "Tribuni": 0.0, "Legati": 0.0 }, "geometry": { "type": "Point", "coordinates": [ 35.511241, 33.8985935 ] } },
{ "type": "Feature", "properties": { "Id": 180.0, "Unidad": "II Delmatarum", "Tipo": "Cohorte", "Provincia": "Britannia", "X": 52.674487591599998, "Y": -2.6438111060399998, "Num": 480.0, "Pedites": 480.0, "Equites": 0.0, "Localizaci": "Viroconium", "Origo": "Dalmatas", "RoadKM": 29.0, "Off_RoadKM": 15.0, "ForceKM": 35.0, "EmergencyK": 60.0, "1HKM": 0.0, "2HKM": 0.0, "3HKM": 0.0, "4HKM": 0.0, "5HKM": 0.0, "Tribuni": 0.0, "Legati": 0.0 }, "geometry": { "type": "Point", "coordinates": [ -2.64381110604, 52.674487591599998 ] } },
{ "type": "Feature", "properties": { "Id": 181.0, "Unidad": "II Flavia Bessorum", "Tipo": "Cohorte", "Provincia": "Dacia", "X": 45.388921, "Y": 25.172209, "Num": 480.0, "Pedites": 480.0, "Equites": 0.0, "Localizaci": "Rucar", "Origo": "Bessi", "RoadKM": 29.0, "Off_RoadKM": 15.0, "ForceKM": 35.0, "EmergencyK": 60.0, "1HKM": 0.0, "2HKM": 0.0, "3HKM": 0.0, "4HKM": 0.0, "5HKM": 0.0, "Tribuni": 0.0, "Legati": 0.0 }, "geometry": { "type": "Point", "coordinates": [ 25.172209, 45.388921 ] } },
{ "type": "Feature", "properties": { "Id": 182.0, "Unidad": "II Flavia Brittonum", "Tipo": "Cohorte Equitata", "Provincia": "Moesia Inf", "X": 43.846503, "Y": 25.945364, "Num": 600.0, "Pedites": 480.0, "Equites": 120.0, "Localizaci": "Sexaginta Prista", "Origo": "Britanos", "RoadKM": 29.0, "Off_RoadKM": 15.0, "ForceKM": 35.0, "EmergencyK": 60.0, "1HKM": 0.0, "2HKM": 0.0, "3HKM": 0.0, "4HKM": 0.0, "5HKM": 0.0, "Tribuni": 0.0, "Legati": 0.0 }, "geometry": { "type": "Point", "coordinates": [ 25.945364, 43.846503 ] } },
{ "type": "Feature", "properties": { "Id": 183.0, "Unidad": "II Flavia Commagenorum sagittaria", "Tipo": "Cohorte", "Provincia": "Dacia", "X": 45.913033, "Y": 22.815006, "Num": 480.0, "Pedites": 480.0, "Equites": 0.0, "Localizaci": "Vetel, Misia", "Origo": "Commagene", "RoadKM": 29.0, "Off_RoadKM": 15.0, "ForceKM": 35.0, "EmergencyK": 60.0, "1HKM": 0.0, "2HKM": 0.0, "3HKM": 0.0, "4HKM": 0.0, "5HKM": 0.0, "Tribuni": 0.0, "Legati": 0.0 }, "geometry": { "type": "Point", "coordinates": [ 22.815006, 45.913033 ] } },
{ "type": "Feature", "properties": { "Id": 184.0, "Unidad": "II Flavia Numidarum", "Tipo": "Cohorte Equitata", "Provincia": "Dacia", "X": 45.8183, "Y": 25.592322, "Num": 600.0, "Pedites": 480.0, "Equites": 120.0, "Localizaci": "Feldiora", "Origo": "Numidas", "RoadKM": 29.0, "Off_RoadKM": 15.0, "ForceKM": 35.0, "EmergencyK": 60.0, "1HKM": 0.0, "2HKM": 0.0, "3HKM": 0.0, "4HKM": 0.0, "5HKM": 0.0, "Tribuni": 0.0, "Legati": 0.0 }, "geometry": { "type": "Point", "coordinates": [ 25.592322, 45.8183 ] } },
{ "type": "Feature", "properties": { "Id": 185.0, "Unidad": "II Gallorum Sebosiana", "Tipo": "Alae", "Provincia": "Germania Superior", "X": 49.630359, "Y": 8.3588465, "Num": 480.0, "Pedites": 0.0, "Equites": 480.0, "Localizaci": "Borbetomagusÿ", "Origo": "Galos", "RoadKM": 29.0, "Off_RoadKM": 15.0, "ForceKM": 35.0, "EmergencyK": 60.0, "1HKM": 0.0, "2HKM": 0.0, "3HKM": 0.0, "4HKM": 0.0, "5HKM": 0.0, "Tribuni": 0.0, "Legati": 0.0 }, "geometry": { "type": "Point", "coordinates": [ 8.3588465, 49.630359 ] } },
{ "type": "Feature", "properties": { "Id": 186.0, "Unidad": "II Gallorum Veterana Equitata", "Tipo": "Cohorte Equitata", "Provincia": "Britannia", "X": 54.663958, "Y": -2.753041, "Num": 600.0, "Pedites": 480.0, "Equites": 120.0, "Localizaci": "Old Penrith", "Origo": "Galos", "RoadKM": 29.0, "Off_RoadKM": 15.0, "ForceKM": 35.0, "EmergencyK": 60.0, "1HKM": 0.0, "2HKM": 0.0, "3HKM": 0.0, "4HKM": 0.0, "5HKM": 0.0, "Tribuni": 0.0, "Legati": 0.0 }, "geometry": { "type": "Point", "coordinates": [ -2.753041, 54.663958 ] } },
{ "type": "Feature", "properties": { "Id": 187.0, "Unidad": "II Gemina Ligurum, et Corsorum", "Tipo": "Cohorte", "Provincia": "Corsica", "X": 39.214886, "Y": 9.109522, "Num": 480.0, "Pedites": 480.0, "Equites": 0.0, "Localizaci": "Sardinia", "Origo": "Sardos", "RoadKM": 29.0, "Off_RoadKM": 15.0, "ForceKM": 35.0, "EmergencyK": 60.0, "1HKM": 0.0, "2HKM": 0.0, "3HKM": 0.0, "4HKM": 0.0, "5HKM": 0.0, "Tribuni": 0.0, "Legati": 0.0 }, "geometry": { "type": "Point", "coordinates": [ 9.109522, 39.214886 ] } },
{ "type": "Feature", "properties": { "Id": 188.0, "Unidad": "II Hamiorum Milliaria", "Tipo": "Cohor Milliaria Equitata", "Provincia": "Mauretania Caes.", "X": 35.4897276, "Y": 6.2573566, "Num": 1056.0, "Pedites": 800.0, "Equites": 256.0, "Localizaci": "Lambaesis", "Origo": "Hemesos", "RoadKM": 29.0, "Off_RoadKM": 15.0, "ForceKM": 35.0, "EmergencyK": 60.0, "1HKM": 0.0, "2HKM": 0.0, "3HKM": 0.0, "4HKM": 0.0, "5HKM": 0.0, "Tribuni": 0.0, "Legati": 0.0 }, "geometry": { "type": "Point", "coordinates": [ 6.2573566, 35.4897276 ] } },
{ "type": "Feature", "properties": { "Id": 189.0, "Unidad": "II Hispanorum", "Tipo": "Cohorte Equitata", "Provincia": "Germania Superior", "X": 49.97895, "Y": 9.065304, "Num": 600.0, "Pedites": 480.0, "Equites": 120.0, "Localizaci": "Stockstadt", "Origo": "Hispanos", "RoadKM": 29.0, "Off_RoadKM": 15.0, "ForceKM": 35.0, "EmergencyK": 60.0, "1HKM": 0.0, "2HKM": 0.0, "3HKM": 0.0, "4HKM": 0.0, "5HKM": 0.0, "Tribuni": 0.0, "Legati": 0.0 }, "geometry": { "type": "Point", "coordinates": [ 9.065304, 49.97895 ] } },
{ "type": "Feature", "properties": { "Id": 190.0, "Unidad": "II Hispanorum Aravacorum", "Tipo": "Alae", "Provincia": "Moesia Inf", "X": 44.685985, "Y": 27.951966, "Num": 480.0, "Pedites": 0.0, "Equites": 480.0, "Localizaci": "Carsium", "Origo": "Arevacos", "RoadKM": 29.0, "Off_RoadKM": 15.0, "ForceKM": 35.0, "EmergencyK": 60.0, "1HKM": 0.0, "2HKM": 0.0, "3HKM": 0.0, "4HKM": 0.0, "5HKM": 0.0, "Tribuni": 0.0, "Legati": 0.0 }, "geometry": { "type": "Point", "coordinates": [ 27.951966, 44.685985 ] } },
{ "type": "Feature", "properties": { "Id": 192.0, "Unidad": "II Hispanorum Eq.", "Tipo": "Cohorte Equitata", "Provincia": "µfrica", "X": 35.290424, "Y": 7.360908, "Num": 600.0, "Pedites": 480.0, "Equites": 120.0, "Localizaci": "Vaizavi", "Origo": "Hispanos", "RoadKM": 29.0, "Off_RoadKM": 15.0, "ForceKM": 35.0, "EmergencyK": 60.0, "1HKM": 0.0, "2HKM": 0.0, "3HKM": 0.0, "4HKM": 0.0, "5HKM": 0.0, "Tribuni": 0.0, "Legati": 0.0 }, "geometry": { "type": "Point", "coordinates": [ 7.360908, 35.290424 ] } },
{ "type": "Feature", "properties": { "Id": 193.0, "Unidad": "II Hispanorum Mill.", "Tipo": "Cohorte Milliaria", "Provincia": "Mauretania Ting.", "X": 35.200989, "Y": -6.108052, "Num": 800.0, "Pedites": 800.0, "Equites": 0.0, "Localizaci": "Lixus", "Origo": "Hispanos", "RoadKM": 29.0, "Off_RoadKM": 15.0, "ForceKM": 35.0, "EmergencyK": 60.0, "1HKM": 0.0, "2HKM": 0.0, "3HKM": 0.0, "4HKM": 0.0, "5HKM": 0.0, "Tribuni": 0.0, "Legati": 0.0 }, "geometry": { "type": "Point", "coordinates": [ -6.108052, 35.200989 ] } },
{ "type": "Feature", "properties": { "Id": 194.0, "Unidad": "II Hispanorum scutata", "Tipo": "Cohorte Equitata", "Provincia": "Dacia", "X": 46.886716, "Y": 22.879382, "Num": 600.0, "Pedites": 480.0, "Equites": 120.0, "Localizaci": "Resculum", "Origo": "Hispanos", "RoadKM": 29.0, "Off_RoadKM": 15.0, "ForceKM": 35.0, "EmergencyK": 60.0, "1HKM": 0.0, "2HKM": 0.0, "3HKM": 0.0, "4HKM": 0.0, "5HKM": 0.0, "Tribuni": 0.0, "Legati": 0.0 }, "geometry": { "type": "Point", "coordinates": [ 22.879382, 46.886716 ] } },
{ "type": "Feature", "properties": { "Id": 195.0, "Unidad": "II Hispanorum Vasconum", "Tipo": "Cohorte", "Provincia": "Mauretania Ting.", "X": 34.6019535, "Y": -6.115349, "Num": 480.0, "Pedites": 480.0, "Equites": 0.0, "Localizaci": "Banasa", "Origo": "Vascones", "RoadKM": 29.0, "Off_RoadKM": 15.0, "ForceKM": 35.0, "EmergencyK": 60.0, "1HKM": 0.0, "2HKM": 0.0, "3HKM": 0.0, "4HKM": 0.0, "5HKM": 0.0, "Tribuni": 0.0, "Legati": 0.0 }, "geometry": { "type": "Point", "coordinates": [ -6.115349, 34.6019535 ] } },
{ "type": "Feature", "properties": { "Id": 196.0, "Unidad": "II Italica civium romanorum", "Tipo": "Cohorte", "Provincia": "Syriae", "X": 32.501833, "Y": 34.900416, "Num": 480.0, "Pedites": 480.0, "Equites": 0.0, "Localizaci": "Caesarea", "Origo": "Galos", "RoadKM": 29.0, "Off_RoadKM": 15.0, "ForceKM": 35.0, "EmergencyK": 60.0, "1HKM": 0.0, "2HKM": 0.0, "3HKM": 0.0, "4HKM": 0.0, "5HKM": 0.0, "Tribuni": 0.0, "Legati": 0.0 }, "geometry": { "type": "Point", "coordinates": [ 34.900416, 32.501833 ] } },
{ "type": "Feature", "properties": { "Id": 197.0, "Unidad": "II Ituraeorum", "Tipo": "Cohorte Equitata", "Provincia": "Egipto", "X": 24.678444, "Y": 32.944781, "Num": 600.0, "Pedites": 480.0, "Equites": 120.0, "Localizaci": "Kalabchah", "Origo": "Itureos", "RoadKM": 29.0, "Off_RoadKM": 15.0, "ForceKM": 35.0, "EmergencyK": 60.0, "1HKM": 0.0, "2HKM": 0.0, "3HKM": 0.0, "4HKM": 0.0, "5HKM": 0.0, "Tribuni": 0.0, "Legati": 0.0 }, "geometry": { "type": "Point", "coordinates": [ 32.944781, 24.678444 ] } },
{ "type": "Feature", "properties": { "Id": 198.0, "Unidad": "II Lingonum", "Tipo": "Cohorte Equitata", "Provincia": "Britannia", "X": 54.526403, "Y": -2.315222, "Num": 600.0, "Pedites": 480.0, "Equites": 120.0, "Localizaci": "Brough Stainmore", "Origo": "Lingones", "RoadKM": 29.0, "Off_RoadKM": 15.0, "ForceKM": 35.0, "EmergencyK": 60.0, "1HKM": 0.0, "2HKM": 0.0, "3HKM": 0.0, "4HKM": 0.0, "5HKM": 0.0, "Tribuni": 0.0, "Legati": 0.0 }, "geometry": { "type": "Point", "coordinates": [ -2.315222, 54.526403 ] } },
{ "type": "Feature", "properties": { "Id": 199.0, "Unidad": "II Lucensium", "Tipo": "Cohorte Equitata", "Provincia": "Thracia", "X": 42.5393535, "Y": 26.481552, "Num": 600.0, "Pedites": 480.0, "Equites": 120.0, "Localizaci": "Diospolis", "Origo": "Lucenses", "RoadKM": 29.0, "Off_RoadKM": 15.0, "ForceKM": 35.0, "EmergencyK": 60.0, "1HKM": 0.0, "2HKM": 0.0, "3HKM": 0.0, "4HKM": 0.0, "5HKM": 0.0, "Tribuni": 0.0, "Legati": 0.0 }, "geometry": { "type": "Point", "coordinates": [ 26.481552, 42.5393535 ] } },
{ "type": "Feature", "properties": { "Id": 200.0, "Unidad": "II Mattiacorum Mill. Eq.", "Tipo": "Cohor Milliaria Equitata", "Provincia": "Moesia Inf", "X": 43.858608, "Y": 25.961988, "Num": 1056.0, "Pedites": 800.0, "Equites": 256.0, "Localizaci": "Rutschuk", "Origo": "Matiacos", "RoadKM": 29.0, "Off_RoadKM": 15.0, "ForceKM": 35.0, "EmergencyK": 60.0, "1HKM": 0.0, "2HKM": 0.0, "3HKM": 0.0, "4HKM": 0.0, "5HKM": 0.0, "Tribuni": 0.0, "Legati": 0.0 }, "geometry": { "type": "Point", "coordinates": [ 25.961988, 43.858608 ] } },
{ "type": "Feature", "properties": { "Id": 201.0, "Unidad": "II Mattiacorum Mill. Eq.", "Tipo": "Cohorte Equitata", "Provincia": "Lycia", "X": 36.9618175, "Y": 30.854671, "Num": 600.0, "Pedites": 480.0, "Equites": 120.0, "Localizaci": "Perge", "Origo": "Numidas", "RoadKM": 29.0, "Off_RoadKM": 15.0, "ForceKM": 35.0, "EmergencyK": 60.0, "1HKM": 0.0, "2HKM": 0.0, "3HKM": 0.0, "4HKM": 0.0, "5HKM": 0.0, "Tribuni": 0.0, "Legati": 0.0 }, "geometry": { "type": "Point", "coordinates": [ 30.854671, 36.9618175 ] } },
{ "type": "Feature", "properties": { "Id": 202.0, "Unidad": "II Maurorum", "Tipo": "Cohorte", "Provincia": "Mauretania Caes.", "X": 35.537843, "Y": 7.6279505, "Num": 480.0, "Pedites": 480.0, "Equites": 0.0, "Localizaci": "Casae", "Origo": "Mauri", "RoadKM": 29.0, "Off_RoadKM": 15.0, "ForceKM": 35.0, "EmergencyK": 60.0, "1HKM": 0.0, "2HKM": 0.0, "3HKM": 0.0, "4HKM": 0.0, "5HKM": 0.0, "Tribuni": 0.0, "Legati": 0.0 }, "geometry": { "type": "Point", "coordinates": [ 7.6279505, 35.537843 ] } },
{ "type": "Feature", "properties": { "Id": 203.0, "Unidad": "II Nerviorum", "Tipo": "Cohorte", "Provincia": "Britannia", "X": 54.9878783021, "Y": -1.5323380236399999, "Num": 480.0, "Pedites": 480.0, "Equites": 0.0, "Localizaci": "Segedunum", "Origo": "Nervios", "RoadKM": 29.0, "Off_RoadKM": 15.0, "ForceKM": 35.0, "EmergencyK": 60.0, "1HKM": 0.0, "2HKM": 0.0, "3HKM": 0.0, "4HKM": 0.0, "5HKM": 0.0, "Tribuni": 0.0, "Legati": 0.0 }, "geometry": { "type": "Point", "coordinates": [ -1.53233802364, 54.9878783021 ] } },
{ "type": "Feature", "properties": { "Id": 204.0, "Unidad": "II Pannoniorum", "Tipo": "Cohorte", "Provincia": "Dacia", "X": 47.044683, "Y": 23.052535, "Num": 480.0, "Pedites": 480.0, "Equites": 0.0, "Localizaci": "Buciumi", "Origo": "Panonios", "RoadKM": 29.0, "Off_RoadKM": 15.0, "ForceKM": 35.0, "EmergencyK": 60.0, "1HKM": 0.0, "2HKM": 0.0, "3HKM": 0.0, "4HKM": 0.0, "5HKM": 0.0, "Tribuni": 0.0, "Legati": 0.0 }, "geometry": { "type": "Point", "coordinates": [ 23.052535, 47.044683 ] } },
{ "type": "Feature", "properties": { "Id": 205.0, "Unidad": "II Raetorum", "Tipo": "Cohorte", "Provincia": "Germania Superior", "X": 48.8867769, "Y": 12.5964322, "Num": 480.0, "Pedites": 480.0, "Equites": 0.0, "Localizaci": "Saalburg", "Origo": "Raetos", "RoadKM": 29.0, "Off_RoadKM": 15.0, "ForceKM": 35.0, "EmergencyK": 60.0, "1HKM": 0.0, "2HKM": 0.0, "3HKM": 0.0, "4HKM": 0.0, "5HKM": 0.0, "Tribuni": 0.0, "Legati": 0.0 }, "geometry": { "type": "Point", "coordinates": [ 12.5964322, 48.8867769 ] } },
{ "type": "Feature", "properties": { "Id": 206.0, "Unidad": "II Raetorum  c.R", "Tipo": "Cohorte", "Provincia": "Raetia", "X": 48.8867769, "Y": 12.5964322, "Num": 480.0, "Pedites": 480.0, "Equites": 0.0, "Localizaci": "Sorviodurum", "Origo": "Raetos", "RoadKM": 29.0, "Off_RoadKM": 15.0, "ForceKM": 35.0, "EmergencyK": 60.0, "1HKM": 0.0, "2HKM": 0.0, "3HKM": 0.0, "4HKM": 0.0, "5HKM": 0.0, "Tribuni": 0.0, "Legati": 0.0 }, "geometry": { "type": "Point", "coordinates": [ 12.5964322, 48.8867769 ] } },
{ "type": "Feature", "properties": { "Id": 207.0, "Unidad": "II Sardorum", "Tipo": "Cohorte", "Provincia": "Mauretania Caes.", "X": 36.1368445, "Y": 3.4229785, "Num": 480.0, "Pedites": 480.0, "Equites": 0.0, "Localizaci": "Rapidum", "Origo": "Musulamios", "RoadKM": 29.0, "Off_RoadKM": 15.0, "ForceKM": 35.0, "EmergencyK": 60.0, "1HKM": 0.0, "2HKM": 0.0, "3HKM": 0.0, "4HKM": 0.0, "5HKM": 0.0, "Tribuni": 0.0, "Legati": 0.0 }, "geometry": { "type": "Point", "coordinates": [ 3.4229785, 36.1368445 ] } },
{ "type": "Feature", "properties": { "Id": 208.0, "Unidad": "II Syrorum milliaria sagittariorum c.R", "Tipo": "Cohorte Milliaria", "Provincia": "Mauretania Ting.", "X": 34.0067968, "Y": -6.8204255, "Num": 800.0, "Pedites": 800.0, "Equites": 0.0, "Localizaci": "Sala", "Origo": "Sirios", "RoadKM": 29.0, "Off_RoadKM": 15.0, "ForceKM": 35.0, "EmergencyK": 60.0, "1HKM": 0.0, "2HKM": 0.0, "3HKM": 0.0, "4HKM": 0.0, "5HKM": 0.0, "Tribuni": 0.0, "Legati": 0.0 }, "geometry": { "type": "Point", "coordinates": [ -6.8204255, 34.0067968 ] } },
{ "type": "Feature", "properties": { "Id": 209.0, "Unidad": "II Thebaeorum", "Tipo": "Cohorte", "Provincia": "Arabia", "X": 31.947521666699998, "Y": 35.931312066700002, "Num": 480.0, "Pedites": 480.0, "Equites": 0.0, "Localizaci": "Philadelphia", "Origo": "Egipcios", "RoadKM": 29.0, "Off_RoadKM": 15.0, "ForceKM": 35.0, "EmergencyK": 60.0, "1HKM": 0.0, "2HKM": 0.0, "3HKM": 0.0, "4HKM": 0.0, "5HKM": 0.0, "Tribuni": 0.0, "Legati": 0.0 }, "geometry": { "type": "Point", "coordinates": [ 35.931312066700002, 31.947521666699998 ] } },
{ "type": "Feature", "properties": { "Id": 210.0, "Unidad": "II Thracum", "Tipo": "Cohorte Equitata", "Provincia": "Britannia", "X": 54.573931, "Y": -3.576289, "Num": 600.0, "Pedites": 480.0, "Equites": 120.0, "Localizaci": "Moresby", "Origo": "Tracios", "RoadKM": 29.0, "Off_RoadKM": 15.0, "ForceKM": 35.0, "EmergencyK": 60.0, "1HKM": 0.0, "2HKM": 0.0, "3HKM": 0.0, "4HKM": 0.0, "5HKM": 0.0, "Tribuni": 0.0, "Legati": 0.0 }, "geometry": { "type": "Point", "coordinates": [ -3.576289, 54.573931 ] } },
{ "type": "Feature", "properties": { "Id": 211.0, "Unidad": "II Thracum c.R", "Tipo": "Cohorte", "Provincia": "Egipto", "X": 25.682871, "Y": 32.632858, "Num": 480.0, "Pedites": 480.0, "Equites": 0.0, "Localizaci": "Luxor", "Origo": "Tracios", "RoadKM": 29.0, "Off_RoadKM": 15.0, "ForceKM": 35.0, "EmergencyK": 60.0, "1HKM": 0.0, "2HKM": 0.0, "3HKM": 0.0, "4HKM": 0.0, "5HKM": 0.0, "Tribuni": 0.0, "Legati": 0.0 }, "geometry": { "type": "Point", "coordinates": [ 32.632858, 25.682871 ] } },
{ "type": "Feature", "properties": { "Id": 212.0, "Unidad": "II Thracum equitata", "Tipo": "Cohorte Equitata", "Provincia": "Britannia", "X": 55.996389, "Y": -3.736279, "Num": 600.0, "Pedites": 480.0, "Equites": 120.0, "Localizaci": "Mumrills", "Origo": "Tracios", "RoadKM": 29.0, "Off_RoadKM": 15.0, "ForceKM": 35.0, "EmergencyK": 60.0, "1HKM": 0.0, "2HKM": 0.0, "3HKM": 0.0, "4HKM": 0.0, "5HKM": 0.0, "Tribuni": 0.0, "Legati": 0.0 }, "geometry": { "type": "Point", "coordinates": [ -3.736279, 55.996389 ] } },
{ "type": "Feature", "properties": { "Id": 213.0, "Unidad": "II Thracum Gemella", "Tipo": "Cohorte Equitata", "Provincia": "Mauretania Caes.", "X": 34.636561, "Y": 5.522889, "Num": 600.0, "Pedites": 480.0, "Equites": 120.0, "Localizaci": "Gemellae", "Origo": "Tracios", "RoadKM": 29.0, "Off_RoadKM": 15.0, "ForceKM": 35.0, "EmergencyK": 60.0, "1HKM": 0.0, "2HKM": 0.0, "3HKM": 0.0, "4HKM": 0.0, "5HKM": 0.0, "Tribuni": 0.0, "Legati": 0.0 }, "geometry": { "type": "Point", "coordinates": [ 5.522889, 34.636561 ] } },
{ "type": "Feature", "properties": { "Id": 214.0, "Unidad": "II Thracum Syriaca", "Tipo": "Cohorte", "Provincia": "Syriae", "X": 34.885435, "Y": 38.871656, "Num": 480.0, "Pedites": 480.0, "Equites": 0.0, "Localizaci": "Suhneh", "Origo": "Tracios", "RoadKM": 29.0, "Off_RoadKM": 15.0, "ForceKM": 35.0, "EmergencyK": 60.0, "1HKM": 0.0, "2HKM": 0.0, "3HKM": 0.0, "4HKM": 0.0, "5HKM": 0.0, "Tribuni": 0.0, "Legati": 0.0 }, "geometry": { "type": "Point", "coordinates": [ 38.871656, 34.885435 ] } },
{ "type": "Feature", "properties": { "Id": 215.0, "Unidad": "II Traiana Fortis", "Tipo": "Legi¢n", "Provincia": "Egipto", "X": 31.201435, "Y": 29.909774, "Num": 5200.0, "Pedites": 5200.0, "Equites": 120.0, "Localizaci": "Alexandria", "Origo": "Legio", "RoadKM": 29.0, "Off_RoadKM": 15.0, "ForceKM": 35.0, "EmergencyK": 60.0, "1HKM": 0.0, "2HKM": 0.0, "3HKM": 0.0, "4HKM": 0.0, "5HKM": 0.0, "Tribuni": 1.0, "Legati": 1.0 }, "geometry": { "type": "Point", "coordinates": [ 29.909774, 31.201435 ] } },
{ "type": "Feature", "properties": { "Id": 216.0, "Unidad": "II Tungrorum miliaria", "Tipo": "Cohorte Milliaria", "Provincia": "Britannia", "X": 54.9637735222, "Y": -2.76375230897, "Num": 800.0, "Pedites": 800.0, "Equites": 0.0, "Localizaci": "Castlesteads", "Origo": "Tungrios", "RoadKM": 29.0, "Off_RoadKM": 15.0, "ForceKM": 35.0, "EmergencyK": 60.0, "1HKM": 0.0, "2HKM": 0.0, "3HKM": 0.0, "4HKM": 0.0, "5HKM": 0.0, "Tribuni": 0.0, "Legati": 0.0 }, "geometry": { "type": "Point", "coordinates": [ -2.76375230897, 54.9637735222 ] } },
{ "type": "Feature", "properties": { "Id": 217.0, "Unidad": "II Ulpia Paphlagonum", "Tipo": "Cohorte Equitata", "Provincia": "Syriae", "X": 34.74754662, "Y": 40.73002886, "Num": 600.0, "Pedites": 480.0, "Equites": 120.0, "Localizaci": "Dura Europos", "Origo": "Romanos", "RoadKM": 29.0, "Off_RoadKM": 15.0, "ForceKM": 35.0, "EmergencyK": 60.0, "1HKM": 0.0, "2HKM": 0.0, "3HKM": 0.0, "4HKM": 0.0, "5HKM": 0.0, "Tribuni": 0.0, "Legati": 0.0 }, "geometry": { "type": "Point", "coordinates": [ 40.73002886, 34.74754662 ] } },
{ "type": "Feature", "properties": { "Id": 218.0, "Unidad": "II Varcianorum", "Tipo": "Cohorte Equitata", "Provincia": "Germania Inferior", "X": 50.939014, "Y": 6.970428, "Num": 600.0, "Pedites": 480.0, "Equites": 120.0, "Localizaci": "K”ln", "Origo": "Varcianos", "RoadKM": 29.0, "Off_RoadKM": 15.0, "ForceKM": 35.0, "EmergencyK": 60.0, "1HKM": 0.0, "2HKM": 0.0, "3HKM": 0.0, "4HKM": 0.0, "5HKM": 0.0, "Tribuni": 0.0, "Legati": 0.0 }, "geometry": { "type": "Point", "coordinates": [ 6.970428, 50.939014 ] } },
{ "type": "Feature", "properties": { "Id": 219.0, "Unidad": "III Asturum  c.R", "Tipo": "Alae", "Provincia": "Mauretania Ting.", "X": 34.3375, "Y": -6.488889, "Num": 480.0, "Pedites": 0.0, "Equites": 480.0, "Localizaci": "Thamusida", "Origo": "Astures", "RoadKM": 29.0, "Off_RoadKM": 15.0, "ForceKM": 35.0, "EmergencyK": 60.0, "1HKM": 0.0, "2HKM": 0.0, "3HKM": 0.0, "4HKM": 0.0, "5HKM": 0.0, "Tribuni": 0.0, "Legati": 0.0 }, "geometry": { "type": "Point", "coordinates": [ -6.488889, 34.3375 ] } },
{ "type": "Feature", "properties": { "Id": 220.0, "Unidad": "III Asturum  c.R", "Tipo": "Cohorte Equitata", "Provincia": "Mauretania Ting.", "X": 35.652287, "Y": -5.690206, "Num": 600.0, "Pedites": 480.0, "Equites": 120.0, "Localizaci": "El Benian", "Origo": "Astures", "RoadKM": 29.0, "Off_RoadKM": 15.0, "ForceKM": 35.0, "EmergencyK": 60.0, "1HKM": 0.0, "2HKM": 0.0, "3HKM": 0.0, "4HKM": 0.0, "5HKM": 0.0, "Tribuni": 0.0, "Legati": 0.0 }, "geometry": { "type": "Point", "coordinates": [ -5.690206, 35.652287 ] } },
{ "type": "Feature", "properties": { "Id": 221.0, "Unidad": "III Augusta", "Tipo": "Legi¢n", "Provincia": "Mauretania Caes.", "X": 35.4897275, "Y": 6.2573565, "Num": 5200.0, "Pedites": 5200.0, "Equites": 120.0, "Localizaci": "Lambaesis", "Origo": "Legio", "RoadKM": 29.0, "Off_RoadKM": 15.0, "ForceKM": 35.0, "EmergencyK": 60.0, "1HKM": 0.0, "2HKM": 0.0, "3HKM": 0.0, "4HKM": 0.0, "5HKM": 0.0, "Tribuni": 1.0, "Legati": 5.0 }, "geometry": { "type": "Point", "coordinates": [ 6.2573565, 35.4897275 ] } },
{ "type": "Feature", "properties": { "Id": 222.0, "Unidad": "III Augusta Thracum sagittaria", "Tipo": "Cohorte Equitata", "Provincia": "Pannonia Superior", "X": 48.113346, "Y": 16.867891, "Num": 600.0, "Pedites": 480.0, "Equites": 120.0, "Localizaci": "Carnuntum", "Origo": "Tracios", "RoadKM": 29.0, "Off_RoadKM": 15.0, "ForceKM": 35.0, "EmergencyK": 60.0, "1HKM": 0.0, "2HKM": 0.0, "3HKM": 0.0, "4HKM": 0.0, "5HKM": 0.0, "Tribuni": 0.0, "Legati": 0.0 }, "geometry": { "type": "Point", "coordinates": [ 16.867891, 48.113346 ] } },
{ "type": "Feature", "properties": { "Id": 223.0, "Unidad": "III Batavorum", "Tipo": "Cohorte Milliaria Eq.", "Provincia": "Pannonia Inferior", "X": 47.1246635, "Y": 18.8651795, "Num": 1056.0, "Pedites": 800.0, "Equites": 256.0, "Localizaci": "Adony", "Origo": "Batavos", "RoadKM": 29.0, "Off_RoadKM": 15.0, "ForceKM": 35.0, "EmergencyK": 60.0, "1HKM": 0.0, "2HKM": 0.0, "3HKM": 0.0, "4HKM": 0.0, "5HKM": 0.0, "Tribuni": 0.0, "Legati": 0.0 }, "geometry": { "type": "Point", "coordinates": [ 18.8651795, 47.1246635 ] } },
{ "type": "Feature", "properties": { "Id": 224.0, "Unidad": "III Bracaraugustanorum", "Tipo": "Cohorte", "Provincia": "Britannia", "X": 53.452283, "Y": -1.987635, "Num": 480.0, "Pedites": 480.0, "Equites": 0.0, "Localizaci": "Melandra Castle", "Origo": "Bracari", "RoadKM": 29.0, "Off_RoadKM": 15.0, "ForceKM": 35.0, "EmergencyK": 60.0, "1HKM": 0.0, "2HKM": 0.0, "3HKM": 0.0, "4HKM": 0.0, "5HKM": 0.0, "Tribuni": 0.0, "Legati": 0.0 }, "geometry": { "type": "Point", "coordinates": [ -1.987635, 53.452283 ] } },
{ "type": "Feature", "properties": { "Id": 225.0, "Unidad": "III Bracaraugustanorum (2)", "Tipo": "Cohorte", "Provincia": "Norico", "X": 49.08928945, "Y": 10.8452629, "Num": 480.0, "Pedites": 480.0, "Equites": 0.0, "Localizaci": "Iciniacum", "Origo": "Bracari", "RoadKM": 29.0, "Off_RoadKM": 15.0, "ForceKM": 35.0, "EmergencyK": 60.0, "1HKM": 0.0, "2HKM": 0.0, "3HKM": 0.0, "4HKM": 0.0, "5HKM": 0.0, "Tribuni": 0.0, "Legati": 0.0 }, "geometry": { "type": "Point", "coordinates": [ 10.8452629, 49.08928945 ] } },
{ "type": "Feature", "properties": { "Id": 226.0, "Unidad": "III Breucorum", "Tipo": "Cohorte", "Provincia": "Germania Inferior", "X": 52.0855935, "Y": 4.883239, "Num": 480.0, "Pedites": 480.0, "Equites": 0.0, "Localizaci": "Laurum", "Origo": "Breuci", "RoadKM": 29.0, "Off_RoadKM": 15.0, "ForceKM": 35.0, "EmergencyK": 60.0, "1HKM": 0.0, "2HKM": 0.0, "3HKM": 0.0, "4HKM": 0.0, "5HKM": 0.0, "Tribuni": 0.0, "Legati": 0.0 }, "geometry": { "type": "Point", "coordinates": [ 4.883239, 52.0855935 ] } },
{ "type": "Feature", "properties": { "Id": 227.0, "Unidad": "III Brittanorum", "Tipo": "Cohorte", "Provincia": "Raetia", "X": 48.850038147, "Y": 11.770967501, "Num": 480.0, "Pedites": 480.0, "Equites": 0.0, "Localizaci": "Eining", "Origo": "Britanos", "RoadKM": 29.0, "Off_RoadKM": 15.0, "ForceKM": 35.0, "EmergencyK": 60.0, "1HKM": 0.0, "2HKM": 0.0, "3HKM": 0.0, "4HKM": 0.0, "5HKM": 0.0, "Tribuni": 0.0, "Legati": 0.0 }, "geometry": { "type": "Point", "coordinates": [ 11.770967501, 48.850038147 ] } },
{ "type": "Feature", "properties": { "Id": 228.0, "Unidad": "III Brittonum Veterana", "Tipo": "Cohorte Equitata", "Provincia": "Moesia Superior", "X": 44.624862137599997, "Y": 22.6680905628, "Num": 600.0, "Pedites": 480.0, "Equites": 120.0, "Localizaci": "Drobeta", "Origo": "Britanos", "RoadKM": 29.0, "Off_RoadKM": 15.0, "ForceKM": 35.0, "EmergencyK": 60.0, "1HKM": 0.0, "2HKM": 0.0, "3HKM": 0.0, "4HKM": 0.0, "5HKM": 0.0, "Tribuni": 0.0, "Legati": 0.0 }, "geometry": { "type": "Point", "coordinates": [ 22.6680905628, 44.624862137599997 ] } },
{ "type": "Feature", "properties": { "Id": 229.0, "Unidad": "III Campestris c.R", "Tipo": "Cohorte", "Provincia": "Dacia", "X": 47.179329, "Y": 23.156733, "Num": 480.0, "Pedites": 480.0, "Equites": 0.0, "Localizaci": "Porolissum", "Origo": "Campests", "RoadKM": 29.0, "Off_RoadKM": 15.0, "ForceKM": 35.0, "EmergencyK": 60.0, "1HKM": 0.0, "2HKM": 0.0, "3HKM": 0.0, "4HKM": 0.0, "5HKM": 0.0, "Tribuni": 0.0, "Legati": 0.0 }, "geometry": { "type": "Point", "coordinates": [ 23.156733, 47.179329 ] } },
{ "type": "Feature", "properties": { "Id": 230.0, "Unidad": "III Cilicum", "Tipo": "Cohorte", "Provincia": "Egipto", "X": 24.088156, "Y": 32.887184, "Num": 480.0, "Pedites": 480.0, "Equites": 0.0, "Localizaci": "Elephantine", "Origo": "Cilicios", "RoadKM": 29.0, "Off_RoadKM": 15.0, "ForceKM": 35.0, "EmergencyK": 60.0, "1HKM": 0.0, "2HKM": 0.0, "3HKM": 0.0, "4HKM": 0.0, "5HKM": 0.0, "Tribuni": 0.0, "Legati": 0.0 }, "geometry": { "type": "Point", "coordinates": [ 32.887184, 24.088156 ] } },
{ "type": "Feature", "properties": { "Id": 231.0, "Unidad": "III Cyrenaica", "Tipo": "Legi¢n", "Provincia": "Arabia", "X": 32.517831, "Y": 36.48369, "Num": 5200.0, "Pedites": 5200.0, "Equites": 120.0, "Localizaci": "Bostra", "Origo": "Legio", "RoadKM": 29.0, "Off_RoadKM": 15.0, "ForceKM": 35.0, "EmergencyK": 60.0, "1HKM": 0.0, "2HKM": 0.0, "3HKM": 0.0, "4HKM": 0.0, "5HKM": 0.0, "Tribuni": 2.0, "Legati": 1.0 }, "geometry": { "type": "Point", "coordinates": [ 36.48369, 32.517831 ] } },
{ "type": "Feature", "properties": { "Id": 232.0, "Unidad": "III Delmatarum Eq. C.r", "Tipo": "Cohorte Equitata", "Provincia": "Dacia", "X": 44.909574, "Y": 22.367894, "Num": 600.0, "Pedites": 480.0, "Equites": 120.0, "Localizaci": "Mehadia", "Origo": "Dalmatas", "RoadKM": 29.0, "Off_RoadKM": 15.0, "ForceKM": 35.0, "EmergencyK": 60.0, "1HKM": 0.0, "2HKM": 0.0, "3HKM": 0.0, "4HKM": 0.0, "5HKM": 0.0, "Tribuni": 0.0, "Legati": 0.0 }, "geometry": { "type": "Point", "coordinates": [ 22.367894, 44.909574 ] } },
{ "type": "Feature", "properties": { "Id": 233.0, "Unidad": "III Gallica", "Tipo": "Legi¢n", "Provincia": "Syriae", "X": 32.8520335, "Y": 36.1993395, "Num": 5200.0, "Pedites": 5200.0, "Equites": 120.0, "Localizaci": "Raphana", "Origo": "Legio", "RoadKM": 29.0, "Off_RoadKM": 15.0, "ForceKM": 35.0, "EmergencyK": 60.0, "1HKM": 0.0, "2HKM": 0.0, "3HKM": 0.0, "4HKM": 0.0, "5HKM": 0.0, "Tribuni": 1.0, "Legati": 2.0 }, "geometry": { "type": "Point", "coordinates": [ 36.1993395, 32.8520335 ] } },
{ "type": "Feature", "properties": { "Id": 234.0, "Unidad": "III Gallorum", "Tipo": "Cohorte Equitata", "Provincia": "Moesia Inf", "X": 44.46847, "Y": 22.106627, "Num": 600.0, "Pedites": 480.0, "Equites": 120.0, "Localizaci": "Orehovo", "Origo": "Galos", "RoadKM": 29.0, "Off_RoadKM": 15.0, "ForceKM": 35.0, "EmergencyK": 60.0, "1HKM": 0.0, "2HKM": 0.0, "3HKM": 0.0, "4HKM": 0.0, "5HKM": 0.0, "Tribuni": 0.0, "Legati": 0.0 }, "geometry": { "type": "Point", "coordinates": [ 22.106627, 44.46847 ] } },
{ "type": "Feature", "properties": { "Id": 235.0, "Unidad": "III Hispanorum", "Tipo": "Cohorte", "Provincia": "Germania Superior", "X": 47.478494, "Y": 8.220204, "Num": 480.0, "Pedites": 480.0, "Equites": 0.0, "Localizaci": "Vindonissa", "Origo": "Hispanos", "RoadKM": 29.0, "Off_RoadKM": 15.0, "ForceKM": 35.0, "EmergencyK": 60.0, "1HKM": 0.0, "2HKM": 0.0, "3HKM": 0.0, "4HKM": 0.0, "5HKM": 0.0, "Tribuni": 0.0, "Legati": 0.0 }, "geometry": { "type": "Point", "coordinates": [ 8.220204, 47.478494 ] } },
{ "type": "Feature", "properties": { "Id": 236.0, "Unidad": "III Ituraeorum", "Tipo": "Cohorte Equitata", "Provincia": "Egipto", "X": 28.533374, "Y": 30.661976, "Num": 600.0, "Pedites": 480.0, "Equites": 120.0, "Localizaci": "Oxyrhinchus", "Origo": "Itureos", "RoadKM": 29.0, "Off_RoadKM": 15.0, "ForceKM": 35.0, "EmergencyK": 60.0, "1HKM": 0.0, "2HKM": 0.0, "3HKM": 0.0, "4HKM": 0.0, "5HKM": 0.0, "Tribuni": 0.0, "Legati": 0.0 }, "geometry": { "type": "Point", "coordinates": [ 30.661976, 28.533374 ] } },
{ "type": "Feature", "properties": { "Id": 237.0, "Unidad": "III Lingonum", "Tipo": "Cohorte", "Provincia": "Britannia", "X": 53.994009, "Y": -1.54358, "Num": 480.0, "Pedites": 480.0, "Equites": 0.0, "Localizaci": "Harrogate", "Origo": "Lingones", "RoadKM": 29.0, "Off_RoadKM": 15.0, "ForceKM": 35.0, "EmergencyK": 60.0, "1HKM": 0.0, "2HKM": 0.0, "3HKM": 0.0, "4HKM": 0.0, "5HKM": 0.0, "Tribuni": 0.0, "Legati": 0.0 }, "geometry": { "type": "Point", "coordinates": [ -1.54358, 53.994009 ] } },
{ "type": "Feature", "properties": { "Id": 238.0, "Unidad": "III Lucensium", "Tipo": "Cohorte Equitata", "Provincia": "Germania Inferior", "X": 51.4348895, "Y": 6.664488, "Num": 600.0, "Pedites": 480.0, "Equites": 120.0, "Localizaci": "Asciburgium", "Origo": "Lucenses", "RoadKM": 29.0, "Off_RoadKM": 15.0, "ForceKM": 35.0, "EmergencyK": 60.0, "1HKM": 0.0, "2HKM": 0.0, "3HKM": 0.0, "4HKM": 0.0, "5HKM": 0.0, "Tribuni": 0.0, "Legati": 0.0 }, "geometry": { "type": "Point", "coordinates": [ 6.664488, 51.4348895 ] } },
{ "type": "Feature", "properties": { "Id": 239.0, "Unidad": "III Lusitanorum", "Tipo": "Cohorte Equitata", "Provincia": "Pannonia Inferior", "X": 47.5676, "Y": 19.0479, "Num": 600.0, "Pedites": 480.0, "Equites": 120.0, "Localizaci": "Aquincum", "Origo": "Lusitanos", "RoadKM": 29.0, "Off_RoadKM": 15.0, "ForceKM": 35.0, "EmergencyK": 60.0, "1HKM": 0.0, "2HKM": 0.0, "3HKM": 0.0, "4HKM": 0.0, "5HKM": 0.0, "Tribuni": 0.0, "Legati": 0.0 }, "geometry": { "type": "Point", "coordinates": [ 19.0479, 47.5676 ] } },
{ "type": "Feature", "properties": { "Id": 240.0, "Unidad": "III Nerviorum", "Tipo": "Cohorte", "Provincia": "Britannia", "X": 54.715608, "Y": -3.491554, "Num": 480.0, "Pedites": 480.0, "Equites": 0.0, "Localizaci": "Maryport", "Origo": "Nervios", "RoadKM": 29.0, "Off_RoadKM": 15.0, "ForceKM": 35.0, "EmergencyK": 60.0, "1HKM": 0.0, "2HKM": 0.0, "3HKM": 0.0, "4HKM": 0.0, "5HKM": 0.0, "Tribuni": 0.0, "Legati": 0.0 }, "geometry": { "type": "Point", "coordinates": [ -3.491554, 54.715608 ] } },
{ "type": "Feature", "properties": { "Id": 241.0, "Unidad": "III Thracum c.R", "Tipo": "Cohorte", "Provincia": "Raetia", "X": 48.668964, "Y": 13.079326, "Num": 480.0, "Pedites": 480.0, "Equites": 0.0, "Localizaci": "Knzing", "Origo": "Tracios", "RoadKM": 29.0, "Off_RoadKM": 15.0, "ForceKM": 35.0, "EmergencyK": 60.0, "1HKM": 0.0, "2HKM": 0.0, "3HKM": 0.0, "4HKM": 0.0, "5HKM": 0.0, "Tribuni": 0.0, "Legati": 0.0 }, "geometry": { "type": "Point", "coordinates": [ 13.079326, 48.668964 ] } },
{ "type": "Feature", "properties": { "Id": 242.0, "Unidad": "III Thracum veterana", "Tipo": "Cohorte", "Provincia": "Raetia", "X": 48.60025, "Y": 10.369491, "Num": 480.0, "Pedites": 480.0, "Equites": 0.0, "Localizaci": "Haunsheim", "Origo": "Tracios", "RoadKM": 29.0, "Off_RoadKM": 15.0, "ForceKM": 35.0, "EmergencyK": 60.0, "1HKM": 0.0, "2HKM": 0.0, "3HKM": 0.0, "4HKM": 0.0, "5HKM": 0.0, "Tribuni": 0.0, "Legati": 0.0 }, "geometry": { "type": "Point", "coordinates": [ 10.369491, 48.60025 ] } },
{ "type": "Feature", "properties": { "Id": 243.0, "Unidad": "III Ulpia Petraeorum", "Tipo": "Cohor Milliaria Equitata", "Provincia": "Cappadocia", "X": 38.161074, "Y": 39.14419, "Num": 1056.0, "Pedites": 800.0, "Equites": 256.0, "Localizaci": "Metita", "Origo": "Arabes", "RoadKM": 29.0, "Off_RoadKM": 15.0, "ForceKM": 35.0, "EmergencyK": 60.0, "1HKM": 0.0, "2HKM": 0.0, "3HKM": 0.0, "4HKM": 0.0, "5HKM": 0.0, "Tribuni": 0.0, "Legati": 0.0 }, "geometry": { "type": "Point", "coordinates": [ 39.14419, 38.161074 ] } },
{ "type": "Feature", "properties": { "Id": 244.0, "Unidad": "Indiana Gallorum", "Tipo": "Alae", "Provincia": "Germania Superior", "X": 49.998912, "Y": 8.273869, "Num": 480.0, "Pedites": 0.0, "Equites": 480.0, "Localizaci": "Mogontiacum", "Origo": "Galos", "RoadKM": 29.0, "Off_RoadKM": 15.0, "ForceKM": 35.0, "EmergencyK": 60.0, "1HKM": 0.0, "2HKM": 0.0, "3HKM": 0.0, "4HKM": 0.0, "5HKM": 0.0, "Tribuni": 0.0, "Legati": 0.0 }, "geometry": { "type": "Point", "coordinates": [ 8.273869, 49.998912 ] } },
{ "type": "Feature", "properties": { "Id": 245.0, "Unidad": "IV Aquitanorum Eq.", "Tipo": "Cohorte Equitata", "Provincia": "Germania Superior", "X": 49.841697, "Y": 9.1468685, "Num": 600.0, "Pedites": 480.0, "Equites": 120.0, "Localizaci": "Obernburg", "Origo": "Aquitanos", "RoadKM": 29.0, "Off_RoadKM": 15.0, "ForceKM": 35.0, "EmergencyK": 60.0, "1HKM": 0.0, "2HKM": 0.0, "3HKM": 0.0, "4HKM": 0.0, "5HKM": 0.0, "Tribuni": 0.0, "Legati": 0.0 }, "geometry": { "type": "Point", "coordinates": [ 9.1468685, 49.841697 ] } },
{ "type": "Feature", "properties": { "Id": 246.0, "Unidad": "IV Breucorum", "Tipo": "Cohorte", "Provincia": "Britannia", "X": 54.516964, "Y": -2.010484, "Num": 480.0, "Pedites": 480.0, "Equites": 0.0, "Localizaci": "Bowes", "Origo": "Breuci", "RoadKM": 29.0, "Off_RoadKM": 15.0, "ForceKM": 35.0, "EmergencyK": 60.0, "1HKM": 0.0, "2HKM": 0.0, "3HKM": 0.0, "4HKM": 0.0, "5HKM": 0.0, "Tribuni": 0.0, "Legati": 0.0 }, "geometry": { "type": "Point", "coordinates": [ -2.010484, 54.516964 ] } },
{ "type": "Feature", "properties": { "Id": 247.0, "Unidad": "IV Callaecorum Lucensium c.R", "Tipo": "Cohorte Equitata", "Provincia": "Syriae", "X": 36.1993257898, "Y": 37.156858853300001, "Num": 600.0, "Pedites": 480.0, "Equites": 120.0, "Localizaci": "Aleppo", "Origo": "Mixta", "RoadKM": 29.0, "Off_RoadKM": 15.0, "ForceKM": 35.0, "EmergencyK": 60.0, "1HKM": 0.0, "2HKM": 0.0, "3HKM": 0.0, "4HKM": 0.0, "5HKM": 0.0, "Tribuni": 0.0, "Legati": 0.0 }, "geometry": { "type": "Point", "coordinates": [ 37.156858853300001, 36.1993257898 ] } },
{ "type": "Feature", "properties": { "Id": 248.0, "Unidad": "IV Cypria c.R", "Tipo": "Cohorte", "Provincia": "Dacia", "X": 45.177943, "Y": 23.380311, "Num": 480.0, "Pedites": 480.0, "Equites": 0.0, "Localizaci": "Bumbesti", "Origo": "Chipre", "RoadKM": 29.0, "Off_RoadKM": 15.0, "ForceKM": 35.0, "EmergencyK": 60.0, "1HKM": 0.0, "2HKM": 0.0, "3HKM": 0.0, "4HKM": 0.0, "5HKM": 0.0, "Tribuni": 0.0, "Legati": 0.0 }, "geometry": { "type": "Point", "coordinates": [ 23.380311, 45.177943 ] } },
{ "type": "Feature", "properties": { "Id": 249.0, "Unidad": "IV Delmatarum", "Tipo": "Cohorte", "Provincia": "Britannia", "X": 54.40236, "Y": -3.20558, "Num": 480.0, "Pedites": 480.0, "Equites": 0.0, "Localizaci": "Hardknot", "Origo": "Dalmatas", "RoadKM": 29.0, "Off_RoadKM": 15.0, "ForceKM": 35.0, "EmergencyK": 60.0, "1HKM": 0.0, "2HKM": 0.0, "3HKM": 0.0, "4HKM": 0.0, "5HKM": 0.0, "Tribuni": 0.0, "Legati": 0.0 }, "geometry": { "type": "Point", "coordinates": [ -3.20558, 54.40236 ] } },
{ "type": "Feature", "properties": { "Id": 250.0, "Unidad": "IV Flavia Felix", "Tipo": "Legi¢n", "Provincia": "Moesia Sup", "X": 44.812991, "Y": 20.4579465, "Num": 5200.0, "Pedites": 5200.0, "Equites": 120.0, "Localizaci": "Singidunum", "Origo": "Legio", "RoadKM": 29.0, "Off_RoadKM": 15.0, "ForceKM": 35.0, "EmergencyK": 60.0, "1HKM": 0.0, "2HKM": 0.0, "3HKM": 0.0, "4HKM": 0.0, "5HKM": 0.0, "Tribuni": 1.0, "Legati": 2.0 }, "geometry": { "type": "Point", "coordinates": [ 20.4579465, 44.812991 ] } },
{ "type": "Feature", "properties": { "Id": 251.0, "Unidad": "IV Gallorum c.R", "Tipo": "Cohorte", "Provincia": "Raetia", "X": 48.850038147, "Y": 11.770967501, "Num": 480.0, "Pedites": 480.0, "Equites": 0.0, "Localizaci": "Eining", "Origo": "Galos", "RoadKM": 29.0, "Off_RoadKM": 15.0, "ForceKM": 35.0, "EmergencyK": 60.0, "1HKM": 0.0, "2HKM": 0.0, "3HKM": 0.0, "4HKM": 0.0, "5HKM": 0.0, "Tribuni": 0.0, "Legati": 0.0 }, "geometry": { "type": "Point", "coordinates": [ 11.770967501, 48.850038147 ] } },
{ "type": "Feature", "properties": { "Id": 252.0, "Unidad": "IV Gallorum c.R Eq 1", "Tipo": "Cohorte Equitata", "Provincia": "Mauretania Ting.", "X": 33.891331, "Y": -5.574834, "Num": 600.0, "Pedites": 480.0, "Equites": 120.0, "Localizaci": "Sidi Said", "Origo": "Galos", "RoadKM": 29.0, "Off_RoadKM": 15.0, "ForceKM": 35.0, "EmergencyK": 60.0, "1HKM": 0.0, "2HKM": 0.0, "3HKM": 0.0, "4HKM": 0.0, "5HKM": 0.0, "Tribuni": 0.0, "Legati": 0.0 }, "geometry": { "type": "Point", "coordinates": [ -5.574834, 33.891331 ] } },
{ "type": "Feature", "properties": { "Id": 253.0, "Unidad": "IV Gallorum c.R Eq 2", "Tipo": "Cohorte Equitata", "Provincia": "Britannia", "X": 53.4193433668, "Y": -1.3799141995, "Num": 600.0, "Pedites": 480.0, "Equites": 120.0, "Localizaci": "Templeborough", "Origo": "Galos", "RoadKM": 29.0, "Off_RoadKM": 15.0, "ForceKM": 35.0, "EmergencyK": 60.0, "1HKM": 0.0, "2HKM": 0.0, "3HKM": 0.0, "4HKM": 0.0, "5HKM": 0.0, "Tribuni": 0.0, "Legati": 0.0 }, "geometry": { "type": "Point", "coordinates": [ -1.3799141995, 53.4193433668 ] } },
{ "type": "Feature", "properties": { "Id": 254.0, "Unidad": "IV Hispanorum Eq.", "Tipo": "Cohorte Equitata", "Provincia": "Dacia", "X": 46.429956, "Y": 25.10844, "Num": 600.0, "Pedites": 480.0, "Equites": 120.0, "Localizaci": "Enlaka", "Origo": "Hispanos", "RoadKM": 29.0, "Off_RoadKM": 15.0, "ForceKM": 35.0, "EmergencyK": 60.0, "1HKM": 0.0, "2HKM": 0.0, "3HKM": 0.0, "4HKM": 0.0, "5HKM": 0.0, "Tribuni": 0.0, "Legati": 0.0 }, "geometry": { "type": "Point", "coordinates": [ 25.10844, 46.429956 ] } },
{ "type": "Feature", "properties": { "Id": 255.0, "Unidad": "IV Lingonum", "Tipo": "Cohorte Equitata", "Provincia": "Britannia", "X": 54.9878783021, "Y": -1.5323380236399999, "Num": 600.0, "Pedites": 480.0, "Equites": 120.0, "Localizaci": "Segedunum", "Origo": "Lingones", "RoadKM": 29.0, "Off_RoadKM": 15.0, "ForceKM": 35.0, "EmergencyK": 60.0, "1HKM": 0.0, "2HKM": 0.0, "3HKM": 0.0, "4HKM": 0.0, "5HKM": 0.0, "Tribuni": 0.0, "Legati": 0.0 }, "geometry": { "type": "Point", "coordinates": [ -1.53233802364, 54.9878783021 ] } },
{ "type": "Feature", "properties": { "Id": 256.0, "Unidad": "IV Nerviorum", "Tipo": "Cohorte", "Provincia": "Britannia", "X": 54.99487026, "Y": -2.4644963370599999, "Num": 480.0, "Pedites": 480.0, "Equites": 0.0, "Localizaci": "Aesica", "Origo": "Nervios", "RoadKM": 29.0, "Off_RoadKM": 15.0, "ForceKM": 35.0, "EmergencyK": 60.0, "1HKM": 0.0, "2HKM": 0.0, "3HKM": 0.0, "4HKM": 0.0, "5HKM": 0.0, "Tribuni": 0.0, "Legati": 0.0 }, "geometry": { "type": "Point", "coordinates": [ -2.46449633706, 54.99487026 ] } },
{ "type": "Feature", "properties": { "Id": 257.0, "Unidad": "IV Raetorum", "Tipo": "Cohorte", "Provincia": "Cappadocia", "X": 41.028521, "Y": 37.511511, "Num": 480.0, "Pedites": 480.0, "Equites": 0.0, "Localizaci": "Side", "Origo": "Raetos", "RoadKM": 29.0, "Off_RoadKM": 15.0, "ForceKM": 35.0, "EmergencyK": 60.0, "1HKM": 0.0, "2HKM": 0.0, "3HKM": 0.0, "4HKM": 0.0, "5HKM": 0.0, "Tribuni": 0.0, "Legati": 0.0 }, "geometry": { "type": "Point", "coordinates": [ 37.511511, 41.028521 ] } },
{ "type": "Feature", "properties": { "Id": 258.0, "Unidad": "IV Scythica", "Tipo": "Legi¢n", "Provincia": "Syriae", "X": 37.0530905, "Y": 37.8733395, "Num": 5200.0, "Pedites": 5200.0, "Equites": 120.0, "Localizaci": "Zeugma", "Origo": "Legio", "RoadKM": 29.0, "Off_RoadKM": 15.0, "ForceKM": 35.0, "EmergencyK": 60.0, "1HKM": 0.0, "2HKM": 0.0, "3HKM": 0.0, "4HKM": 0.0, "5HKM": 0.0, "Tribuni": 4.0, "Legati": 2.0 }, "geometry": { "type": "Point", "coordinates": [ 37.8733395, 37.0530905 ] } },
{ "type": "Feature", "properties": { "Id": 259.0, "Unidad": "IV Sugambrorum", "Tipo": "Cohorte", "Provincia": "Mauretania Caes.", "X": 36.400355, "Y": 9.9039905, "Num": 480.0, "Pedites": 480.0, "Equites": 0.0, "Localizaci": "Thuburbo Maius", "Origo": "Sugambros", "RoadKM": 29.0, "Off_RoadKM": 15.0, "ForceKM": 35.0, "EmergencyK": 60.0, "1HKM": 0.0, "2HKM": 0.0, "3HKM": 0.0, "4HKM": 0.0, "5HKM": 0.0, "Tribuni": 0.0, "Legati": 0.0 }, "geometry": { "type": "Point", "coordinates": [ 9.9039905, 36.400355 ] } },
{ "type": "Feature", "properties": { "Id": 260.0, "Unidad": "IV Thracum", "Tipo": "Cohorte Equitata", "Provincia": "Germania Inferior", "X": 52.1798775, "Y": 4.4330035, "Num": 600.0, "Pedites": 480.0, "Equites": 120.0, "Localizaci": "PraetoriumÿAgrippinae", "Origo": "Tracios", "RoadKM": 29.0, "Off_RoadKM": 15.0, "ForceKM": 35.0, "EmergencyK": 60.0, "1HKM": 0.0, "2HKM": 0.0, "3HKM": 0.0, "4HKM": 0.0, "5HKM": 0.0, "Tribuni": 0.0, "Legati": 0.0 }, "geometry": { "type": "Point", "coordinates": [ 4.4330035, 52.1798775 ] } },
{ "type": "Feature", "properties": { "Id": 261.0, "Unidad": "IV Tungrorum mill.", "Tipo": "Cohorte Milliaria Eq.", "Provincia": "Mauretania Ting.", "X": 34.0725, "Y": -5.5548, "Num": 1056.0, "Pedites": 800.0, "Equites": 256.0, "Localizaci": "Volubilis", "Origo": "Tungrios", "RoadKM": 29.0, "Off_RoadKM": 15.0, "ForceKM": 35.0, "EmergencyK": 60.0, "1HKM": 0.0, "2HKM": 0.0, "3HKM": 0.0, "4HKM": 0.0, "5HKM": 0.0, "Tribuni": 0.0, "Legati": 0.0 }, "geometry": { "type": "Point", "coordinates": [ -5.5548, 34.0725 ] } },
{ "type": "Feature", "properties": { "Id": 262.0, "Unidad": "IV Vindelicorum", "Tipo": "Cohorte", "Provincia": "Germania Superior", "X": 50.160438, "Y": 8.635361, "Num": 480.0, "Pedites": 480.0, "Equites": 0.0, "Localizaci": "Heddnheim", "Origo": "Vindelicos", "RoadKM": 29.0, "Off_RoadKM": 15.0, "ForceKM": 35.0, "EmergencyK": 60.0, "1HKM": 0.0, "2HKM": 0.0, "3HKM": 0.0, "4HKM": 0.0, "5HKM": 0.0, "Tribuni": 0.0, "Legati": 0.0 }, "geometry": { "type": "Point", "coordinates": [ 8.635361, 50.160438 ] } },
{ "type": "Feature", "properties": { "Id": 263.0, "Unidad": "IV voluntariorum c.R", "Tipo": "Cohorte", "Provincia": "Pannonia Superior", "X": 52.150265, "Y": 4.518428, "Num": 480.0, "Pedites": 480.0, "Equites": 0.0, "Localizaci": "Lebeny, Baratsfoldpuszta", "Origo": "Romanos", "RoadKM": 29.0, "Off_RoadKM": 15.0, "ForceKM": 35.0, "EmergencyK": 60.0, "1HKM": 0.0, "2HKM": 0.0, "3HKM": 0.0, "4HKM": 0.0, "5HKM": 0.0, "Tribuni": 0.0, "Legati": 0.0 }, "geometry": { "type": "Point", "coordinates": [ 4.518428, 52.150265 ] } },
{ "type": "Feature", "properties": { "Id": 264.0, "Unidad": "IX Batavorum", "Tipo": "Cohorte", "Provincia": "Pannonia Inferior", "X": 48.573506, "Y": 13.463921, "Num": 480.0, "Pedites": 480.0, "Equites": 0.0, "Localizaci": "Kastell Batavis", "Origo": "Batavos", "RoadKM": 29.0, "Off_RoadKM": 15.0, "ForceKM": 35.0, "EmergencyK": 60.0, "1HKM": 0.0, "2HKM": 0.0, "3HKM": 0.0, "4HKM": 0.0, "5HKM": 0.0, "Tribuni": 0.0, "Legati": 0.0 }, "geometry": { "type": "Point", "coordinates": [ 13.463921, 48.573506 ] } },
{ "type": "Feature", "properties": { "Id": 265.0, "Unidad": "IX Batavorum", "Tipo": "Cohorte Milliaria", "Provincia": "Norico", "X": 47.1246635, "Y": 18.8651795, "Num": 800.0, "Pedites": 800.0, "Equites": 0.0, "Localizaci": "Biriciana", "Origo": "Batavos", "RoadKM": 29.0, "Off_RoadKM": 15.0, "ForceKM": 35.0, "EmergencyK": 60.0, "1HKM": 0.0, "2HKM": 0.0, "3HKM": 0.0, "4HKM": 0.0, "5HKM": 0.0, "Tribuni": 0.0, "Legati": 0.0 }, "geometry": { "type": "Point", "coordinates": [ 18.8651795, 47.1246635 ] } },
{ "type": "Feature", "properties": { "Id": 266.0, "Unidad": "IX Hispana", "Tipo": "Legi¢n", "Provincia": "Germania Inferior", "X": 52.00905933, "Y": 5.379494833, "Num": 5200.0, "Pedites": 5200.0, "Equites": 120.0, "Localizaci": "Ulpia Noviomagus", "Origo": "Legio", "RoadKM": 29.0, "Off_RoadKM": 15.0, "ForceKM": 35.0, "EmergencyK": 60.0, "1HKM": 0.0, "2HKM": 0.0, "3HKM": 0.0, "4HKM": 0.0, "5HKM": 0.0, "Tribuni": 3.0, "Legati": 1.0 }, "geometry": { "type": "Point", "coordinates": [ 5.379494833, 52.00905933 ] } },
{ "type": "Feature", "properties": { "Id": 267.0, "Unidad": "Pedites singulares Britannici", "Tipo": "Cohorte", "Provincia": "Dacia", "X": 45.897054, "Y": 23.164363, "Num": 480.0, "Pedites": 480.0, "Equites": 0.0, "Localizaci": "Germisaraÿ", "Origo": "Britanos", "RoadKM": 29.0, "Off_RoadKM": 15.0, "ForceKM": 35.0, "EmergencyK": 60.0, "1HKM": 0.0, "2HKM": 0.0, "3HKM": 0.0, "4HKM": 0.0, "5HKM": 0.0, "Tribuni": 0.0, "Legati": 0.0 }, "geometry": { "type": "Point", "coordinates": [ 23.164363, 45.897054 ] } },
{ "type": "Feature", "properties": { "Id": 268.0, "Unidad": "Scutata Civium Romanorum", "Tipo": "Cohorte", "Provincia": "Egipto", "X": 26.483774, "Y": 31.794808, "Num": 480.0, "Pedites": 480.0, "Equites": 0.0, "Localizaci": "Ptolemais Hermia", "Origo": "Cilicios", "RoadKM": 29.0, "Off_RoadKM": 15.0, "ForceKM": 35.0, "EmergencyK": 60.0, "1HKM": 0.0, "2HKM": 0.0, "3HKM": 0.0, "4HKM": 0.0, "5HKM": 0.0, "Tribuni": 0.0, "Legati": 0.0 }, "geometry": { "type": "Point", "coordinates": [ 31.794808, 26.483774 ] } },
{ "type": "Feature", "properties": { "Id": 269.0, "Unidad": "Siliana c.R", "Tipo": "Alae", "Provincia": "Pannonia Inferior", "X": 46.656263, "Y": 18.8818825, "Num": 480.0, "Pedites": 0.0, "Equites": 480.0, "Localizaci": "Dunakomlod", "Origo": "Romanos", "RoadKM": 29.0, "Off_RoadKM": 15.0, "ForceKM": 35.0, "EmergencyK": 60.0, "1HKM": 0.0, "2HKM": 0.0, "3HKM": 0.0, "4HKM": 0.0, "5HKM": 0.0, "Tribuni": 0.0, "Legati": 0.0 }, "geometry": { "type": "Point", "coordinates": [ 18.8818825, 46.656263 ] } },
{ "type": "Feature", "properties": { "Id": 270.0, "Unidad": "Sulpicia c.R", "Tipo": "Alae", "Provincia": "Germania Inferior", "X": 51.177233, "Y": 6.754779, "Num": 480.0, "Pedites": 0.0, "Equites": 480.0, "Localizaci": "Neuss", "Origo": "Romanos", "RoadKM": 29.0, "Off_RoadKM": 15.0, "ForceKM": 35.0, "EmergencyK": 60.0, "1HKM": 0.0, "2HKM": 0.0, "3HKM": 0.0, "4HKM": 0.0, "5HKM": 0.0, "Tribuni": 0.0, "Legati": 0.0 }, "geometry": { "type": "Point", "coordinates": [ 6.754779, 51.177233 ] } },
{ "type": "Feature", "properties": { "Id": 271.0, "Unidad": "Tampiana Pannoniorum", "Tipo": "Ala Milliaria", "Provincia": "Norico", "X": 48.30693, "Y": 14.318091, "Num": 1000.0, "Pedites": 0.0, "Equites": 1000.0, "Localizaci": "Lentia", "Origo": "Panonios", "RoadKM": 29.0, "Off_RoadKM": 15.0, "ForceKM": 35.0, "EmergencyK": 60.0, "1HKM": 0.0, "2HKM": 0.0, "3HKM": 0.0, "4HKM": 0.0, "5HKM": 0.0, "Tribuni": 0.0, "Legati": 0.0 }, "geometry": { "type": "Point", "coordinates": [ 14.318091, 48.30693 ] } },
{ "type": "Feature", "properties": { "Id": 272.0, "Unidad": "Thracum Herculiana", "Tipo": "Alae", "Provincia": "Syriae", "X": 34.563148, "Y": 38.289584, "Num": 480.0, "Pedites": 0.0, "Equites": 480.0, "Localizaci": "Palmyra", "Origo": "Tracios", "RoadKM": 29.0, "Off_RoadKM": 15.0, "ForceKM": 35.0, "EmergencyK": 60.0, "1HKM": 0.0, "2HKM": 0.0, "3HKM": 0.0, "4HKM": 0.0, "5HKM": 0.0, "Tribuni": 0.0, "Legati": 0.0 }, "geometry": { "type": "Point", "coordinates": [ 38.289584, 34.563148 ] } },
{ "type": "Feature", "properties": { "Id": 273.0, "Unidad": "V Bracaraugustanorum", "Tipo": "Cohorte", "Provincia": "Raetia", "X": 49.058521, "Y": 10.709097, "Num": 480.0, "Pedites": 480.0, "Equites": 0.0, "Localizaci": "Gnotzheim", "Origo": "Bracari", "RoadKM": 29.0, "Off_RoadKM": 15.0, "ForceKM": 35.0, "EmergencyK": 60.0, "1HKM": 0.0, "2HKM": 0.0, "3HKM": 0.0, "4HKM": 0.0, "5HKM": 0.0, "Tribuni": 0.0, "Legati": 0.0 }, "geometry": { "type": "Point", "coordinates": [ 10.709097, 49.058521 ] } },
{ "type": "Feature", "properties": { "Id": 274.0, "Unidad": "V Breucorum", "Tipo": "Cohorte Equitata", "Provincia": "Norico", "X": 48.416667, "Y": 13.916667, "Num": 600.0, "Pedites": 480.0, "Equites": 120.0, "Localizaci": "Ioviacum", "Origo": "Breuci", "RoadKM": 29.0, "Off_RoadKM": 15.0, "ForceKM": 35.0, "EmergencyK": 60.0, "1HKM": 0.0, "2HKM": 0.0, "3HKM": 0.0, "4HKM": 0.0, "5HKM": 0.0, "Tribuni": 0.0, "Legati": 0.0 }, "geometry": { "type": "Point", "coordinates": [ 13.916667, 48.416667 ] } },
{ "type": "Feature", "properties": { "Id": 275.0, "Unidad": "V Callaecorum Lucensium c.R", "Tipo": "Cohorte", "Provincia": "Pannonia Inferior", "X": 47.758799, "Y": 18.538585, "Num": 480.0, "Pedites": 480.0, "Equites": 0.0, "Localizaci": "Crumerum", "Origo": "Mixta", "RoadKM": 29.0, "Off_RoadKM": 15.0, "ForceKM": 35.0, "EmergencyK": 60.0, "1HKM": 0.0, "2HKM": 0.0, "3HKM": 0.0, "4HKM": 0.0, "5HKM": 0.0, "Tribuni": 0.0, "Legati": 0.0 }, "geometry": { "type": "Point", "coordinates": [ 18.538585, 47.758799 ] } },
{ "type": "Feature", "properties": { "Id": 276.0, "Unidad": "V Delmatarum  (2)", "Tipo": "Cohorte", "Provincia": "Germania Superior", "X": 49.13491, "Y": 9.185352, "Num": 480.0, "Pedites": 480.0, "Equites": 0.0, "Localizaci": "B”ckingen", "Origo": "Dalmatas", "RoadKM": 29.0, "Off_RoadKM": 15.0, "ForceKM": 35.0, "EmergencyK": 60.0, "1HKM": 0.0, "2HKM": 0.0, "3HKM": 0.0, "4HKM": 0.0, "5HKM": 0.0, "Tribuni": 0.0, "Legati": 0.0 }, "geometry": { "type": "Point", "coordinates": [ 9.185352, 49.13491 ] } },
{ "type": "Feature", "properties": { "Id": 277.0, "Unidad": "V Delmatarum (1)", "Tipo": "Cohorte", "Provincia": "Mauretania Ting.", "X": 35.771725, "Y": -5.824992, "Num": 480.0, "Pedites": 480.0, "Equites": 0.0, "Localizaci": "Tingis", "Origo": "Dalmatas", "RoadKM": 29.0, "Off_RoadKM": 15.0, "ForceKM": 35.0, "EmergencyK": 60.0, "1HKM": 0.0, "2HKM": 0.0, "3HKM": 0.0, "4HKM": 0.0, "5HKM": 0.0, "Tribuni": 0.0, "Legati": 0.0 }, "geometry": { "type": "Point", "coordinates": [ -5.824992, 35.771725 ] } },
{ "type": "Feature", "properties": { "Id": 278.0, "Unidad": "V Gallorum Eq", "Tipo": "Cohorte", "Provincia": "Moesia Superior", "X": 44.756066, "Y": 21.569425, "Num": 480.0, "Pedites": 480.0, "Equites": 0.0, "Localizaci": "Pojejena", "Origo": "Bracari", "RoadKM": 29.0, "Off_RoadKM": 15.0, "ForceKM": 35.0, "EmergencyK": 60.0, "1HKM": 0.0, "2HKM": 0.0, "3HKM": 0.0, "4HKM": 0.0, "5HKM": 0.0, "Tribuni": 0.0, "Legati": 0.0 }, "geometry": { "type": "Point", "coordinates": [ 21.569425, 44.756066 ] } },
{ "type": "Feature", "properties": { "Id": 279.0, "Unidad": "V Gallorum Eq", "Tipo": "Cohorte Equitata", "Provincia": "Britannia", "X": 55.004410329199999, "Y": -1.4308976713, "Num": 600.0, "Pedites": 480.0, "Equites": 120.0, "Localizaci": "Arbeiaÿ", "Origo": "Galos", "RoadKM": 29.0, "Off_RoadKM": 15.0, "ForceKM": 35.0, "EmergencyK": 60.0, "1HKM": 0.0, "2HKM": 0.0, "3HKM": 0.0, "4HKM": 0.0, "5HKM": 0.0, "Tribuni": 0.0, "Legati": 0.0 }, "geometry": { "type": "Point", "coordinates": [ -1.4308976713, 55.004410329199999 ] } },
{ "type": "Feature", "properties": { "Id": 280.0, "Unidad": "V Lingonum", "Tipo": "Cohorte", "Provincia": "Dacia", "X": 47.179329, "Y": 23.156733, "Num": 480.0, "Pedites": 480.0, "Equites": 0.0, "Localizaci": "Moigrad", "Origo": "Lingones", "RoadKM": 29.0, "Off_RoadKM": 15.0, "ForceKM": 35.0, "EmergencyK": 60.0, "1HKM": 0.0, "2HKM": 0.0, "3HKM": 0.0, "4HKM": 0.0, "5HKM": 0.0, "Tribuni": 0.0, "Legati": 0.0 }, "geometry": { "type": "Point", "coordinates": [ 23.156733, 47.179329 ] } },
{ "type": "Feature", "properties": { "Id": 281.0, "Unidad": "V Macedonica", "Tipo": "Legi¢n", "Provincia": "Moesia Inf", "X": 45.153802, "Y": 28.1920735, "Num": 5200.0, "Pedites": 5200.0, "Equites": 120.0, "Localizaci": "Troesmis", "Origo": "Legio", "RoadKM": 29.0, "Off_RoadKM": 15.0, "ForceKM": 35.0, "EmergencyK": 60.0, "1HKM": 0.0, "2HKM": 0.0, "3HKM": 0.0, "4HKM": 0.0, "5HKM": 0.0, "Tribuni": 2.0, "Legati": 5.0 }, "geometry": { "type": "Point", "coordinates": [ 28.1920735, 45.153802 ] } },
{ "type": "Feature", "properties": { "Id": 282.0, "Unidad": "V Raetorum", "Tipo": "Cohorte", "Provincia": "Britannia", "X": 54.994870256900001, "Y": -2.4644963370599999, "Num": 480.0, "Pedites": 480.0, "Equites": 0.0, "Localizaci": "Great Chesters", "Origo": "Raetos", "RoadKM": 29.0, "Off_RoadKM": 15.0, "ForceKM": 35.0, "EmergencyK": 60.0, "1HKM": 0.0, "2HKM": 0.0, "3HKM": 0.0, "4HKM": 0.0, "5HKM": 0.0, "Tribuni": 0.0, "Legati": 0.0 }, "geometry": { "type": "Point", "coordinates": [ -2.46449633706, 54.994870256900001 ] } },
{ "type": "Feature", "properties": { "Id": 283.0, "Unidad": "Vettonum Hispanorum c.R Alae", "Tipo": "Alae", "Provincia": "Britannia", "X": 55.036649, "Y": -2.945877, "Num": 480.0, "Pedites": 0.0, "Equites": 480.0, "Localizaci": "Netherby", "Origo": "Hispanos", "RoadKM": 29.0, "Off_RoadKM": 15.0, "ForceKM": 35.0, "EmergencyK": 60.0, "1HKM": 0.0, "2HKM": 0.0, "3HKM": 0.0, "4HKM": 0.0, "5HKM": 0.0, "Tribuni": 0.0, "Legati": 0.0 }, "geometry": { "type": "Point", "coordinates": [ -2.945877, 55.036649 ] } },
{ "type": "Feature", "properties": { "Id": 284.0, "Unidad": "VI Breucorum", "Tipo": "Cohorte", "Provincia": "Germania Inferior", "X": 52.128434, "Y": 4.658012, "Num": 480.0, "Pedites": 480.0, "Equites": 0.0, "Localizaci": "Alphen aan den Rijn", "Origo": "Breuci", "RoadKM": 29.0, "Off_RoadKM": 15.0, "ForceKM": 35.0, "EmergencyK": 60.0, "1HKM": 0.0, "2HKM": 0.0, "3HKM": 0.0, "4HKM": 0.0, "5HKM": 0.0, "Tribuni": 0.0, "Legati": 0.0 }, "geometry": { "type": "Point", "coordinates": [ 4.658012, 52.128434 ] } },
{ "type": "Feature", "properties": { "Id": 285.0, "Unidad": "VI Brittonum", "Tipo": "Cohorte Equitata", "Provincia": "Germania Inferior", "X": 52.03998, "Y": 4.202891, "Num": 600.0, "Pedites": 480.0, "Equites": 120.0, "Localizaci": "Ockenburgh", "Origo": "Britanos", "RoadKM": 29.0, "Off_RoadKM": 15.0, "ForceKM": 35.0, "EmergencyK": 60.0, "1HKM": 0.0, "2HKM": 0.0, "3HKM": 0.0, "4HKM": 0.0, "5HKM": 0.0, "Tribuni": 0.0, "Legati": 0.0 }, "geometry": { "type": "Point", "coordinates": [ 4.202891, 52.03998 ] } },
{ "type": "Feature", "properties": { "Id": 286.0, "Unidad": "VI Commagenorum Eq", "Tipo": "Cohorte Equitata", "Provincia": "Mauretania Caes.", "X": 35.4897275, "Y": 6.2573565, "Num": 600.0, "Pedites": 480.0, "Equites": 120.0, "Localizaci": "Lambaesis", "Origo": "Commagene", "RoadKM": 29.0, "Off_RoadKM": 15.0, "ForceKM": 35.0, "EmergencyK": 60.0, "1HKM": 0.0, "2HKM": 0.0, "3HKM": 0.0, "4HKM": 0.0, "5HKM": 0.0, "Tribuni": 0.0, "Legati": 0.0 }, "geometry": { "type": "Point", "coordinates": [ 6.2573565, 35.4897275 ] } },
{ "type": "Feature", "properties": { "Id": 287.0, "Unidad": "VI Delmatarum", "Tipo": "Cohorte Equitata", "Provincia": "Mauretania Caes.", "X": 36.607058, "Y": 2.1918495, "Num": 600.0, "Pedites": 480.0, "Equites": 120.0, "Localizaci": "Cherchel", "Origo": "Dalmatas", "RoadKM": 29.0, "Off_RoadKM": 15.0, "ForceKM": 35.0, "EmergencyK": 60.0, "1HKM": 0.0, "2HKM": 0.0, "3HKM": 0.0, "4HKM": 0.0, "5HKM": 0.0, "Tribuni": 0.0, "Legati": 0.0 }, "geometry": { "type": "Point", "coordinates": [ 2.1918495, 36.607058 ] } },
{ "type": "Feature", "properties": { "Id": 288.0, "Unidad": "VI Ferrata", "Tipo": "Legi¢n", "Provincia": "Syriae", "X": 32.8520335, "Y": 36.1993396, "Num": 5200.0, "Pedites": 5200.0, "Equites": 120.0, "Localizaci": "Raphana", "Origo": "Legio", "RoadKM": 29.0, "Off_RoadKM": 15.0, "ForceKM": 35.0, "EmergencyK": 60.0, "1HKM": 0.0, "2HKM": 0.0, "3HKM": 0.0, "4HKM": 0.0, "5HKM": 0.0, "Tribuni": 1.0, "Legati": 2.0 }, "geometry": { "type": "Point", "coordinates": [ 36.1993396, 32.8520335 ] } },
{ "type": "Feature", "properties": { "Id": 289.0, "Unidad": "VI Hispanorum", "Tipo": "Cohorte", "Provincia": "Arabia", "X": 30.604052, "Y": 34.938217, "Num": 480.0, "Pedites": 480.0, "Equites": 0.0, "Localizaci": "Ein Saharonim", "Origo": "Hispanos", "RoadKM": 29.0, "Off_RoadKM": 15.0, "ForceKM": 35.0, "EmergencyK": 60.0, "1HKM": 0.0, "2HKM": 0.0, "3HKM": 0.0, "4HKM": 0.0, "5HKM": 0.0, "Tribuni": 0.0, "Legati": 0.0 }, "geometry": { "type": "Point", "coordinates": [ 34.938217, 30.604052 ] } },
{ "type": "Feature", "properties": { "Id": 290.0, "Unidad": "VI Ingenuorum", "Tipo": "Cohorte", "Provincia": "Germania Inferior", "X": 50.939015, "Y": 6.970428, "Num": 480.0, "Pedites": 480.0, "Equites": 0.0, "Localizaci": "K”ln", "Origo": "Marineros", "RoadKM": 0.0, "Off_RoadKM": 0.0, "ForceKM": 0.0, "EmergencyK": 0.0, "1HKM": 0.0, "2HKM": 0.0, "3HKM": 0.0, "4HKM": 0.0, "5HKM": 0.0, "Tribuni": 0.0, "Legati": 0.0 }, "geometry": { "type": "Point", "coordinates": [ 6.970428, 50.939015 ] } },
{ "type": "Feature", "properties": { "Id": 291.0, "Unidad": "VI Lusitanorum", "Tipo": "Cohorte", "Provincia": "Raetia", "X": 48.668964, "Y": 13.079326, "Num": 480.0, "Pedites": 480.0, "Equites": 0.0, "Localizaci": "Knzing", "Origo": "Lusitanos", "RoadKM": 29.0, "Off_RoadKM": 15.0, "ForceKM": 35.0, "EmergencyK": 60.0, "1HKM": 0.0, "2HKM": 0.0, "3HKM": 0.0, "4HKM": 0.0, "5HKM": 0.0, "Tribuni": 0.0, "Legati": 0.0 }, "geometry": { "type": "Point", "coordinates": [ 13.079326, 48.668964 ] } },
{ "type": "Feature", "properties": { "Id": 292.0, "Unidad": "VI Raetorum", "Tipo": "Cohorte", "Provincia": "Germania Inferior", "X": 47.478495, "Y": 8.220205, "Num": 480.0, "Pedites": 480.0, "Equites": 0.0, "Localizaci": "Vindonissa", "Origo": "Raetos", "RoadKM": 29.0, "Off_RoadKM": 15.0, "ForceKM": 35.0, "EmergencyK": 60.0, "1HKM": 0.0, "2HKM": 0.0, "3HKM": 0.0, "4HKM": 0.0, "5HKM": 0.0, "Tribuni": 0.0, "Legati": 0.0 }, "geometry": { "type": "Point", "coordinates": [ 8.220205, 47.478495 ] } },
{ "type": "Feature", "properties": { "Id": 293.0, "Unidad": "VI Thracum", "Tipo": "Cohorte Equitata", "Provincia": "Dacia", "X": 46.986085, "Y": 23.251666, "Num": 600.0, "Pedites": 480.0, "Equites": 120.0, "Localizaci": "Optatiana", "Origo": "Tracios", "RoadKM": 29.0, "Off_RoadKM": 15.0, "ForceKM": 35.0, "EmergencyK": 60.0, "1HKM": 0.0, "2HKM": 0.0, "3HKM": 0.0, "4HKM": 0.0, "5HKM": 0.0, "Tribuni": 0.0, "Legati": 0.0 }, "geometry": { "type": "Point", "coordinates": [ 23.251666, 46.986085 ] } },
{ "type": "Feature", "properties": { "Id": 294.0, "Unidad": "VI Victrix", "Tipo": "Legi¢n", "Provincia": "Britannia", "X": 53.957672, "Y": -1.082304, "Num": 5200.0, "Pedites": 5200.0, "Equites": 120.0, "Localizaci": "Eboracum", "Origo": "Legio", "RoadKM": 29.0, "Off_RoadKM": 15.0, "ForceKM": 35.0, "EmergencyK": 60.0, "1HKM": 0.0, "2HKM": 0.0, "3HKM": 0.0, "4HKM": 0.0, "5HKM": 0.0, "Tribuni": 2.0, "Legati": 3.0 }, "geometry": { "type": "Point", "coordinates": [ -1.082304, 53.957672 ] } },
{ "type": "Feature", "properties": { "Id": 295.0, "Unidad": "VII  Breucorum", "Tipo": "Cohorte", "Provincia": "Moesia Inf", "X": 44.7266235, "Y": 21.1913635, "Num": 480.0, "Pedites": 480.0, "Equites": 0.0, "Localizaci": "Viminaciu,", "Origo": "Breuci", "RoadKM": 29.0, "Off_RoadKM": 15.0, "ForceKM": 35.0, "EmergencyK": 60.0, "1HKM": 0.0, "2HKM": 0.0, "3HKM": 0.0, "4HKM": 0.0, "5HKM": 0.0, "Tribuni": 0.0, "Legati": 0.0 }, "geometry": { "type": "Point", "coordinates": [ 21.1913635, 44.7266235 ] } },
{ "type": "Feature", "properties": { "Id": 296.0, "Unidad": "VII Augusta", "Tipo": "Legi¢n", "Provincia": "Germania Superior", "X": 48.582416, "Y": 7.747407, "Num": 5200.0, "Pedites": 5200.0, "Equites": 120.0, "Localizaci": "Argentorate", "Origo": "Legio", "RoadKM": 29.0, "Off_RoadKM": 15.0, "ForceKM": 35.0, "EmergencyK": 60.0, "1HKM": 0.0, "2HKM": 0.0, "3HKM": 0.0, "4HKM": 0.0, "5HKM": 0.0, "Tribuni": 3.0, "Legati": 1.0 }, "geometry": { "type": "Point", "coordinates": [ 7.747407, 48.582416 ] } },
{ "type": "Feature", "properties": { "Id": 297.0, "Unidad": "VII Claudia", "Tipo": "Legi¢n", "Provincia": "Moesia Sup", "X": 44.7266235, "Y": 21.1913635, "Num": 5200.0, "Pedites": 5200.0, "Equites": 120.0, "Localizaci": "Viminacium", "Origo": "Legio", "RoadKM": 29.0, "Off_RoadKM": 15.0, "ForceKM": 35.0, "EmergencyK": 60.0, "1HKM": 0.0, "2HKM": 0.0, "3HKM": 0.0, "4HKM": 0.0, "5HKM": 0.0, "Tribuni": 1.0, "Legati": 1.0 }, "geometry": { "type": "Point", "coordinates": [ 21.1913635, 44.7266235 ] } },
{ "type": "Feature", "properties": { "Id": 298.0, "Unidad": "VII Delmatarum", "Tipo": "Cohorte Equitata", "Provincia": "Mauretania Caes.", "X": 36.607058, "Y": 2.1918495, "Num": 600.0, "Pedites": 480.0, "Equites": 120.0, "Localizaci": "Cherchel", "Origo": "Dalmatas", "RoadKM": 29.0, "Off_RoadKM": 15.0, "ForceKM": 35.0, "EmergencyK": 60.0, "1HKM": 0.0, "2HKM": 0.0, "3HKM": 0.0, "4HKM": 0.0, "5HKM": 0.0, "Tribuni": 0.0, "Legati": 0.0 }, "geometry": { "type": "Point", "coordinates": [ 2.1918495, 36.607058 ] } },
{ "type": "Feature", "properties": { "Id": 299.0, "Unidad": "VII Gallorum", "Tipo": "Cohorte", "Provincia": "Syriae", "X": 34.025421, "Y": 36.734612, "Num": 480.0, "Pedites": 480.0, "Equites": 0.0, "Localizaci": "Hatne", "Origo": "Galos", "RoadKM": 29.0, "Off_RoadKM": 15.0, "ForceKM": 35.0, "EmergencyK": 60.0, "1HKM": 0.0, "2HKM": 0.0, "3HKM": 0.0, "4HKM": 0.0, "5HKM": 0.0, "Tribuni": 0.0, "Legati": 0.0 }, "geometry": { "type": "Point", "coordinates": [ 36.734612, 34.025421 ] } },
{ "type": "Feature", "properties": { "Id": 300.0, "Unidad": "VII Gemina", "Tipo": "Legi¢n", "Provincia": "Tarraconenis", "X": 42.5996765, "Y": -5.569203, "Num": 5200.0, "Pedites": 5200.0, "Equites": 120.0, "Localizaci": "Legio", "Origo": "Legio", "RoadKM": 29.0, "Off_RoadKM": 15.0, "ForceKM": 35.0, "EmergencyK": 60.0, "1HKM": 0.0, "2HKM": 0.0, "3HKM": 0.0, "4HKM": 0.0, "5HKM": 0.0, "Tribuni": 4.0, "Legati": 4.0 }, "geometry": { "type": "Point", "coordinates": [ -5.569203, 42.5996765 ] } },
{ "type": "Feature", "properties": { "Id": 301.0, "Unidad": "VII Lusitanorum", "Tipo": "Cohorte Equitata", "Provincia": "Mauretania Caes.", "X": 35.252593, "Y": 7.360693, "Num": 600.0, "Pedites": 480.0, "Equites": 120.0, "Localizaci": "Ouled Rechache", "Origo": "Lusitanos", "RoadKM": 29.0, "Off_RoadKM": 15.0, "ForceKM": 35.0, "EmergencyK": 60.0, "1HKM": 0.0, "2HKM": 0.0, "3HKM": 0.0, "4HKM": 0.0, "5HKM": 0.0, "Tribuni": 0.0, "Legati": 0.0 }, "geometry": { "type": "Point", "coordinates": [ 7.360693, 35.252593 ] } },
{ "type": "Feature", "properties": { "Id": 302.0, "Unidad": "VII Raetorum c.R Eq.", "Tipo": "Cohorte Equitata", "Provincia": "Germania Superior", "X": 49.912773, "Y": 9.139083, "Num": 600.0, "Pedites": 480.0, "Equites": 120.0, "Localizaci": "Niedernberg", "Origo": "Raetos", "RoadKM": 29.0, "Off_RoadKM": 15.0, "ForceKM": 35.0, "EmergencyK": 60.0, "1HKM": 0.0, "2HKM": 0.0, "3HKM": 0.0, "4HKM": 0.0, "5HKM": 0.0, "Tribuni": 0.0, "Legati": 0.0 }, "geometry": { "type": "Point", "coordinates": [ 9.139083, 49.912773 ] } },
{ "type": "Feature", "properties": { "Id": 303.0, "Unidad": "VII Thracum Eq.", "Tipo": "Cohorte Equitata", "Provincia": "Britannia", "X": 54.521408146600002, "Y": -2.3236738050499999, "Num": 600.0, "Pedites": 480.0, "Equites": 120.0, "Localizaci": "Verteris", "Origo": "Tracios", "RoadKM": 29.0, "Off_RoadKM": 15.0, "ForceKM": 35.0, "EmergencyK": 60.0, "1HKM": 0.0, "2HKM": 0.0, "3HKM": 0.0, "4HKM": 0.0, "5HKM": 0.0, "Tribuni": 0.0, "Legati": 0.0 }, "geometry": { "type": "Point", "coordinates": [ -2.32367380505, 54.521408146600002 ] } },
{ "type": "Feature", "properties": { "Id": 304.0, "Unidad": "VIII  Breucorum", "Tipo": "Cohorte Equitata", "Provincia": "Germania Inferior", "X": 50.939014, "Y": 6.970428, "Num": 600.0, "Pedites": 480.0, "Equites": 120.0, "Localizaci": "K”ln", "Origo": "Breuci", "RoadKM": 29.0, "Off_RoadKM": 15.0, "ForceKM": 35.0, "EmergencyK": 60.0, "1HKM": 0.0, "2HKM": 0.0, "3HKM": 0.0, "4HKM": 0.0, "5HKM": 0.0, "Tribuni": 0.0, "Legati": 0.0 }, "geometry": { "type": "Point", "coordinates": [ 6.970428, 50.939014 ] } },
{ "type": "Feature", "properties": { "Id": 305.0, "Unidad": "VIII Raetorum c.R Eq.", "Tipo": "Cohorte Equitata", "Provincia": "Dacia", "X": 46.558347, "Y": 25.131291, "Num": 600.0, "Pedites": 480.0, "Equites": 120.0, "Localizaci": "Kreis Harghita", "Origo": "Raetos", "RoadKM": 29.0, "Off_RoadKM": 15.0, "ForceKM": 35.0, "EmergencyK": 60.0, "1HKM": 0.0, "2HKM": 0.0, "3HKM": 0.0, "4HKM": 0.0, "5HKM": 0.0, "Tribuni": 0.0, "Legati": 0.0 }, "geometry": { "type": "Point", "coordinates": [ 25.131291, 46.558347 ] } },
{ "type": "Feature", "properties": { "Id": 306.0, "Unidad": "X Fretensis", "Tipo": "Legi¢n", "Provincia": "Iudea", "X": 31.776679, "Y": 35.234156, "Num": 5200.0, "Pedites": 5200.0, "Equites": 120.0, "Localizaci": "Aelia Capitolina", "Origo": "Legio", "RoadKM": 29.0, "Off_RoadKM": 15.0, "ForceKM": 35.0, "EmergencyK": 60.0, "1HKM": 0.0, "2HKM": 0.0, "3HKM": 0.0, "4HKM": 0.0, "5HKM": 0.0, "Tribuni": 2.0, "Legati": 1.0 }, "geometry": { "type": "Point", "coordinates": [ 35.234156, 31.776679 ] } },
{ "type": "Feature", "properties": { "Id": 307.0, "Unidad": "X Gemina", "Tipo": "Legi¢n", "Provincia": "Pannonia Superior", "X": 48.211345, "Y": 16.373946, "Num": 5200.0, "Pedites": 5200.0, "Equites": 120.0, "Localizaci": "Vindobona", "Origo": "Legio", "RoadKM": 29.0, "Off_RoadKM": 15.0, "ForceKM": 35.0, "EmergencyK": 60.0, "1HKM": 0.0, "2HKM": 0.0, "3HKM": 0.0, "4HKM": 0.0, "5HKM": 0.0, "Tribuni": 1.0, "Legati": 1.0 }, "geometry": { "type": "Point", "coordinates": [ 16.373946, 48.211345 ] } },
{ "type": "Feature", "properties": { "Id": 308.0, "Unidad": "XI Claudia", "Tipo": "Legi¢n", "Provincia": "Moesia Inf", "X": 44.119108, "Y": 27.260103, "Num": 5200.0, "Pedites": 5200.0, "Equites": 120.0, "Localizaci": "Durostorum", "Origo": "Legio", "RoadKM": 29.0, "Off_RoadKM": 15.0, "ForceKM": 35.0, "EmergencyK": 60.0, "1HKM": 0.0, "2HKM": 0.0, "3HKM": 0.0, "4HKM": 0.0, "5HKM": 0.0, "Tribuni": 2.0, "Legati": 1.0 }, "geometry": { "type": "Point", "coordinates": [ 27.260103, 44.119108 ] } },
{ "type": "Feature", "properties": { "Id": 309.0, "Unidad": "XII Fulminanta", "Tipo": "Legi¢n", "Provincia": "Cappadocia", "X": 38.382217, "Y": 38.361152, "Num": 5200.0, "Pedites": 5200.0, "Equites": 120.0, "Localizaci": "Melitene", "Origo": "Legio", "RoadKM": 29.0, "Off_RoadKM": 15.0, "ForceKM": 35.0, "EmergencyK": 60.0, "1HKM": 0.0, "2HKM": 0.0, "3HKM": 0.0, "4HKM": 0.0, "5HKM": 0.0, "Tribuni": 2.0, "Legati": 1.0 }, "geometry": { "type": "Point", "coordinates": [ 38.361152, 38.382217 ] } },
{ "type": "Feature", "properties": { "Id": 310.0, "Unidad": "XIII Gemina", "Tipo": "Legi¢n", "Provincia": "Dacia", "X": 46.066695, "Y": 23.572315, "Num": 5200.0, "Pedites": 5200.0, "Equites": 120.0, "Localizaci": "Apulum", "Origo": "Legio", "RoadKM": 29.0, "Off_RoadKM": 15.0, "ForceKM": 35.0, "EmergencyK": 60.0, "1HKM": 0.0, "2HKM": 0.0, "3HKM": 0.0, "4HKM": 0.0, "5HKM": 0.0, "Tribuni": 1.0, "Legati": 4.0 }, "geometry": { "type": "Point", "coordinates": [ 23.572315, 46.066695 ] } },
{ "type": "Feature", "properties": { "Id": 311.0, "Unidad": "XIV Gemina", "Tipo": "Legi¢n", "Provincia": "Pannonia Superior", "X": 48.113346, "Y": 16.867891, "Num": 5200.0, "Pedites": 5200.0, "Equites": 120.0, "Localizaci": "Carnuntum", "Origo": "Legio", "RoadKM": 29.0, "Off_RoadKM": 15.0, "ForceKM": 35.0, "EmergencyK": 60.0, "1HKM": 0.0, "2HKM": 0.0, "3HKM": 0.0, "4HKM": 0.0, "5HKM": 0.0, "Tribuni": 1.0, "Legati": 7.0 }, "geometry": { "type": "Point", "coordinates": [ 16.867891, 48.113346 ] } },
{ "type": "Feature", "properties": { "Id": 312.0, "Unidad": "XV Apollinaris", "Tipo": "Legi¢n", "Provincia": "Cappadocia", "X": 40.027787, "Y": 39.597934, "Num": 5200.0, "Pedites": 5200.0, "Equites": 120.0, "Localizaci": "Satala", "Origo": "Legio", "RoadKM": 29.0, "Off_RoadKM": 15.0, "ForceKM": 35.0, "EmergencyK": 60.0, "1HKM": 0.0, "2HKM": 0.0, "3HKM": 0.0, "4HKM": 0.0, "5HKM": 0.0, "Tribuni": 1.0, "Legati": 1.0 }, "geometry": { "type": "Point", "coordinates": [ 39.597934, 40.027787 ] } },
{ "type": "Feature", "properties": { "Id": 313.0, "Unidad": "XV Voluntariorum c.R", "Tipo": "Cohorte", "Provincia": "Germania Inferior", "X": 35.809695, "Y": -5.373175, "Num": 480.0, "Pedites": 480.0, "Equites": 0.0, "Localizaci": "Matilo", "Origo": "Romanos", "RoadKM": 29.0, "Off_RoadKM": 15.0, "ForceKM": 35.0, "EmergencyK": 60.0, "1HKM": 0.0, "2HKM": 0.0, "3HKM": 0.0, "4HKM": 0.0, "5HKM": 0.0, "Tribuni": 0.0, "Legati": 0.0 }, "geometry": { "type": "Point", "coordinates": [ -5.373175, 35.809695 ] } },
{ "type": "Feature", "properties": { "Id": 314.0, "Unidad": "XVI Flavia Firma", "Tipo": "Legi¢n", "Provincia": "Syriae", "X": 37.525756, "Y": 38.530357, "Num": 5200.0, "Pedites": 5200.0, "Equites": 120.0, "Localizaci": "Samosata", "Origo": "Legio", "RoadKM": 29.0, "Off_RoadKM": 15.0, "ForceKM": 35.0, "EmergencyK": 60.0, "1HKM": 0.0, "2HKM": 0.0, "3HKM": 0.0, "4HKM": 0.0, "5HKM": 0.0, "Tribuni": 1.0, "Legati": 3.0 }, "geometry": { "type": "Point", "coordinates": [ 38.530357, 37.525756 ] } },
{ "type": "Feature", "properties": { "Id": 315.0, "Unidad": "XVIII voluntariorum c.R", "Tipo": "Cohorte", "Provincia": "Pannonia Inferior", "X": 47.7826585, "Y": 19.0549645, "Num": 480.0, "Pedites": 480.0, "Equites": 0.0, "Localizaci": "Dunabogdany", "Origo": "Romanos", "RoadKM": 29.0, "Off_RoadKM": 15.0, "ForceKM": 35.0, "EmergencyK": 60.0, "1HKM": 0.0, "2HKM": 0.0, "3HKM": 0.0, "4HKM": 0.0, "5HKM": 0.0, "Tribuni": 0.0, "Legati": 0.0 }, "geometry": { "type": "Point", "coordinates": [ 19.0549645, 47.7826585 ] } },
{ "type": "Feature", "properties": { "Id": 316.0, "Unidad": "XX Valeria", "Tipo": "Legi¢n", "Provincia": "Britannia", "X": 53.1914685, "Y": -2.8939425, "Num": 5200.0, "Pedites": 5200.0, "Equites": 120.0, "Localizaci": "Deva", "Origo": "Legio", "RoadKM": 29.0, "Off_RoadKM": 15.0, "ForceKM": 35.0, "EmergencyK": 60.0, "1HKM": 0.0, "2HKM": 0.0, "3HKM": 0.0, "4HKM": 0.0, "5HKM": 0.0, "Tribuni": 1.0, "Legati": 1.0 }, "geometry": { "type": "Point", "coordinates": [ -2.8939425, 53.1914685 ] } },
{ "type": "Feature", "properties": { "Id": 317.0, "Unidad": "XXII Deioterana", "Tipo": "Legi¢n", "Provincia": "Egipto", "X": 31.201435, "Y": 29.909773, "Num": 5200.0, "Pedites": 5200.0, "Equites": 120.0, "Localizaci": "Alexandria", "Origo": "Legio", "RoadKM": 29.0, "Off_RoadKM": 15.0, "ForceKM": 35.0, "EmergencyK": 60.0, "1HKM": 0.0, "2HKM": 0.0, "3HKM": 0.0, "4HKM": 0.0, "5HKM": 0.0, "Tribuni": 1.0, "Legati": 1.0 }, "geometry": { "type": "Point", "coordinates": [ 29.909773, 31.201435 ] } },
{ "type": "Feature", "properties": { "Id": 318.0, "Unidad": "XXII Primigenia", "Tipo": "Legi¢n", "Provincia": "Germania Superior", "X": 49.998912, "Y": 8.273869, "Num": 5200.0, "Pedites": 5200.0, "Equites": 120.0, "Localizaci": "Mogontiacum", "Origo": "Legio", "RoadKM": 29.0, "Off_RoadKM": 15.0, "ForceKM": 35.0, "EmergencyK": 60.0, "1HKM": 0.0, "2HKM": 0.0, "3HKM": 0.0, "4HKM": 0.0, "5HKM": 0.0, "Tribuni": 2.0, "Legati": 1.0 }, "geometry": { "type": "Point", "coordinates": [ 8.273869, 49.998912 ] } },
{ "type": "Feature", "properties": { "Id": 319.0, "Unidad": "XXX Ulpia", "Tipo": "Legi¢n", "Provincia": "Germania Inferior", "X": 51.646389, "Y": 6.469989, "Num": 5200.0, "Pedites": 5200.0, "Equites": 120.0, "Localizaci": "Castra Vetera", "Origo": "Legio", "RoadKM": 29.0, "Off_RoadKM": 15.0, "ForceKM": 35.0, "EmergencyK": 60.0, "1HKM": 0.0, "2HKM": 0.0, "3HKM": 0.0, "4HKM": 0.0, "5HKM": 0.0, "Tribuni": 1.0, "Legati": 3.0 }, "geometry": { "type": "Point", "coordinates": [ 6.469989, 51.646389 ] } }
]
}
